id,version,locale,title,species,category,scope,user_phrases,owner_observable_signs,source_supported_simple_facts,questions_to_ask,safe_next_step,red_flags,retrieval_text,evidence,license_policy,commercial_use_allowed,repair_status,release_gate,review_required,index_tier,production_eligible,content_hash
OS-GI-001,1.6.0-open-mvp-truth-repair-draft,zh-CN,犬突然出现轻度腹泻,"[""dog""]",gastrointestinal,simple_owner_question,"[""狗今天拉稀"", ""突然软便""]","[""突然出现软便或稀便"", ""目前精神和饮水基本正常""]","[""急性腹泻是犬常见就诊问题"", ""严重程度需要结合全身状态、呕吐和便血判断""]","[""大便中是否带血或呈黑色？"", ""是否出现呕吐？"", ""今天腹泻了几次？""]",记录粪便次数、颜色和照片；保证饮水；若出现任一红旗表现，请立即线下就诊；若症状持续或伴随全身症状，也应及时线下检查。,"[""频繁水样腹泻"", ""便血或黑便"", ""反复呕吐"", ""精神明显下降"", ""幼犬或疫苗不全"", ""明显腹痛或腹部胀大"", ""眼窝凹陷或皮肤回弹差等脱水迹象""]",犬突然出现轻度腹泻；狗今天拉稀；突然软便；突然出现软便或稀便；目前精神和饮水基本正常；急性腹泻是犬常见就诊问题；严重程度需要结合全身状态、呕吐和便血判断；频繁水样腹泻；便血或黑便；反复呕吐；精神明显下降；幼犬或疫苗不全；明显腹痛或腹部胀大；眼窝凹陷或皮肤回弹差等脱水迹象,"[{""source_id"": ""PMC12156985"", ""title"": ""Epidemiology and clinical management of acute diarrhoea in dogs under primary veterinary care in the UK"", ""url"": ""https://pmc.ncbi.nlm.nih.gov/articles/PMC12156985/"", ""license"": ""CC BY 4.0"", ""page_or_section"": ""Abstract"", ""verification_status"": ""source_identity_license_and_locator_verified_2026-08-12; veterinary_claim_review_pending"", ""support_note"": ""中文内容为保守概括；来源用于支持主题、物种和风险边界，不代表个体诊断。"", ""change_note"": ""已在 v1.4 核对来源身份、商业许可、题名和定位；未逐字复制。""}, {""source_id"": ""PMC7465157"", ""title"": ""Acute Diarrhea in Dogs: Current Management and Potential Role of Dietary Polyphenols Supplementation"", ""url"": ""https://pmc.ncbi.nlm.nih.gov/articles/PMC7465157/"", ""license"": ""CC BY 4.0"", ""page_or_section"": ""Abstract"", ""verification_status"": ""source_identity_license_and_locator_verified_2026-08-12; veterinary_claim_review_pending"", ""support_note"": ""中文内容为保守概括；来源用于支持主题、物种和风险边界，不代表个体诊断。"", ""change_note"": ""已在 v1.4 核对来源身份、商业许可、题名和定位；未逐字复制。""}]",Only verified CC BY/CC0 evidence is retained; attribution and change notices are mandatory.,true,adversarial_review_fixes_applied_v1_6,blocked_pending_mainland_China_licensed_veterinarian_review,true,test,false,e8bd9d3e6ec06095b27bc841f4dd932cc9fc592ec67b9cdcfdbb21ed90131f90
OS-GI-002,1.6.0-open-mvp-truth-repair-draft,zh-CN,犬腹泻时需要记录哪些信息,"[""dog""]",gastrointestinal,simple_owner_question,"[""狗拉稀要观察什么"", ""腹泻怎么判断严重""]","[""粪便次数、形态和颜色发生变化""]","[""病史和全身状态是评估急性腹泻严重程度的重要部分"", ""幼龄、高龄或已有疾病的犬需要更谨慎""]","[""犬的年龄是多大？疫苗接种是否完成？"", ""犬是否有既往疾病或正在长期用药？"", ""除腹泻外，犬还出现了哪些其他表现（如频繁呕吐、腹部按压疼痛等）？""]",记录时间、次数、粪便照片、饮食变化和伴随症状，供兽医判断。若出现上述任一红旗表现，请立即联系兽医或前往急诊。,"[""脱水或虚弱"", ""无法饮水"", ""腹部明显疼痛"", ""幼犬未完成免疫且腹泻"", ""血便/黑便/呕血"", ""频繁呕吐"", ""精神沉郁/虚脱""]",犬腹泻时需要记录哪些信息；狗拉稀要观察什么；腹泻怎么判断严重；粪便次数、形态和颜色发生变化；病史和全身状态是评估急性腹泻严重程度的重要部分；幼龄、高龄或已有疾病的犬需要更谨慎；脱水或虚弱；无法饮水；腹部明显疼痛；幼犬未完成免疫且腹泻；血便/黑便/呕血；频繁呕吐；精神沉郁/虚脱,"[{""source_id"": ""PMC12156985"", ""title"": ""Epidemiology and clinical management of acute diarrhoea in dogs under primary veterinary care in the UK"", ""url"": ""https://pmc.ncbi.nlm.nih.gov/articles/PMC12156985/"", ""license"": ""CC BY 4.0"", ""page_or_section"": ""Abstract"", ""verification_status"": ""source_identity_license_and_locator_verified_2026-08-12; veterinary_claim_review_pending"", ""support_note"": ""中文内容为保守概括；来源用于支持主题、物种和风险边界，不代表个体诊断。"", ""change_note"": ""已在 v1.4 核对来源身份、商业许可、题名和定位；未逐字复制。""}]",Only verified CC BY/CC0 evidence is retained; attribution and change notices are mandatory.,true,adversarial_review_fixes_applied_v1_6,blocked_pending_mainland_China_licensed_veterinarian_review,true,test,false,0cca9bb72065cf99f97305fa205e99b166b374a9ff7c5c7b3406e7a54fe2b1f4
OS-GI-003,1.6.0-open-mvp-truth-repair-draft,zh-CN,犬腹泻是否可以自行用抗生素,"[""dog""]",gastrointestinal,simple_owner_question,"[""狗拉稀能吃抗生素吗"", ""要不要吃消炎药""]","[""急性腹泻""]","[""急性腹泻存在不同病因，是否需要抗菌药应由兽医结合全身情况判断"", ""不应仅凭稀便自行决定用药""]","[""它有没有发热表现，比如发抖、耳朵或腹部发烫？"", ""近期有没有用过任何药物或保健品，比如抗生素、止泻药、益生菌？"", ""腹泻大概持续多长时间了？""]",不要自行使用抗生素；若出现任一红旗表现（全身状态差、大量便血、反复呕吐、快速脱水），应立即就医或急诊；持续或严重时由兽医检查后决定。,"[""全身状态差"", ""大量便血"", ""反复呕吐"", ""快速脱水""]",犬腹泻是否可以自行用抗生素；狗拉稀能吃抗生素吗；要不要吃消炎药；急性腹泻；急性腹泻存在不同病因，是否需要抗菌药应由兽医结合全身情况判断；不应仅凭稀便自行决定用药；全身状态差；大量便血；反复呕吐；快速脱水,"[{""source_id"": ""PMC12156985"", ""title"": ""Epidemiology and clinical management of acute diarrhoea in dogs under primary veterinary care in the UK"", ""url"": ""https://pmc.ncbi.nlm.nih.gov/articles/PMC12156985/"", ""license"": ""CC BY 4.0"", ""page_or_section"": ""Abstract"", ""verification_status"": ""source_identity_license_and_locator_verified_2026-08-12; veterinary_claim_review_pending"", ""support_note"": ""中文内容为保守概括；来源用于支持主题、物种和风险边界，不代表个体诊断。"", ""change_note"": ""已在 v1.4 核对来源身份、商业许可、题名和定位；未逐字复制。""}, {""source_id"": ""PMC7465157"", ""title"": ""Acute Diarrhea in Dogs: Current Management and Potential Role of Dietary Polyphenols Supplementation"", ""url"": ""https://pmc.ncbi.nlm.nih.gov/articles/PMC7465157/"", ""license"": ""CC BY 4.0"", ""page_or_section"": ""Abstract"", ""verification_status"": ""source_identity_license_and_locator_verified_2026-08-12; veterinary_claim_review_pending"", ""support_note"": ""中文内容为保守概括；来源用于支持主题、物种和风险边界，不代表个体诊断。"", ""change_note"": ""已在 v1.4 核对来源身份、商业许可、题名和定位；未逐字复制。""}]",Only verified CC BY/CC0 evidence is retained; attribution and change notices are mandatory.,true,adversarial_review_fixes_applied_v1_6,blocked_pending_mainland_China_licensed_veterinarian_review,true,test,false,577913695c50e9f79ca9aaef92b3dad62d6076e85487c1793c5be1d89b57046a
OS-RESP-001,1.6.0-open-mvp-truth-repair-draft,zh-CN,猫打喷嚏并有鼻眼分泌物,"[""cat""]",respiratory,simple_owner_question,"[""猫打喷嚏流鼻涕"", ""猫眼鼻有分泌物""]","[""喷嚏"", ""鼻腔或眼部分泌物""]","[""这些表现可见于猫上呼吸道疾病"", ""仅凭外观无法判断是否为细菌感染或是否需要抗菌药""]","[""猫咪的鼻眼分泌物是清亮、浑浊还是带血？"", ""猫咪这些症状出现多久了？"", ""猫咪最近是否接种过疫苗？""]",若出现任一红标表现（张口呼吸、明显呼吸费力、完全不吃、精神差/嗜睡），请立即就医或急诊；否则可先保持环境通风、减少刺激性气味并监测食欲和呼吸，持续或加重时就医。,"[""张口呼吸"", ""明显呼吸费力"", ""完全不吃"", ""精神差/嗜睡（任何年龄）""]",猫打喷嚏并有鼻眼分泌物；猫打喷嚏流鼻涕；猫眼鼻有分泌物；喷嚏；鼻腔或眼部分泌物；这些表现可见于猫上呼吸道疾病；仅凭外观无法判断是否为细菌感染或是否需要抗菌药；张口呼吸；明显呼吸费力；完全不吃；幼猫精神差,"[{""source_id"": ""PMC11405337"", ""title"": ""Feline respiratory disease complex: insights into the role of viral and bacterial co-infections"", ""url"": ""https://pmc.ncbi.nlm.nih.gov/articles/PMC11405337/"", ""license"": ""CC BY 4.0"", ""page_or_section"": ""Abstract"", ""verification_status"": ""source_identity_license_and_locator_verified_2026-08-12; veterinary_claim_review_pending"", ""support_note"": ""中文内容为保守概括；来源用于支持主题、物种和风险边界，不代表个体诊断。"", ""change_note"": ""已在 v1.4 核对来源身份、商业许可、题名和定位；未逐字复制。""}]",Only verified CC BY/CC0 evidence is retained; attribution and change notices are mandatory.,true,adversarial_review_fixes_applied_v1_6,blocked_pending_mainland_China_licensed_veterinarian_review,true,test,false,3f79475ebb049cfe42453e6b0ad6cae3a121714615d5ea3252a88ac4695f7e9e
OS-RESP-002,1.6.0-open-mvp-truth-repair-draft,zh-CN,犬持续咳嗽,"[""dog""]",respiratory,simple_owner_question,"[""狗一直咳"", ""像卡住一样咳""]","[""重复咳嗽"", ""可能在兴奋、运动或夜间更明显""]","[""犬咳嗽可能涉及多种呼吸道原因"", ""是否使用抗菌药需要专业评估，不能仅凭咳嗽决定""]","[""咳嗽已经持续多久了？"", ""近期是否接触过大量犬只或去过寄养、美容等犬只聚集场所？""]",记录咳嗽视频和发生频率，避免剧烈运动；若出现呼吸费力、咳血、昏厥、舌头或牙龈颜色异常中的任一情况，请立即就医或急诊。,"[""呼吸费力"", ""咳血"", ""昏厥"", ""舌头或牙龈颜色异常""]",犬持续咳嗽；狗一直咳；像卡住一样咳；重复咳嗽；可能在兴奋、运动或夜间更明显；犬咳嗽可能涉及多种呼吸道原因；是否使用抗菌药需要专业评估，不能仅凭咳嗽决定；呼吸费力；咳血；昏厥；舌头或牙龈颜色异常,"[{""source_id"": ""PMC6483346"", ""title"": ""Canine infectious respiratory disease: New insights into the etiology and epidemiology of associated pathogens"", ""url"": ""https://pmc.ncbi.nlm.nih.gov/articles/PMC6483346/"", ""license"": ""CC BY 4.0"", ""page_or_section"": ""Abstract"", ""verification_status"": ""source_identity_license_and_locator_verified_2026-08-12; veterinary_claim_review_pending"", ""support_note"": ""中文内容为保守概括；来源用于支持主题、物种和风险边界，不代表个体诊断。"", ""change_note"": ""已在 v1.4 核对来源身份、商业许可、题名和定位；未逐字复制。""}]",Only verified CC BY/CC0 evidence is retained; attribution and change notices are mandatory.,true,adversarial_review_fixes_applied_v1_6,blocked_pending_mainland_China_licensed_veterinarian_review,true,test,false,468f97f6c56fc84d8bd3419d1c5de5662255c37106b64f681874a78cd9cd8fb6
OS-RESP-003,1.6.0-open-mvp-truth-repair-draft,zh-CN,猫狗呼吸道症状是否需要抗生素,"[""cat"", ""dog""]",respiratory,simple_owner_question,"[""打喷嚏要吃抗生素吗"", ""咳嗽能不能吃消炎药""]","[""喷嚏、咳嗽或分泌物""]","[""呼吸道疾病可能由病毒、细菌或非感染因素引起"", ""抗菌药选择需要结合诊断和严重程度""]","[""是否出现呼吸困难（如张口呼吸、呼吸费力、牙龈或舌头发紫）？"", ""整体状态是否在短时间内快速恶化（如精神萎靡、反应差）？"", ""是否完全无法进食或饮水？""]",不要使用家中剩余抗生素；由兽医根据检查结果决定；若出现上述任一红旗表现，请立即就医或急诊。,"[""呼吸困难"", ""状态快速恶化"", ""无法进食饮水""]",猫狗呼吸道症状是否需要抗生素；打喷嚏要吃抗生素吗；咳嗽能不能吃消炎药；喷嚏、咳嗽或分泌物；呼吸道疾病可能由病毒、细菌或非感染因素引起；抗菌药选择需要结合诊断和严重程度；呼吸困难；状态快速恶化；无法进食饮水,"[{""source_id"": ""PMC11405337"", ""title"": ""Feline respiratory disease complex: insights into the role of viral and bacterial co-infections"", ""url"": ""https://pmc.ncbi.nlm.nih.gov/articles/PMC11405337/"", ""license"": ""CC BY 4.0"", ""page_or_section"": ""Abstract"", ""verification_status"": ""source_identity_license_and_locator_verified_2026-08-12; veterinary_claim_review_pending"", ""support_note"": ""中文内容为保守概括；来源用于支持主题、物种和风险边界，不代表个体诊断。"", ""change_note"": ""已在 v1.4 核对来源身份、商业许可、题名和定位；未逐字复制。""}, {""source_id"": ""PMC6483346"", ""title"": ""Canine infectious respiratory disease: New insights into the etiology and epidemiology of associated pathogens"", ""url"": ""https://pmc.ncbi.nlm.nih.gov/articles/PMC6483346/"", ""license"": ""CC BY 4.0"", ""page_or_section"": ""Abstract"", ""verification_status"": ""source_identity_license_and_locator_verified_2026-08-12; veterinary_claim_review_pending"", ""support_note"": ""中文内容为保守概括；来源用于支持主题、物种和风险边界，不代表个体诊断。"", ""change_note"": ""已在 v1.4 核对来源身份、商业许可、题名和定位；未逐字复制。""}]",Only verified CC BY/CC0 evidence is retained; attribution and change notices are mandatory.,true,adversarial_review_fixes_applied_v1_6,blocked_pending_mainland_China_licensed_veterinarian_review,true,test,false,ef09545e9cbaaebc6a8183f823e9a295604158ab31627238234f0223ff98504d
OS-EAR-001,1.6.0-open-mvp-truth-repair-draft,zh-CN,犬频繁抓耳或甩头,"[""dog""]",ear,simple_owner_question,"[""狗一直甩头"", ""狗不停抓耳朵""]","[""抓耳"", ""甩头"", ""耳部不适""]","[""外耳炎是犬常见问题"", ""需要检查诱因以及耳道中的继发变化""]","[""头部有没有歪向一侧，或者走路时步态不稳？"", ""耳朵里面有没有明显出血？"", ""碰它耳朵时，它的疼痛反应是不是非常剧烈？""]",保持耳部干燥，不要用棉签或耳液深入清洁。若出现头部倾斜、步态不稳、耳道出血或剧烈疼痛中的任一情况，请立即就医或前往急诊；其他情况也应在 24～48 小时内安排耳镜和分泌物检查。,"[""头部倾斜"", ""平衡异常"", ""耳道出血"", ""剧烈疼痛""]",犬频繁抓耳或甩头；狗一直甩头；狗不停抓耳朵；抓耳；甩头；耳部不适；外耳炎是犬常见问题；需要检查诱因以及耳道中的继发变化；头部倾斜；平衡异常；耳道出血；剧烈疼痛,"[{""source_id"": ""PMC8422687"", ""title"": ""Frequency and predisposing factors for canine otitis externa in the UK – a primary veterinary care epidemiological view"", ""url"": ""https://pmc.ncbi.nlm.nih.gov/articles/PMC8422687/"", ""license"": ""CC BY 4.0"", ""page_or_section"": ""Abstract"", ""verification_status"": ""source_identity_license_and_locator_verified_2026-08-12; veterinary_claim_review_pending"", ""support_note"": ""中文内容为保守概括；来源用于支持主题、物种和风险边界，不代表个体诊断。"", ""change_note"": ""已在 v1.4 核对来源身份、商业许可、题名和定位；未逐字复制。""}]",Only verified CC BY/CC0 evidence is retained; attribution and change notices are mandatory.,true,adversarial_review_fixes_applied_v1_6,blocked_pending_mainland_China_licensed_veterinarian_review,true,test,false,f3d35b14840e94a8148cf745f71efe03bdf6e743a54bb4637ab2f9d46fc54ac9
OS-EAR-002,1.6.0-open-mvp-truth-repair-draft,zh-CN,犬耳朵异味和分泌物,"[""dog""]",ear,simple_owner_question,"[""狗耳朵很臭"", ""耳朵有棕色东西""]","[""耳道异味"", ""耳垢或分泌物增多""]","[""外耳炎可与多种原发和继发因素有关"", ""仅凭颜色和气味不能确定病原""]","[""耳朵问题以前是否反复发作过？"", ""是否频繁抓挠耳朵？"", ""近期耳朵是否进过水（如洗澡、游泳）？""]",不要使用以前剩余的耳药；保留分泌物状态。若出现耳道肿闭、头歪失衡、出血、明显疼痛中任一红旗，应立即就医或急诊；无上述红旗可预约常规耳科检查。,"[""耳道肿闭"", ""头歪失衡"", ""出血"", ""明显疼痛""]",犬耳朵异味和分泌物；狗耳朵很臭；耳朵有棕色东西；耳道异味；耳垢或分泌物增多；外耳炎可与多种原发和继发因素有关；仅凭颜色和气味不能确定病原；耳道肿闭；头歪失衡；出血；明显疼痛,"[{""source_id"": ""PMC8422687"", ""title"": ""Frequency and predisposing factors for canine otitis externa in the UK – a primary veterinary care epidemiological view"", ""url"": ""https://pmc.ncbi.nlm.nih.gov/articles/PMC8422687/"", ""license"": ""CC BY 4.0"", ""page_or_section"": ""Abstract"", ""verification_status"": ""source_identity_license_and_locator_verified_2026-08-12; veterinary_claim_review_pending"", ""support_note"": ""中文内容为保守概括；来源用于支持主题、物种和风险边界，不代表个体诊断。"", ""change_note"": ""已在 v1.4 核对来源身份、商业许可、题名和定位；未逐字复制。""}]",Only verified CC BY/CC0 evidence is retained; attribution and change notices are mandatory.,true,adversarial_review_fixes_applied_v1_6,blocked_pending_mainland_China_licensed_veterinarian_review,true,test,false,42b3e642ed62a0b7b2ab2f2cd746cf3f0e4a799d8219c468c22e75eb35fcf356
OS-EAR-003,1.6.0-open-mvp-truth-repair-draft,zh-CN,猫耳朵很脏并抓挠,"[""cat""]",ear,simple_owner_question,"[""猫耳朵有很多黑色东西"", ""猫一直抓耳""]","[""耳垢增多"", ""抓耳或甩头""]","[""猫外耳炎可能与耳螨、细菌等因素有关"", ""需要耳道检查和样本检查区分""]","[""猫咪耳朵是否有明显异味？"", ""触碰猫咪耳根时是否表现出疼痛（如躲闪、低吼）？"", ""家中其他猫是否也有频繁抓耳？""]",出现任一红旗（头歪或失衡、耳道出血、耳廓快速肿大、剧烈疼痛）应立即就医或急诊；不要用棉签深入耳道，安排耳镜及分泌物检查。,"[""头歪或失衡"", ""耳道出血"", ""耳廓快速肿大"", ""剧烈疼痛""]",猫耳朵很脏并抓挠；猫耳朵有很多黑色东西；猫一直抓耳；耳垢增多；抓耳或甩头；猫外耳炎可能与耳螨、细菌等因素有关；需要耳道检查和样本检查区分；头歪或失衡；耳道出血；耳廓快速肿大；剧烈疼痛,"[{""source_id"": ""PMC12983938"", ""title"": ""Prevalence of Otitis Externa in a Population of Owned Cats in Northern Italy"", ""url"": ""https://pmc.ncbi.nlm.nih.gov/articles/PMC12983938/"", ""license"": ""CC BY 4.0"", ""page_or_section"": ""Abstract"", ""verification_status"": ""source_identity_license_and_locator_verified_2026-08-12; veterinary_claim_review_pending"", ""support_note"": ""中文内容为保守概括；来源用于支持主题、物种和风险边界，不代表个体诊断。"", ""change_note"": ""已在 v1.4 核对来源身份、商业许可、题名和定位；未逐字复制。""}]",Only verified CC BY/CC0 evidence is retained; attribution and change notices are mandatory.,true,adversarial_review_fixes_applied_v1_6,blocked_pending_mainland_China_licensed_veterinarian_review,true,test,false,a11afe1a6a0655651a89efde9f576b18589888032988bbc7f95d927c8ea56aa9
OS-ORAL-001,1.6.0-open-mvp-truth-repair-draft,zh-CN,猫口臭,"[""cat""]",oral,simple_owner_question,"[""猫嘴巴很臭"", ""猫口气很重""]","[""持续口腔异味""]","[""口臭可能与牙菌斑、牙周及其他口腔问题有关"", ""猫可能隐藏口腔疼痛""]","[""进食是否变慢或减少？"", ""牙龈是否红肿？"", ""轻触牙龈是否容易出血？""]",若出现任一红旗（拒绝进食、大量流涎、面部肿胀、明显口腔出血），请立即就医或前往急诊；若出现进食变慢/减少、牙龈红肿或轻触易出血等任一异常表现，也应尽快安排就诊；仅当以上征象均不存在且猫咪无明显疼痛迹象时，再安排常规口腔检查并讨论适合的家庭牙科护理。,"[""拒绝进食"", ""大量流涎"", ""面部肿胀"", ""明显口腔出血""]",猫口臭；猫嘴巴很臭；猫口气很重；持续口腔异味；口臭可能与牙菌斑、牙周及其他口腔问题有关；猫可能隐藏口腔疼痛；拒绝进食；大量流涎；面部肿胀；明显口腔出血,"[{""source_id"": ""PMC8469879"", ""title"": ""Dental Problems and Prophylactic Care in Cats—Knowledge and Perceptions among Swedish Cat Owners and Communication by Veterinary Care Staff"", ""url"": ""https://pmc.ncbi.nlm.nih.gov/articles/PMC8469879/"", ""license"": ""CC BY 4.0"", ""page_or_section"": ""Abstract"", ""verification_status"": ""source_identity_license_and_locator_verified_2026-08-12; veterinary_claim_review_pending"", ""support_note"": ""中文内容为保守概括；来源用于支持主题、物种和风险边界，不代表个体诊断。"", ""change_note"": ""已在 v1.4 核对来源身份、商业许可、题名和定位；未逐字复制。""}]",Only verified CC BY/CC0 evidence is retained; attribution and change notices are mandatory.,true,adversarial_review_fixes_applied_v1_6,blocked_pending_mainland_China_licensed_veterinarian_review,true,test,false,f6d18417ed054833626aad0d3f07ea776a61138fc3316128b8fdc5c06dd00d27
OS-ORAL-002,1.6.0-open-mvp-truth-repair-draft,zh-CN,猫牙齿有牙结石,"[""cat""]",oral,simple_owner_question,"[""猫牙齿黄黄的"", ""猫有牙结石""]","[""牙面黄褐色沉积"", ""可能伴随牙龈发红""]","[""牙科疾病在猫中常见"", ""家庭观察不能替代完整口腔检查""]","[""猫咪是否有口臭或口腔异味？"", ""猫咪是否流口水或口水增多？"", ""猫咪是否频繁抓挠嘴巴或面部？""]",建议让兽医评估牙周状态和是否需要专业处理；若出现牙齿松动、拒食、面部肿胀或明显疼痛等任一红旗，应立即就医或急诊。,"[""牙齿松动"", ""拒食"", ""面部肿胀"", ""明显疼痛""]",猫牙齿有牙结石；猫牙齿黄黄的；猫有牙结石；牙面黄褐色沉积；可能伴随牙龈发红；牙科疾病在猫中常见；家庭观察不能替代完整口腔检查；牙齿松动；拒食；面部肿胀；明显疼痛,"[{""source_id"": ""PMC8469879"", ""title"": ""Dental Problems and Prophylactic Care in Cats—Knowledge and Perceptions among Swedish Cat Owners and Communication by Veterinary Care Staff"", ""url"": ""https://pmc.ncbi.nlm.nih.gov/articles/PMC8469879/"", ""license"": ""CC BY 4.0"", ""page_or_section"": ""Abstract"", ""verification_status"": ""source_identity_license_and_locator_verified_2026-08-12; veterinary_claim_review_pending"", ""support_note"": ""中文内容为保守概括；来源用于支持主题、物种和风险边界，不代表个体诊断。"", ""change_note"": ""已在 v1.4 核对来源身份、商业许可、题名和定位；未逐字复制。""}]",Only verified CC BY/CC0 evidence is retained; attribution and change notices are mandatory.,true,adversarial_review_fixes_applied_v1_6,blocked_pending_mainland_China_licensed_veterinarian_review,true,test,false,5ad12438da691e4d6fcceab3d5fb4406fc0a6f2a26fc6a3fdaf35bfefc2a2194
OS-ORAL-003,1.6.0-open-mvp-truth-repair-draft,zh-CN,犬牙龈红和口臭,"[""dog""]",oral,simple_owner_question,"[""狗口臭牙龈红"", ""狗牙齿很脏""]","[""口臭"", ""牙龈红肿"", ""牙面沉积""]","[""牙周疾病是犬常见口腔问题"", ""预防护理和定期口腔检查很重要""]","[""牙龈是否容易出血？出血量如何？"", ""是否有掉食、咀嚼困难或偏侧咀嚼？"", ""是否发现牙齿松动？""]",预约口腔检查；不要自行用金属工具刮除牙结石。出现任一红旗症状（无法进食、面部肿胀、大量出血、剧烈疼痛）应立即就医或急诊。,"[""无法进食"", ""面部肿胀"", ""大量出血"", ""剧烈疼痛""]",犬牙龈红和口臭；狗口臭牙龈红；狗牙齿很脏；口臭；牙龈红肿；牙面沉积；牙周疾病是犬常见口腔问题；预防护理和定期口腔检查很重要；无法进食；面部肿胀；大量出血；剧烈疼痛,"[{""source_id"": ""PMC9774197"", ""title"": ""Revisiting Periodontal Disease in Dogs: How to Manage This New Old Problem?"", ""url"": ""https://pmc.ncbi.nlm.nih.gov/articles/PMC9774197/"", ""license"": ""CC BY 4.0"", ""page_or_section"": ""Abstract"", ""verification_status"": ""source_identity_license_and_locator_verified_2026-08-12; veterinary_claim_review_pending"", ""support_note"": ""中文内容为保守概括；来源用于支持主题、物种和风险边界，不代表个体诊断。"", ""change_note"": ""已在 v1.4 核对来源身份、商业许可、题名和定位；未逐字复制。""}]",Only verified CC BY/CC0 evidence is retained; attribution and change notices are mandatory.,true,adversarial_review_fixes_applied_v1_6,blocked_pending_mainland_China_licensed_veterinarian_review,true,test,false,faa699244e9d24d144395ee48f05bb6f02899836c07c00e2c5f71a8520e51a20
OS-ORAL-004,1.6.0-open-mvp-truth-repair-draft,zh-CN,猫可能出现口腔疼痛的表现,"[""cat""]",oral,simple_owner_question,"[""猫吃饭很慢"", ""想吃又不敢吃""]","[""进食变慢"", ""掉食"", ""流口水"", ""减少梳理""]","[""猫的口腔疼痛可能不容易被主人发现"", ""行为和进食变化是重要线索""]","[""是否只愿意吃软食？"", ""是否用爪子抓嘴？"", ""体重是否下降？""]",尽快安排口腔检查，避免强行刷牙或掰嘴；不要强行打开嘴巴观察，可通过血迹、口水颜色或甩头后血迹等间接判断。如出现任一红旗（完全拒食、大量流涎、口腔出血、快速体重下降），请立即就医或急诊。,"[""完全拒食"", ""大量流涎"", ""口腔出血"", ""快速体重下降""]",猫可能出现口腔疼痛的表现；猫吃饭很慢；想吃又不敢吃；进食变慢；掉食；流口水；减少梳理；猫的口腔疼痛可能不容易被主人发现；行为和进食变化是重要线索；完全拒食；大量流涎；口腔出血；快速体重下降,"[{""source_id"": ""PMC7146962"", ""title"": ""Pain behaviors before and after treatment of oral disease in cats using video assessment: a prospective, blinded, randomized clinical trial"", ""url"": ""https://pmc.ncbi.nlm.nih.gov/articles/PMC7146962/"", ""license"": ""CC BY 4.0"", ""page_or_section"": ""Abstract"", ""verification_status"": ""source_identity_license_and_locator_verified_2026-08-12; veterinary_claim_review_pending"", ""support_note"": ""中文内容为保守概括；来源用于支持主题、物种和风险边界，不代表个体诊断。"", ""change_note"": ""已在 v1.4 核对来源身份、商业许可、题名和定位；未逐字复制。""}]",Only verified CC BY/CC0 evidence is retained; attribution and change notices are mandatory.,true,adversarial_review_fixes_applied_v1_6,blocked_pending_mainland_China_licensed_veterinarian_review,true,test,false,8092a7f0595d95b7f7a1ba5b863e1e6fc6f24944b2a1530bb4bc862dc10019da
OS-MSK-001,1.6.0-open-mvp-truth-repair-draft,zh-CN,犬起身僵硬或活动减少,"[""dog""]",musculoskeletal,simple_owner_question,"[""狗睡醒后很僵"", ""不愿意走路""]","[""休息后起身缓慢"", ""活动量下降"", ""上下楼犹豫""]","[""骨关节炎可造成疼痛和活动能力变化"", ""需要排除其他骨科或神经问题""]","[""近期是否受过外伤？"", ""这些症状持续了多长时间？"", ""活动困难是否逐渐加重？""]",减少剧烈跑跳、铺设防滑垫并预约疼痛和关节评估。若出现上述任一红旗症状，请立即就医或急诊。,"[""突然无法站立"", ""完全不能负重"", ""外伤后疼痛"", ""拖行肢体""]",犬起身僵硬或活动减少；狗睡醒后很僵；不愿意走路；休息后起身缓慢；活动量下降；上下楼犹豫；骨关节炎可造成疼痛和活动能力变化；需要排除其他骨科或神经问题；突然无法站立；完全不能负重；外伤后疼痛；拖行肢体,"[{""source_id"": ""PMC9499673"", ""title"": ""A 2022 Systematic Review and Meta-Analysis of Enriched Therapeutic Diets and Nutraceuticals in Canine and Feline Osteoarthritis"", ""url"": ""https://pmc.ncbi.nlm.nih.gov/articles/PMC9499673/"", ""license"": ""CC BY 4.0"", ""page_or_section"": ""Abstract"", ""verification_status"": ""source_identity_license_and_locator_verified_2026-08-12; veterinary_claim_review_pending"", ""support_note"": ""中文内容为保守概括；来源用于支持主题、物种和风险边界，不代表个体诊断。"", ""change_note"": ""已在 v1.4 核对来源身份、商业许可、题名和定位；未逐字复制。""}]",Only verified CC BY/CC0 evidence is retained; attribution and change notices are mandatory.,true,adversarial_review_fixes_applied_v1_6,blocked_pending_mainland_China_licensed_veterinarian_review,true,test,false,104c08d1735f1633149ace864f2e63a67e04727465a79541930d080b866fd02d
OS-MSK-002,1.6.0-open-mvp-truth-repair-draft,zh-CN,猫减少跳跃,"[""cat""]",musculoskeletal,simple_owner_question,"[""猫不愿意跳了"", ""猫不上沙发了""]","[""跳跃减少"", ""起身缓慢"", ""活动或梳理行为改变""]","[""猫骨关节炎常表现为活动和行为变化，而不一定明显跛行""]","[""它现在使用猫砂盆是否顺利？"", ""它走路或起身时是否出现跛行？"", ""它是否还愿意跳上高处？""]",增加低矮台阶和防滑表面，记录变化并安排关节及疼痛评估；若出现突然瘫痪、明显疼痛叫喊、后肢冰凉或外伤后无法站立等任一红旗，请立即就医或急诊。,"[""突然瘫痪"", ""明显疼痛叫喊"", ""后肢冰凉"", ""外伤后无法站立""]",猫减少跳跃；猫不愿意跳了；猫不上沙发了；跳跃减少；起身缓慢；活动或梳理行为改变；猫骨关节炎常表现为活动和行为变化，而不一定明显跛行；突然瘫痪；明显疼痛叫喊；后肢冰凉；外伤后无法站立,"[{""source_id"": ""PMC9499673"", ""title"": ""A 2022 Systematic Review and Meta-Analysis of Enriched Therapeutic Diets and Nutraceuticals in Canine and Feline Osteoarthritis"", ""url"": ""https://pmc.ncbi.nlm.nih.gov/articles/PMC9499673/"", ""license"": ""CC BY 4.0"", ""page_or_section"": ""Abstract"", ""verification_status"": ""source_identity_license_and_locator_verified_2026-08-12; veterinary_claim_review_pending"", ""support_note"": ""中文内容为保守概括；来源用于支持主题、物种和风险边界，不代表个体诊断。"", ""change_note"": ""已在 v1.4 核对来源身份、商业许可、题名和定位；未逐字复制。""}]",Only verified CC BY/CC0 evidence is retained; attribution and change notices are mandatory.,true,adversarial_review_fixes_applied_v1_6,blocked_pending_mainland_China_licensed_veterinarian_review,true,test,false,fe1581b27d0cfef210fbda01b2d9520bb96f9e23a1dc8541e8516026ee9db0dd
OS-MSK-003,1.6.0-open-mvp-truth-repair-draft,zh-CN,老年猫狗活动变化需要记录什么,"[""cat"", ""dog""]",musculoskeletal,simple_owner_question,"[""老年宠物走得慢"", ""怎么判断关节不舒服""]","[""行走速度、跳跃、楼梯、起身和梳理发生变化""]","[""连续记录活动变化有助于兽医评估疼痛和生活质量""]","[""是否突然出现不能站立或无法支撑身体？"", ""是否有剧烈疼痛表现，例如触碰时叫、颤抖或躲闪？"", ""活动变化最明显出现在什么时间或哪个动作，例如起身、上下台阶或跳跃时？""]",用短视频记录起身、行走和上下台阶，并在复诊时提供；若出现任一红旗症状，应立即就医或急诊。,"[""突然不能站立"", ""明显神经异常"", ""剧烈疼痛"", ""伴随外伤""]",老年猫狗活动变化需要记录什么；老年宠物走得慢；怎么判断关节不舒服；行走速度、跳跃、楼梯、起身和梳理发生变化；连续记录活动变化有助于兽医评估疼痛和生活质量；突然不能站立；明显神经异常；剧烈疼痛；伴随外伤,"[{""source_id"": ""PMC9499673"", ""title"": ""A 2022 Systematic Review and Meta-Analysis of Enriched Therapeutic Diets and Nutraceuticals in Canine and Feline Osteoarthritis"", ""url"": ""https://pmc.ncbi.nlm.nih.gov/articles/PMC9499673/"", ""license"": ""CC BY 4.0"", ""page_or_section"": ""Abstract"", ""verification_status"": ""source_identity_license_and_locator_verified_2026-08-12; veterinary_claim_review_pending"", ""support_note"": ""中文内容为保守概括；来源用于支持主题、物种和风险边界，不代表个体诊断。"", ""change_note"": ""已在 v1.4 核对来源身份、商业许可、题名和定位；未逐字复制。""}]",Only verified CC BY/CC0 evidence is retained; attribution and change notices are mandatory.,true,adversarial_review_fixes_applied_v1_6,blocked_pending_mainland_China_licensed_veterinarian_review,true,test,false,e4b8319942e60ad9ca7b896e14b21a88bd538bef0b68c7084b029fed124afcfd
OS-UR-001,1.6.0-open-mvp-truth-repair-draft,zh-CN,猫频繁进猫砂盆但尿量很少,"[""cat""]",urinary,simple_owner_question,"[""猫一直去猫砂盆"", ""每次只尿一点""]","[""排尿次数增加"", ""每次尿量减少"", ""可能在盆外排尿""]","[""这些是猫下泌尿道问题的常见表现"", ""需要区分膀胱炎症和尿道阻塞等情况""]","[""它现在是否完全尿不出来或只能滴几滴？"", ""它是公猫吗？"", ""它是否呕吐？""]",立即确认是否能排出尿；出现无尿或仅滴尿时按急症处理；若出现上述任一红旗表现，请立即就医或急诊。,"[""反复用力无尿"", ""公猫仅滴尿"", ""呕吐虚弱"", ""腹部疼痛""]",猫频繁进猫砂盆但尿量很少；猫一直去猫砂盆；每次只尿一点；排尿次数增加；每次尿量减少；可能在盆外排尿；这些是猫下泌尿道问题的常见表现；需要区分膀胱炎症和尿道阻塞等情况；反复用力无尿；公猫仅滴尿；呕吐虚弱；腹部疼痛,"[{""source_id"": ""PMC6957472"", ""title"": ""Prevalence and risk factors of feline lower urinary tract disease in Chiang Mai, Thailand"", ""url"": ""https://pmc.ncbi.nlm.nih.gov/articles/PMC6957472/"", ""license"": ""CC BY 4.0"", ""page_or_section"": ""Abstract"", ""verification_status"": ""source_identity_license_and_locator_verified_2026-08-12; veterinary_claim_review_pending"", ""support_note"": ""中文内容为保守概括；来源用于支持主题、物种和风险边界，不代表个体诊断。"", ""change_note"": ""已在 v1.4 核对来源身份、商业许可、题名和定位；未逐字复制。""}]",Only verified CC BY/CC0 evidence is retained; attribution and change notices are mandatory.,true,adversarial_review_fixes_applied_v1_6,blocked_pending_mainland_China_licensed_veterinarian_review,true,test,false,381aac3c0e21de8a0073094249f859b251282f115cf55fa504fbd7760be9d229
OS-UR-002,1.6.0-open-mvp-truth-repair-draft,zh-CN,猫尿中带血,"[""cat""]",urinary,simple_owner_question,"[""猫尿是粉色的"", ""猫尿里有血""]","[""尿液粉红或红色"", ""可能伴随频繁排尿和疼痛""]","[""血尿可见于猫下泌尿道疾病"", ""需要结合尿量和是否阻塞判断紧急程度""]","[""猫咪是否完全无法排尿？"", ""尿液中是否有大量血块？"", ""猫咪是否有呕吐？""]",若猫咪没有完全无尿、大量血块、虚弱呕吐、腹部疼痛等红旗表现，可当天联系宠物医院并尽量提供尿液或猫砂照片；若出现任一红旗表现，应立即前往急诊，不要等到当天。,"[""完全无尿"", ""大量血块"", ""虚弱呕吐"", ""腹部疼痛""]",猫尿中带血；猫尿是粉色的；猫尿里有血；尿液粉红或红色；可能伴随频繁排尿和疼痛；血尿可见于猫下泌尿道疾病；需要结合尿量和是否阻塞判断紧急程度；完全无尿；大量血块；虚弱呕吐；腹部疼痛,"[{""source_id"": ""PMC6957472"", ""title"": ""Prevalence and risk factors of feline lower urinary tract disease in Chiang Mai, Thailand"", ""url"": ""https://pmc.ncbi.nlm.nih.gov/articles/PMC6957472/"", ""license"": ""CC BY 4.0"", ""page_or_section"": ""Abstract"", ""verification_status"": ""source_identity_license_and_locator_verified_2026-08-12; veterinary_claim_review_pending"", ""support_note"": ""中文内容为保守概括；来源用于支持主题、物种和风险边界，不代表个体诊断。"", ""change_note"": ""已在 v1.4 核对来源身份、商业许可、题名和定位；未逐字复制。""}]",Only verified CC BY/CC0 evidence is retained; attribution and change notices are mandatory.,true,adversarial_review_fixes_applied_v1_6,blocked_pending_mainland_China_licensed_veterinarian_review,true,test,false,5f061fd220cff5e725c21f8aed0e6c3ac093d1717eb735afe6a293c30ca61c52
OS-UR-003,1.6.0-open-mvp-truth-repair-draft,zh-CN,猫尿道阻塞风险,"[""cat""]",urinary,simple_owner_question,"[""公猫尿不出来"", ""猫蹲很久没有尿""]","[""反复排尿姿势但无尿或只有几滴"", ""可能叫喊、舔舐或逐渐虚弱""]","[""尿道阻塞是需要立即处理的猫泌尿急症""]","[""已经多久没有正常排尿了？"", ""是否出现呕吐？"", ""是否精神变差或意识不清？""]",不要按压腹部或等待观察，立即前往宠物急诊。,"[""任何确认或高度怀疑的无尿"", ""呕吐虚弱"", ""意识下降""]",猫尿道阻塞风险；公猫尿不出来；猫蹲很久没有尿；反复排尿姿势但无尿或只有几滴；可能叫喊、舔舐或逐渐虚弱；尿道阻塞是需要立即处理的猫泌尿急症；任何确认或高度怀疑的无尿；呕吐虚弱；意识下降,"[{""source_id"": ""PMC6957472"", ""title"": ""Prevalence and risk factors of feline lower urinary tract disease in Chiang Mai, Thailand"", ""url"": ""https://pmc.ncbi.nlm.nih.gov/articles/PMC6957472/"", ""license"": ""CC BY 4.0"", ""page_or_section"": ""Abstract"", ""verification_status"": ""source_identity_license_and_locator_verified_2026-08-12; veterinary_claim_review_pending"", ""support_note"": ""中文内容为保守概括；来源用于支持主题、物种和风险边界，不代表个体诊断。"", ""change_note"": ""已在 v1.4 核对来源身份、商业许可、题名和定位；未逐字复制。""}]",Only verified CC BY/CC0 evidence is retained; attribution and change notices are mandatory.,true,adversarial_review_fixes_applied_v1_6,blocked_pending_mainland_China_licensed_veterinarian_review,true,test,false,534dd9ff6fabfc0fd2f2aa70494a976b83b939d3250441f8e72e36d21cc9f764
OS-SKIN-001,1.6.0-open-mvp-truth-repair-draft,zh-CN,犬反复瘙痒,"[""dog""]",dermatology,simple_owner_question,"[""狗一直挠痒"", ""皮肤反复发红""]","[""抓挠、舔咬或摩擦皮肤"", ""可能反复发生""]","[""特应性皮炎是犬慢性瘙痒性皮肤病之一"", ""相似表现也可由寄生虫、感染和其他过敏引起""]","[""瘙痒是否有季节性？"", ""是否每月或定期进行驱虫？"", ""皮肤是否有破损、出血或渗出？""]",记录瘙痒部位和频率，避免自行长期用药，安排皮肤检查。若出现抓破出血、大面积渗出、面部肿胀或精神食欲下降等任一红旗表现，应立即就医或急诊。,"[""抓破出血"", ""大面积渗出"", ""面部肿胀"", ""精神食欲下降""]",犬反复瘙痒；狗一直挠痒；皮肤反复发红；抓挠、舔咬或摩擦皮肤；可能反复发生；特应性皮炎是犬慢性瘙痒性皮肤病之一；相似表现也可由寄生虫、感染和其他过敏引起；抓破出血；大面积渗出；面部肿胀；精神食欲下降,"[{""source_id"": ""PMC6172809"", ""title"": ""Atopic dermatitis in cats and dogs: a difficult disease for animals and owners"", ""url"": ""https://pmc.ncbi.nlm.nih.gov/articles/PMC6172809/"", ""license"": ""CC BY"", ""page_or_section"": ""Abstract"", ""verification_status"": ""source_identity_license_and_locator_verified_2026-08-12; veterinary_claim_review_pending"", ""support_note"": ""中文内容为保守概括；来源用于支持主题、物种和风险边界，不代表个体诊断。"", ""change_note"": ""已在 v1.4 核对来源身份、商业许可、题名和定位；未逐字复制。""}, {""source_id"": ""PMC4531508"", ""title"": ""Canine atopic dermatitis: detailed guidelines for diagnosis and allergen identification"", ""url"": ""https://pmc.ncbi.nlm.nih.gov/articles/PMC4531508/"", ""license"": ""CC BY 4.0"", ""page_or_section"": ""Abstract"", ""verification_status"": ""source_identity_license_and_locator_verified_2026-08-12; veterinary_claim_review_pending"", ""support_note"": ""中文内容为保守概括；来源用于支持主题、物种和风险边界，不代表个体诊断。"", ""change_note"": ""已在 v1.4 核对来源身份、商业许可、题名和定位；未逐字复制。""}]",Only verified CC BY/CC0 evidence is retained; attribution and change notices are mandatory.,true,adversarial_review_fixes_applied_v1_6,blocked_pending_mainland_China_licensed_veterinarian_review,true,test,false,daf99f1afea20036e1a1d3d06ba48f8e1e7c8261caa27eaf811661ab633fbccb
OS-SKIN-002,1.6.0-open-mvp-truth-repair-draft,zh-CN,犬舔爪和耳朵反复不适,"[""dog""]",dermatology,simple_owner_question,"[""狗一直舔脚"", ""耳朵和爪子总是发红""]","[""舔咬足部"", ""耳部反复发红或不适""]","[""这些部位可在过敏性皮肤问题中受到影响"", ""仍需排除异物、寄生虫和感染""]","[""狗狗目前是否出现呼吸急促、全身风团或明显肿胀？"", ""耳道内是否有异味、脓性分泌物或明显疼痛？"", ""舔舐/不适的是一只脚还是多只脚？""]",仅用清水冲洗足部皮肤并彻底擦干，耳部不要自行冲洗；防止持续舔咬。耳部不适需由兽医检查后处理。出现任一红旗表现（如明显肿胀、化脓异味、无法负重、全身风团或呼吸异常）时，立即就医或急诊。,"[""明显肿胀"", ""化脓异味"", ""无法负重"", ""全身风团或呼吸异常""]",犬舔爪和耳朵反复不适；狗一直舔脚；耳朵和爪子总是发红；舔咬足部；耳部反复发红或不适；这些部位可在过敏性皮肤问题中受到影响；仍需排除异物、寄生虫和感染；明显肿胀；化脓异味；无法负重；全身风团或呼吸异常,"[{""source_id"": ""PMC6172809"", ""title"": ""Atopic dermatitis in cats and dogs: a difficult disease for animals and owners"", ""url"": ""https://pmc.ncbi.nlm.nih.gov/articles/PMC6172809/"", ""license"": ""CC BY"", ""page_or_section"": ""Abstract"", ""verification_status"": ""source_identity_license_and_locator_verified_2026-08-12; veterinary_claim_review_pending"", ""support_note"": ""中文内容为保守概括；来源用于支持主题、物种和风险边界，不代表个体诊断。"", ""change_note"": ""已在 v1.4 核对来源身份、商业许可、题名和定位；未逐字复制。""}, {""source_id"": ""PMC4531508"", ""title"": ""Canine atopic dermatitis: detailed guidelines for diagnosis and allergen identification"", ""url"": ""https://pmc.ncbi.nlm.nih.gov/articles/PMC4531508/"", ""license"": ""CC BY 4.0"", ""page_or_section"": ""Abstract"", ""verification_status"": ""source_identity_license_and_locator_verified_2026-08-12; veterinary_claim_review_pending"", ""support_note"": ""中文内容为保守概括；来源用于支持主题、物种和风险边界，不代表个体诊断。"", ""change_note"": ""已在 v1.4 核对来源身份、商业许可、题名和定位；未逐字复制。""}]",Only verified CC BY/CC0 evidence is retained; attribution and change notices are mandatory.,true,adversarial_review_fixes_applied_v1_6,blocked_pending_mainland_China_licensed_veterinarian_review,true,test,false,ad2d1a5a1e84ee9c4d2772a5915ca296fc8d956096e61f49c9aaa6bf0725f163
OS-SKIN-003,1.6.0-open-mvp-truth-repair-draft,zh-CN,猫狗局部脱毛不能只凭照片判断,"[""cat"", ""dog""]",dermatology,simple_owner_question,"[""秃了一块是不是猫癣"", ""圆形脱毛是什么""]","[""局部被毛稀少或脱落"", ""可能伴随鳞屑或抓挠""]","[""瘙痒和脱毛存在多种相似病因"", ""诊断通常需要结合病史、寄生虫和感染检查""]","[""是否频繁抓挠、舔舐或摩擦脱毛处？"", ""宠物年龄多大？"", ""脱毛部位是一处还是多处？""]",拍照记录脱毛范围并安排皮肤检查；不要仅凭形状判断真菌感染。出现任一红旗（快速扩散、化脓渗出、幼龄宠物多处皮损、家人出现类似皮损）应立即就医或急诊。,"[""快速扩散"", ""化脓渗出"", ""幼龄宠物多处皮损"", ""家人出现类似皮损""]",猫狗局部脱毛不能只凭照片判断；秃了一块是不是猫癣；圆形脱毛是什么；局部被毛稀少或脱落；可能伴随鳞屑或抓挠；瘙痒和脱毛存在多种相似病因；诊断通常需要结合病史、寄生虫和感染检查；快速扩散；化脓渗出；幼龄宠物多处皮损；家人出现类似皮损,"[{""source_id"": ""PMC6172809"", ""title"": ""Atopic dermatitis in cats and dogs: a difficult disease for animals and owners"", ""url"": ""https://pmc.ncbi.nlm.nih.gov/articles/PMC6172809/"", ""license"": ""CC BY"", ""page_or_section"": ""Abstract"", ""verification_status"": ""source_identity_license_and_locator_verified_2026-08-12; veterinary_claim_review_pending"", ""support_note"": ""中文内容为保守概括；来源用于支持主题、物种和风险边界，不代表个体诊断。"", ""change_note"": ""已在 v1.4 核对来源身份、商业许可、题名和定位；未逐字复制。""}, {""source_id"": ""PMC4531508"", ""title"": ""Canine atopic dermatitis: detailed guidelines for diagnosis and allergen identification"", ""url"": ""https://pmc.ncbi.nlm.nih.gov/articles/PMC4531508/"", ""license"": ""CC BY 4.0"", ""page_or_section"": ""Abstract"", ""verification_status"": ""source_identity_license_and_locator_verified_2026-08-12; veterinary_claim_review_pending"", ""support_note"": ""中文内容为保守概括；来源用于支持主题、物种和风险边界，不代表个体诊断。"", ""change_note"": ""已在 v1.4 核对来源身份、商业许可、题名和定位；未逐字复制。""}]",Only verified CC BY/CC0 evidence is retained; attribution and change notices are mandatory.,true,adversarial_review_fixes_applied_v1_6,blocked_pending_mainland_China_licensed_veterinarian_review,true,test,false,af7595b97a620a642ce110eea1887968c2df9cfcce17b5a11c7430a5da12caca
OS-BEH-001,1.6.0-open-mvp-truth-repair-draft,zh-CN,猫到新环境后躲藏,"[""cat""]",behavior,simple_owner_question,"[""新猫一直躲着"", ""搬家后猫不出来""]","[""躲藏增加"", ""互动和探索减少""]","[""躲藏可作为猫面对压力环境的一种行为"", ""安全躲藏空间和环境管理有助于减轻压力""]","[""呼吸是否异常（如张口呼吸、急促或费力）？"", ""是否精神极度萎靡、虚弱或反应迟钝？"", ""是否超过一天没有正常排尿？""]",提供安静躲藏处、分开的食水和猫砂资源，不要强行拖出；若出现上述任一红旗表现，请立即就医或急诊。,"[""超过一天完全不吃"", ""无尿"", ""呼吸异常"", ""持续呕吐或极度虚弱""]",猫到新环境后躲藏；新猫一直躲着；搬家后猫不出来；躲藏增加；互动和探索减少；躲藏可作为猫面对压力环境的一种行为；安全躲藏空间和环境管理有助于减轻压力；超过一天完全不吃；无尿；呼吸异常；持续呕吐或极度虚弱,"[{""source_id"": ""PMC9334771"", ""title"": ""Dealing With Stress in Cats: What Is New About the Olfactory Strategy?"", ""url"": ""https://pmc.ncbi.nlm.nih.gov/articles/PMC9334771/"", ""license"": ""CC BY"", ""page_or_section"": ""Abstract"", ""verification_status"": ""source_identity_license_and_locator_verified_2026-08-12; veterinary_claim_review_pending"", ""support_note"": ""中文内容为保守概括；来源用于支持主题、物种和风险边界，不代表个体诊断。"", ""change_note"": ""已在 v1.4 核对来源身份、商业许可、题名和定位；未逐字复制。""}]",Only verified CC BY/CC0 evidence is retained; attribution and change notices are mandatory.,true,adversarial_review_fixes_applied_v1_6,blocked_pending_mainland_China_licensed_veterinarian_review,true,test,false,8bddfd7ec2dd50ce50415162bc17f95cc4d915c2690ff3de223ba7910bb62dd3
OS-BEH-002,1.6.0-open-mvp-truth-repair-draft,zh-CN,室内猫环境丰富化,"[""cat""]",behavior,simple_owner_question,"[""猫在家无聊怎么办"", ""怎么减少猫的压力""]","[""活动、探索或玩耍减少"", ""可能出现躲藏或紧张""]","[""环境丰富化与猫的压力行为和福利有关"", ""资源需要分散并允许猫自主选择""]","[""猫咪是否有突然不吃不喝或排尿异常等紧急情况？"", ""家里是否为猫咪提供了可躲藏和高处的空间？"", ""你每天是否有固定的互动玩耍时间？""]",增加可选择的躲藏、高处、抓挠和短时互动玩耍；逐步引入变化；若出现上述任一红旗表现，请立即就医或急诊。,"[""突然行为改变伴随不吃不喝"", ""排尿异常"", ""攻击或自伤"", ""持续异常叫喊""]",室内猫环境丰富化；猫在家无聊怎么办；怎么减少猫的压力；活动、探索或玩耍减少；可能出现躲藏或紧张；环境丰富化与猫的压力行为和福利有关；资源需要分散并允许猫自主选择；突然行为改变伴随不吃不喝；排尿异常；攻击或自伤；持续异常叫喊,"[{""source_id"": ""PMC9334771"", ""title"": ""Dealing With Stress in Cats: What Is New About the Olfactory Strategy?"", ""url"": ""https://pmc.ncbi.nlm.nih.gov/articles/PMC9334771/"", ""license"": ""CC BY"", ""page_or_section"": ""Abstract"", ""verification_status"": ""source_identity_license_and_locator_verified_2026-08-12; veterinary_claim_review_pending"", ""support_note"": ""中文内容为保守概括；来源用于支持主题、物种和风险边界，不代表个体诊断。"", ""change_note"": ""已在 v1.4 核对来源身份、商业许可、题名和定位；未逐字复制。""}]",Only verified CC BY/CC0 evidence is retained; attribution and change notices are mandatory.,true,adversarial_review_fixes_applied_v1_6,blocked_pending_mainland_China_licensed_veterinarian_review,true,test,false,f331e0dceb1d84ddd7846b77c070f24c807d1bf0be8b1fb58ace2b1df58e6a06
OS-VAX-001,1.6.0-open-mvp-truth-repair-draft,zh-CN,幼猫幼犬疫苗计划,"[""cat"", ""dog""]",preventive_care,simple_owner_question,"[""幼猫幼犬什么时候打疫苗"", ""疫苗怎么安排""]","[""幼龄宠物需要建立免疫计划""]","[""幼龄动物存在母源抗体下降后的易感阶段"", ""疫苗计划应结合年龄、健康和暴露风险制定""]","[""宠物目前是否有发热、咳嗽、腹泻、精神食欲差等急病表现？"", ""请提供宠物具体的年龄和既往疫苗接种记录（种类和时间）。"", ""宠物主要生活环境（室内/户外）以及外出接触其他动物的频率如何？""]",携带完整记录，由当地兽医按照中国大陆可用疫苗和个体风险制定计划；若出现上述任一红旗表现，请立即就医或急诊。,"[""接种前明显发热或急病"", ""接种后面部肿胀"", ""呼吸困难"", ""虚脱""]",幼猫幼犬疫苗计划；幼猫幼犬什么时候打疫苗；疫苗怎么安排；幼龄宠物需要建立免疫计划；幼龄动物存在母源抗体下降后的易感阶段；疫苗计划应结合年龄、健康和暴露风险制定；接种前明显发热或急病；接种后面部肿胀；呼吸困难；虚脱,"[{""source_id"": ""PMC7910975"", ""title"": ""Early Life Vaccination of Companion Animal Pets"", ""url"": ""https://pmc.ncbi.nlm.nih.gov/articles/PMC7910975/"", ""license"": ""CC BY 4.0"", ""page_or_section"": ""Abstract"", ""verification_status"": ""source_identity_license_and_locator_verified_2026-08-12; veterinary_claim_review_pending"", ""support_note"": ""中文内容为保守概括；来源用于支持主题、物种和风险边界，不代表个体诊断。"", ""change_note"": ""已在 v1.4 核对来源身份、商业许可、题名和定位；未逐字复制。""}]",Only verified CC BY/CC0 evidence is retained; attribution and change notices are mandatory.,true,adversarial_review_fixes_applied_v1_6,blocked_pending_mainland_China_licensed_veterinarian_review,true,test,false,4e1760a8c61b5e01135023c5207eb48a31748d8f56feb20178d3e792a1663f52
OS-VAX-002,1.6.0-open-mvp-truth-repair-draft,zh-CN,猫注射部位出现肿块,"[""cat""]",preventive_care,simple_owner_question,"[""猫打针后有个包"", ""疫苗位置有硬块""]","[""注射部位出现可触及肿块""]","[""猫注射后可能出现局部反应，但持续、增大或异常的肿块需要专业评估""]","[""注射大概是什么时候进行的？"", ""肿块从注射后到现在持续多久了？"", ""肿块现在大约有多大（直径是否超过2cm）？""]",测量并记录大小和日期，不要挤压；持续或增长时预约检查；若出现上述任一红旗表现，请立即就医或急诊。,"[""快速增长"", ""破溃出血"", ""明显疼痛"", ""同时出现全身过敏表现"", ""肿块持续超过3个月不消退"", ""直径大于2cm"", ""注射后1个月仍继续增大""]",猫注射部位出现肿块；猫打针后有个包；疫苗位置有硬块；注射部位出现可触及肿块；猫注射后可能出现局部反应，但持续、增大或异常的肿块需要专业评估；快速增长；破溃出血；明显疼痛；同时出现全身过敏表现；肿块持续超过3个月不消退；直径大于2cm；注射后1个月仍继续增大,"[{""source_id"": ""PMC10459272"", ""title"": ""Feline Injection-Site Sarcoma and Other Adverse Reactions to Vaccination in Cats"", ""url"": ""https://pmc.ncbi.nlm.nih.gov/articles/PMC10459272/"", ""license"": ""CC BY 4.0"", ""page_or_section"": ""Abstract"", ""verification_status"": ""source_identity_license_and_locator_verified_2026-08-12; veterinary_claim_review_pending"", ""support_note"": ""中文内容为保守概括；来源用于支持主题、物种和风险边界，不代表个体诊断。"", ""change_note"": ""已在 v1.4 核对来源身份、商业许可、题名和定位；未逐字复制。""}]",Only verified CC BY/CC0 evidence is retained; attribution and change notices are mandatory.,true,adversarial_review_fixes_applied_v1_6,blocked_pending_mainland_China_licensed_veterinarian_review,true,test,false,2927cc5b1982fcd3f388471c469e3004f1df75f2472ec8936fc40a99668651aa
OS-EYE-001,1.6.0-open-mvp-truth-repair-draft,zh-CN,犬眼睛突然眯眼、发红或浑浊,"[""dog""]",eye,simple_owner_question,"[""狗一只眼睁不开"", ""眼睛突然白了或蓝了""]","[""眯眼疼痛"", ""眼睛发红"", ""晶状体或眼内出现异常浑浊""]","[""部分眼部疾病属于需要迅速评估的急症"", ""照片不能排除眼内和眼压问题""]","[""是否突然看不见或走路常撞到东西？"", ""眼睛是否有明显破口、出血或被撞击的外伤？"", ""瞳孔是否异常（如两边不等大或对光没反应）？""]",防止抓揉，不要自行滴含激素眼药，当天立即就医。,"[""突然失明"", ""剧烈疼痛"", ""眼球外伤"", ""瞳孔明显异常""]",犬眼睛突然眯眼、发红或浑浊；狗一只眼睁不开；眼睛突然白了或蓝了；眯眼疼痛；眼睛发红；晶状体或眼内出现异常浑浊；部分眼部疾病属于需要迅速评估的急症；照片不能排除眼内和眼压问题；突然失明；剧烈疼痛；眼球外伤；瞳孔明显异常,"[{""source_id"": ""PMC10353131"", ""title"": ""Lens-related ocular emergencies (LROE) in dogs: treatment and visual outcome after late presentation of 90 eyes"", ""url"": ""https://pmc.ncbi.nlm.nih.gov/articles/PMC10353131/"", ""license"": ""CC BY 4.0"", ""page_or_section"": ""Abstract"", ""verification_status"": ""source_identity_license_and_locator_verified_2026-08-12; veterinary_claim_review_pending"", ""support_note"": ""中文内容为保守概括；来源用于支持主题、物种和风险边界，不代表个体诊断。"", ""change_note"": ""已在 v1.4 核对来源身份、商业许可、题名和定位；未逐字复制。""}]",Only verified CC BY/CC0 evidence is retained; attribution and change notices are mandatory.,true,adversarial_review_fixes_applied_v1_6,blocked_pending_mainland_China_licensed_veterinarian_review,true,test,false,45b3e3d8d70cd9f34c25a334e3a34dbd27c9d4523eb866ecdaf7d233713fcd3d
OS-EYE-002,1.6.0-open-mvp-truth-repair-draft,zh-CN,犬突然视力下降,"[""dog""]",eye,simple_owner_question,"[""狗突然撞东西"", ""好像突然看不见""]","[""突然撞击家具"", ""对台阶或陌生环境犹豫"", ""瞳孔或眼内外观异常""]","[""突然视力变化需要尽快进行眼科和全身评估""]","[""是否同时出现意识模糊、步态不稳、转圈或抽搐等神经症状？"", ""眼睛是否有明显发红、眯眼、流泪或两侧瞳孔大小不一？"", ""是双眼完全看不见，还是仅单眼或仅暗处/弱光下看不清？""]",限制在安全区域并当天就医，不要等待数日观察；若出现上述任一红旗表现，请立即就医或急诊。,"[""完全失明"", ""眼痛"", ""瞳孔不等大"", ""意识或步态异常""]",犬突然视力下降；狗突然撞东西；好像突然看不见；突然撞击家具；对台阶或陌生环境犹豫；瞳孔或眼内外观异常；突然视力变化需要尽快进行眼科和全身评估；完全失明；眼痛；瞳孔不等大；意识或步态异常,"[{""source_id"": ""PMC10353131"", ""title"": ""Lens-related ocular emergencies (LROE) in dogs: treatment and visual outcome after late presentation of 90 eyes"", ""url"": ""https://pmc.ncbi.nlm.nih.gov/articles/PMC10353131/"", ""license"": ""CC BY 4.0"", ""page_or_section"": ""Abstract"", ""verification_status"": ""source_identity_license_and_locator_verified_2026-08-12; veterinary_claim_review_pending"", ""support_note"": ""中文内容为保守概括；来源用于支持主题、物种和风险边界，不代表个体诊断。"", ""change_note"": ""已在 v1.4 核对来源身份、商业许可、题名和定位；未逐字复制。""}]",Only verified CC BY/CC0 evidence is retained; attribution and change notices are mandatory.,true,adversarial_review_fixes_applied_v1_6,blocked_pending_mainland_China_licensed_veterinarian_review,true,test,false,faf5a7f0dcf02f920b695e212e5a0e5065371ad5ec4ee7491680a197c32a8da4
MVP-GI-001,1.6.0-open-mvp-truth-repair-draft,zh-CN,猫反复腹泻需排查寄生虫和其他病因,"[""cat""]",gastrointestinal,simple_owner_question,"[""猫反复拉稀"", ""猫腹泻总不好""]","[""稀便或软便反复出现"", ""可能伴呕吐、食欲或体重变化""]","[""猫腹泻是症状而不是单一诊断，寄生虫、感染、饮食和慢性肠病等均可能相关"", ""持续、反复或伴呕吐、拒食、体重下降时需要检查""]","[""腹泻是从何时开始的，每天大概发生几次？"", ""进食和饮水是否正常，有无减少或完全不吃不喝？"", ""是否有腹痛表现，比如躲藏、嚎叫或抗拒触碰腹部？""]",记录粪便、饮食和精神状态；如出现任一红旗（频繁水样便、便血或黑便、反复呕吐、虚弱或不饮水）应立即就医或急诊；持续、加重或幼猫出现症状时也应尽快就医。,"[""频繁水样便"", ""便血或黑便"", ""反复呕吐"", ""虚弱或不饮水""]",猫反复腹泻需排查寄生虫和其他病因；猫反复拉稀；猫腹泻总不好；稀便或软便反复出现；可能伴呕吐、食欲或体重变化；猫腹泻是症状而不是单一诊断，寄生虫、感染、饮食和慢性肠病等均可能相关；持续、反复或伴呕吐、拒食、体重下降时需要检查；频繁水样便；便血或黑便；反复呕吐；虚弱或不饮水,"[{""source_id"": ""PMC8404700"", ""title"": ""Canine and Feline Parasitology: Analogies, Differences, and Relevance for Human Health"", ""url"": ""https://pmc.ncbi.nlm.nih.gov/articles/PMC8404700/"", ""license"": ""CC BY"", ""page_or_section"": ""Abstract"", ""verification_status"": ""source_identity_license_and_locator_verified_2026-08-12; veterinary_claim_review_pending"", ""support_note"": ""中文内容为保守概括；来源用于支持主题、物种和风险边界，不代表个体诊断。"", ""change_note"": ""已在 v1.4 核对来源身份、商业许可、题名和定位；未逐字复制。""}, {""source_id"": ""PMC10385529"", ""title"": ""Fecal Calprotectin Concentrations in Cats with Chronic Enteropathies"", ""url"": ""https://pmc.ncbi.nlm.nih.gov/articles/PMC10385529/"", ""license"": ""CC BY 4.0"", ""page_or_section"": ""Abstract"", ""verification_status"": ""source_identity_license_and_locator_verified_2026-08-12; veterinary_claim_review_pending"", ""support_note"": ""中文内容为保守概括；来源用于支持主题、物种和风险边界，不代表个体诊断。"", ""change_note"": ""已在 v1.4 核对来源身份、商业许可、题名和定位；未逐字复制。""}]",Only verified CC BY/CC0 evidence is retained; attribution and change notices are mandatory.,true,adversarial_review_fixes_applied_v1_6,blocked_pending_mainland_China_licensed_veterinarian_review,true,test,false,857e263d25441aabce5f44b343529bfaa843c4c38fa2b11bdeeb9a38b80457e5
MVP-GI-002,1.6.0-open-mvp-truth-repair-draft,zh-CN,犬偶发一次呕吐,"[""dog""]",gastrointestinal,simple_owner_question,"[""狗吐了一次"", ""狗刚刚呕吐""]","[""单次呕吐后目前精神基本正常""]","[""呕吐原因很多，病史和后续变化比单张照片更重要""]","[""目前精神怎么样？是否还能正常进食饮水？"", ""呕吐物是什么颜色/性状？是否含血、咖啡色、黄色/绿色或异物？"", ""最近有没有可能误食异物、毒物或药物？""]",暂停剧烈活动，记录呕吐物和后续进食饮水；若出现反复呕吐、无法留住饮水、腹胀干呕、血性或咖啡色呕吐物、精神萎靡等任一红旗表现，应立即联系兽医或前往急诊。,"[""反复呕吐"", ""无法留住饮水"", ""腹胀干呕（需立即急诊）"", ""血性或咖啡色呕吐物（需立即急诊）"", ""精神萎靡/嗜睡"", ""虚弱"", ""腹部疼痛"", ""疑似误食异物、毒物或药物""]",犬偶发一次呕吐；狗吐了一次；狗刚刚呕吐；单次呕吐后目前精神基本正常；呕吐原因很多，病史和后续变化比单张照片更重要；反复呕吐；无法留住饮水；腹胀干呕（需立即急诊）；血性或咖啡色呕吐物（需立即急诊）；精神萎靡/嗜睡；虚弱；腹部疼痛；疑似误食异物、毒物或药物,"[{""source_id"": ""PMC9933778"", ""title"": ""Utility of diagnostic tests in vomiting dogs presented to an internal medicine emergency service"", ""url"": ""https://pmc.ncbi.nlm.nih.gov/articles/PMC9933778/"", ""license"": ""CC BY"", ""page_or_section"": ""Abstract"", ""verification_status"": ""source_identity_license_and_locator_verified_2026-08-12; veterinary_claim_review_pending"", ""support_note"": ""中文内容为保守概括；来源用于支持主题、物种和风险边界，不代表个体诊断。"", ""change_note"": ""已在 v1.4 核对来源身份、商业许可、题名和定位；未逐字复制。""}]",Only verified CC BY/CC0 evidence is retained; attribution and change notices are mandatory.,true,adversarial_review_fixes_applied_v1_6,blocked_pending_mainland_China_licensed_veterinarian_review,true,test,false,44a32e5c18c7522467fbbb933942d51711e9b75cc293d525d386c25a6abc3ea9
MVP-GI-003,1.6.0-open-mvp-truth-repair-draft,zh-CN,犬反复呕吐,"[""dog""]",gastrointestinal,simple_owner_question,"[""狗一直吐"", ""喝水也吐""]","[""短时间多次呕吐或进食饮水后继续吐""]","[""反复呕吐需要评估脱水、梗阻、中毒及其他系统性原因""]","[""呕吐物或大便是否带血或呈黑色？"", ""精神是否变差或虚弱、平时是否还能正常活动？"", ""呕吐发生了多少次、持续了多长时间？""]",不要自行催吐或喂人药；出现任一红旗症状（无法留住饮水、腹部膨大或疼痛、虚弱、疑似误食异物或毒物、呕吐物或大便带血/呈黑色）应立即就医或急诊，否则也需尽快线下检查。,"[""无法留住饮水"", ""腹部膨大或疼痛"", ""虚弱"", ""疑似误食异物或毒物"", ""呕吐物或大便带血/呈黑色""]",犬反复呕吐；狗一直吐；喝水也吐；短时间多次呕吐或进食饮水后继续吐；反复呕吐需要评估脱水、梗阻、中毒及其他系统性原因；无法留住饮水；腹部膨大或疼痛；虚弱；疑似误食异物或毒物,"[{""source_id"": ""PMC9933778"", ""title"": ""Utility of diagnostic tests in vomiting dogs presented to an internal medicine emergency service"", ""url"": ""https://pmc.ncbi.nlm.nih.gov/articles/PMC9933778/"", ""license"": ""CC BY"", ""page_or_section"": ""Abstract"", ""verification_status"": ""source_identity_license_and_locator_verified_2026-08-12; veterinary_claim_review_pending"", ""support_note"": ""中文内容为保守概括；来源用于支持主题、物种和风险边界，不代表个体诊断。"", ""change_note"": ""已在 v1.4 核对来源身份、商业许可、题名和定位；未逐字复制。""}]",Only verified CC BY/CC0 evidence is retained; attribution and change notices are mandatory.,true,adversarial_review_fixes_applied_v1_6,blocked_pending_mainland_China_licensed_veterinarian_review,true,test,false,d96af64b65cee4aac20d5060d96f1d29b120bbd2bac73a83641fba3a9842a56e
MVP-GI-004,1.6.0-open-mvp-truth-repair-draft,zh-CN,猫偶发呕吐需要观察什么,"[""cat""]",gastrointestinal,simple_owner_question,"[""猫吐了一次"", ""猫吐了食物""]","[""单次呕吐，当前精神和呼吸正常""]","[""一次呕吐不能确定原因，需结合食欲、精神、体重和是否继续呕吐判断"", ""持续或反复胃肠症状可能需要排除肠道及肠外疾病""]","[""是否能正常进食饮水？"", ""精神状态如何？是否比平时沉郁或躲藏？"", ""最近一次排便是否正常？是否有便血或黑便？""]",记录频率、与进食关系和呕吐物；重复发生或伴随异常时就医；若出现上述任一红旗表现，请立即就医或急诊。,"[""一天内反复呕吐"", ""不吃不喝"", ""明显腹痛"", ""虚弱或呼吸异常"", ""呕吐物带血或咖啡渣样"", ""便血或黑便"", ""疑似吞食异物""]",猫偶发呕吐需要观察什么；猫吐了一次；猫吐了食物；单次呕吐，当前精神和呼吸正常；一次呕吐不能确定原因，需结合食欲、精神、体重和是否继续呕吐判断；持续或反复胃肠症状可能需要排除肠道及肠外疾病；一天内反复呕吐；不吃不喝；明显腹痛；虚弱或呼吸异常；呕吐物带血或咖啡渣样；便血或黑便；疑似吞食异物,"[{""source_id"": ""PMC10385529"", ""title"": ""Fecal Calprotectin Concentrations in Cats with Chronic Enteropathies"", ""url"": ""https://pmc.ncbi.nlm.nih.gov/articles/PMC10385529/"", ""license"": ""CC BY 4.0"", ""page_or_section"": ""Abstract"", ""verification_status"": ""source_identity_license_and_locator_verified_2026-08-12; veterinary_claim_review_pending"", ""support_note"": ""中文内容为保守概括；来源用于支持主题、物种和风险边界，不代表个体诊断。"", ""change_note"": ""已在 v1.4 核对来源身份、商业许可、题名和定位；未逐字复制。""}]",Only verified CC BY/CC0 evidence is retained; attribution and change notices are mandatory.,true,adversarial_review_fixes_applied_v1_6,blocked_pending_mainland_China_licensed_veterinarian_review,true,test,false,90d79988188c9b79cc0a66f2fbf3e894b181983a1e0969a5012c5e356f14228f
MVP-GI-005,1.6.0-open-mvp-truth-repair-draft,zh-CN,猫反复呕吐不能只按毛球处理,"[""cat""]",gastrointestinal,simple_owner_question,"[""猫一天吐很多次"", ""猫喝水也吐""]","[""连续或反复呕吐""]","[""猫慢性胃肠疾病可表现为反复呕吐、食欲下降、腹泻或体重下降"", ""反复呕吐需要系统评估，不能只依据呕吐物外观确定原因""]","[""呕吐持续了多久？总共呕吐了几次？"", ""目前还能否正常进食或饮水？"", ""呕吐物或粪便中是否有血液或黑色柏油样物质？""]",不要自行催吐；发现线状异物不要拉扯；若出现任一红旗症状（如无法饮水、极度虚弱、腹痛、线状异物露出等），应立即就医或急诊。尽快就医并携带呕吐物照片和可能误食物品信息。,"[""无法饮水"", ""极度虚弱"", ""腹痛"", ""线状异物从口或肛门露出""]",猫反复呕吐不能只按毛球处理；猫一天吐很多次；猫喝水也吐；连续或反复呕吐；猫慢性胃肠疾病可表现为反复呕吐、食欲下降、腹泻或体重下降；反复呕吐需要系统评估，不能只依据呕吐物外观确定原因；无法饮水；极度虚弱；腹痛；线状异物从口或肛门露出,"[{""source_id"": ""PMC10385529"", ""title"": ""Fecal Calprotectin Concentrations in Cats with Chronic Enteropathies"", ""url"": ""https://pmc.ncbi.nlm.nih.gov/articles/PMC10385529/"", ""license"": ""CC BY 4.0"", ""page_or_section"": ""Abstract"", ""verification_status"": ""source_identity_license_and_locator_verified_2026-08-12; veterinary_claim_review_pending"", ""support_note"": ""中文内容为保守概括；来源用于支持主题、物种和风险边界，不代表个体诊断。"", ""change_note"": ""已在 v1.4 核对来源身份、商业许可、题名和定位；未逐字复制。""}]",Only verified CC BY/CC0 evidence is retained; attribution and change notices are mandatory.,true,adversarial_review_fixes_applied_v1_6,blocked_pending_mainland_China_licensed_veterinarian_review,true,test,false,b68bff3be4b2fc0c9cabe70b01ff2385b3524c01558dd3a6a15ec8b63f4e99a9
MVP-GI-006,1.6.0-open-mvp-truth-repair-draft,zh-CN,猫反复吐出毛发也需要评估,"[""cat""]",gastrointestinal,simple_owner_question,"[""猫总吐出毛"", ""猫频繁吐毛球正常吗""]","[""反复呕吐物中带毛"", ""可能伴食欲或体重变化""]","[""频繁呕吐不是一个可仅凭“毛球”标签解释的诊断"", ""伴体重下降、食欲变化或持续胃肠症状时应由兽医进一步评估""]","[""猫咪现在还能正常进食吗？"", ""最近24小时内有没有排便？"", ""排便是否带血或呈黑色？""]",增加温和梳理并记录频率；若出现频繁呕吐、持续干呕、不排便、便血或黑便、腹痛、不吃或精神差等任一情况，应立即就医。,"[""持续干呕吐不出"", ""不排便"", ""便血或黑便"", ""腹痛"", ""不吃或精神差""]",猫反复吐出毛发也需要评估；猫总吐出毛；猫频繁吐毛球正常吗；反复呕吐物中带毛；可能伴食欲或体重变化；频繁呕吐不是一个可仅凭“毛球”标签解释的诊断；伴体重下降、食欲变化或持续胃肠症状时应由兽医进一步评估；持续干呕吐不出；不排便；腹痛；不吃或精神差,"[{""source_id"": ""PMC10385529"", ""title"": ""Fecal Calprotectin Concentrations in Cats with Chronic Enteropathies"", ""url"": ""https://pmc.ncbi.nlm.nih.gov/articles/PMC10385529/"", ""license"": ""CC BY 4.0"", ""page_or_section"": ""Abstract"", ""verification_status"": ""source_identity_license_and_locator_verified_2026-08-12; veterinary_claim_review_pending"", ""support_note"": ""中文内容为保守概括；来源用于支持主题、物种和风险边界，不代表个体诊断。"", ""change_note"": ""已在 v1.4 核对来源身份、商业许可、题名和定位；未逐字复制。""}]",Only verified CC BY/CC0 evidence is retained; attribution and change notices are mandatory.,true,adversarial_review_fixes_applied_v1_6,blocked_pending_mainland_China_licensed_veterinarian_review,true,test,false,701e64f548ada869ca300b6dacd79076325c76bea89d73fda99b46d9b7f21157
MVP-GI-007,1.6.0-open-mvp-truth-repair-draft,zh-CN,猫排便困难或便秘,"[""cat""]",gastrointestinal,simple_owner_question,"[""猫几天没拉"", ""猫拉屎很用力""]","[""排便次数减少、粪便干硬或反复用力""]","[""猫便秘可反复并进展，严重或慢性病例需要检查原因""]","[""是否能确认猫排出了尿液（反复用力但无尿属于急症）？"", ""猫是否出现呕吐？"", ""猫是否有腹部疼痛表现（如弓背、躲藏、抗拒触摸）？""]",确认是在排便而非无尿；记录猫砂盆情况并尽快联系兽医，不自行使用人用泻药；若出现上述任一红旗表现，请立即就医或急诊。,"[""反复用力但无法确认排尿"", ""呕吐"", ""腹部疼痛"", ""精神食欲下降""]",猫排便困难或便秘；猫几天没拉；猫拉屎很用力；排便次数减少、粪便干硬或反复用力；猫便秘可反复并进展，严重或慢性病例需要检查原因；反复用力但无法确认排尿；呕吐；腹部疼痛；精神食欲下降,"[{""source_id"": ""PMC9800827"", ""title"": ""Use of radiographic and histologic scores to evaluate cats with idiopathic megacolon grouped based on the duration of their clinical signs"", ""url"": ""https://pmc.ncbi.nlm.nih.gov/articles/PMC9800827/"", ""license"": ""CC BY"", ""page_or_section"": ""Abstract"", ""verification_status"": ""source_identity_license_and_locator_verified_2026-08-12; veterinary_claim_review_pending"", ""support_note"": ""中文内容为保守概括；来源用于支持主题、物种和风险边界，不代表个体诊断。"", ""change_note"": ""已在 v1.4 核对来源身份、商业许可、题名和定位；未逐字复制。""}]",Only verified CC BY/CC0 evidence is retained; attribution and change notices are mandatory.,true,adversarial_review_fixes_applied_v1_6,blocked_pending_mainland_China_licensed_veterinarian_review,true,test,false,f2498149d7b2f885d1016a23de049c9de8d318479874d18c436f0b85237e4f68
MVP-GI-008,1.6.0-open-mvp-truth-repair-draft,zh-CN,犬反复吞咽或进食后反流,"[""dog""]",gastrointestinal,simple_owner_question,"[""狗吃完东西就反流"", ""狗反复吞咽像卡住""]","[""进食后未见明显腹部用力就有食物或液体返出"", ""可能反复吞咽、咳呛或体重下降""]","[""反流与呕吐的过程不同，可能提示口咽或食管问题"", ""反复发生、吞咽困难、咳呛或体重下降时需要检查""]","[""能否正常进食和饮水？"", ""反流或吞咽问题从什么时候开始，已经发生几次？"", ""近期体重是否下降或持续减轻？""]",保证可自由饮水并记录排便。轻微、偶发的反流可短暂观察；若出现反复或频繁反流、吞咽困难、咳呛或呼吸急促、体重下降或持续减轻、疑似误食异物、完全无便且精神差、腹部膨大、疼痛或呕吐等任一红旗表现，应立即就医或急诊。,"[""呼吸急促或困难"", ""发绀"", ""持续咳呛"", ""发热"", ""无法吞咽或大量流涎"", ""腹部膨大"", ""反复呕吐"", ""完全无便并精神差"", ""误食骨头或异物""]",犬反复吞咽或进食后反流；狗吃完东西就反流；狗反复吞咽像卡住；进食后未见明显腹部用力就有食物或液体返出；可能反复吞咽、咳呛或体重下降；反流与呕吐的过程不同，可能提示口咽或食管问题；反复发生、吞咽困难、咳呛或体重下降时需要检查；呼吸急促或困难；发绀；持续咳呛；发热；无法吞咽或大量流涎；腹部膨大；反复呕吐；完全无便并精神差；误食骨头或异物,"[{""source_id"": ""PMC3671744"", ""title"": ""Imaging Evaluation of Dogs and Cats with Dysphagia"", ""url"": ""https://pmc.ncbi.nlm.nih.gov/articles/PMC3671744/"", ""license"": ""CC BY"", ""page_or_section"": ""Abstract"", ""verification_status"": ""source_identity_license_and_locator_verified_2026-08-12; veterinary_claim_review_pending"", ""support_note"": ""中文内容为保守概括；来源用于支持主题、物种和风险边界，不代表个体诊断。"", ""change_note"": ""已在 v1.4 核对来源身份、商业许可、题名和定位；未逐字复制。""}]",Only verified CC BY/CC0 evidence is retained; attribution and change notices are mandatory.,true,adversarial_review_fixes_applied_v1_6,blocked_pending_mainland_China_licensed_veterinarian_review,true,test,false,c9dfe52f5e393b8b38f93dfd5fa2558ed060d3cb4ff68a32db6e237a1be41a67
MVP-GI-009,1.6.0-open-mvp-truth-repair-draft,zh-CN,区分呕吐和反流,"[""cat"", ""dog""]",gastrointestinal,simple_owner_question,"[""吃完就吐"", ""没有干呕就吐出来""]","[""食物被动流出，或先出现恶心和腹部用力""]","[""反流和呕吐的发生机制与检查方向不同，视频有助于兽医区分""]","[""呕吐或反流是什么时候开始的？已经发生几次？"", ""是否伴随疼痛、便血或精神下降？"", ""是否能正常进食和饮水？""]",拍摄发作视频并记录与进食时间的关系；若出现吞咽困难、呼吸急促或咳嗽、无法进食饮水、体重下降、呕血、黑便或便血、精神萎靡或沉郁、牙龈干燥或皮肤回弹变慢、持续频繁呕吐或反流等任一危险信号，请立即就医或前往急诊，不要等待重复发生。,"[""吞咽困难"", ""呼吸急促或咳嗽"", ""无法进食饮水"", ""体重下降"", ""呕血"", ""黑便或便血"", ""精神萎靡或沉郁"", ""牙龈干燥、皮肤回弹变慢或眼窝凹陷"", ""持续频繁呕吐或反流""]",区分呕吐和反流；吃完就吐；没有干呕就吐出来；食物被动流出，或先出现恶心和腹部用力；反流和呕吐的发生机制与检查方向不同，视频有助于兽医区分；吞咽困难；呼吸急促或咳嗽；无法进食饮水；体重下降；呕血；黑便或便血；精神萎靡或沉郁；脱水；持续频繁呕吐或反流,"[{""source_id"": ""PMC3671744"", ""title"": ""Imaging Evaluation of Dogs and Cats with Dysphagia"", ""url"": ""https://pmc.ncbi.nlm.nih.gov/articles/PMC3671744/"", ""license"": ""CC BY"", ""page_or_section"": ""Abstract"", ""verification_status"": ""source_identity_license_and_locator_verified_2026-08-12; veterinary_claim_review_pending"", ""support_note"": ""中文内容为保守概括；来源用于支持主题、物种和风险边界，不代表个体诊断。"", ""change_note"": ""已在 v1.4 核对来源身份、商业许可、题名和定位；未逐字复制。""}]",Only verified CC BY/CC0 evidence is retained; attribution and change notices are mandatory.,true,adversarial_review_fixes_applied_v1_6,blocked_pending_mainland_China_licensed_veterinarian_review,true,test,false,e2daf00cf38495961d10f347001339c42225a107776870584c3a3b4f22058553
MVP-GI-010,1.6.0-open-mvp-truth-repair-draft,zh-CN,猫食欲突然下降,"[""cat""]",gastrointestinal,simple_owner_question,"[""猫不爱吃饭"", ""猫突然不吃""]","[""进食量明显少于平时""]","[""猫食欲下降可能与压力、疼痛、口腔或全身疾病有关""]","[""猫咪食欲下降持续了多长时间？"", ""近24小时内饮水情况如何，有没有明显增加或减少？"", ""是否有观察到皮肤或眼白发黄、虚弱无力或呼吸异常？""]",记录实际进食量和饮水情况，观察口腔有无流涎、躲避食物等疼痛表现，以及皮肤/眼白颜色、精神状态和呼吸情况；出现任一红旗症状应立即就医或急诊，无红旗但食欲持续下降超过24小时应尽快咨询兽医。,"[""完全不吃"", ""伴随呕吐或无尿"", ""黄疸"", ""虚弱或呼吸异常""]",猫食欲突然下降；猫不爱吃饭；猫突然不吃；进食量明显少于平时；猫食欲下降可能与压力、疼痛、口腔或全身疾病有关；完全不吃；伴随呕吐或无尿；黄疸；虚弱或呼吸异常,"[{""source_id"": ""PMC10093350"", ""title"": ""Drivers of Palatability for Cats and Dogs—What It Means for Pet Food Development"", ""url"": ""https://pmc.ncbi.nlm.nih.gov/articles/PMC10093350/"", ""license"": ""CC BY 4.0"", ""page_or_section"": ""Abstract"", ""verification_status"": ""source_identity_license_and_locator_verified_2026-08-12; veterinary_claim_review_pending"", ""support_note"": ""中文内容为保守概括；来源用于支持主题、物种和风险边界，不代表个体诊断。"", ""change_note"": ""已在 v1.4 核对来源身份、商业许可、题名和定位；未逐字复制。""}, {""source_id"": ""PMC7071134"", ""title"": ""Pain and Problem Behavior in Cats and Dogs"", ""url"": ""https://pmc.ncbi.nlm.nih.gov/articles/PMC7071134/"", ""license"": ""CC BY"", ""page_or_section"": ""Abstract"", ""verification_status"": ""source_identity_license_and_locator_verified_2026-08-12; veterinary_claim_review_pending"", ""support_note"": ""中文内容为保守概括；来源用于支持主题、物种和风险边界，不代表个体诊断。"", ""change_note"": ""已在 v1.4 核对来源身份、商业许可、题名和定位；未逐字复制。""}]",Only verified CC BY/CC0 evidence is retained; attribution and change notices are mandatory.,true,adversarial_review_fixes_applied_v1_6,blocked_pending_mainland_China_licensed_veterinarian_review,true,test,false,e695f173cebe3155e2d5fce4c2283164758a4524ffc9e79d63cf25f2f78de5bb
MVP-GI-011,1.6.0-open-mvp-truth-repair-draft,zh-CN,犬食欲突然下降,"[""dog""]",gastrointestinal,simple_owner_question,"[""狗突然不吃饭"", ""狗没胃口""]","[""拒绝正餐或进食明显减少""]","[""适口性只是影响采食的一个方面，疼痛和疾病也会造成食欲改变""]","[""是否出现腹胀、干呕或反复呕吐？"", ""是否精神极度虚弱或反应迟钝？"", ""是否疑似误食毒物？""]",若出现腹胀干呕、反复呕吐、极度虚弱或疑似误食毒物等任一红旗表现，请立即前往急诊，不要仅在家记录观察；若暂无上述表现，可记录饮水、呕吐腹泻和疼痛情况，持续或出现全身异常时及时就医。,"[""腹胀干呕"", ""反复呕吐"", ""极度虚弱"", ""疑似误食毒物""]",犬食欲突然下降；狗突然不吃饭；狗没胃口；拒绝正餐或进食明显减少；适口性只是影响采食的一个方面，疼痛和疾病也会造成食欲改变；腹胀干呕；反复呕吐；极度虚弱；疑似误食毒物,"[{""source_id"": ""PMC10093350"", ""title"": ""Drivers of Palatability for Cats and Dogs—What It Means for Pet Food Development"", ""url"": ""https://pmc.ncbi.nlm.nih.gov/articles/PMC10093350/"", ""license"": ""CC BY 4.0"", ""page_or_section"": ""Abstract"", ""verification_status"": ""source_identity_license_and_locator_verified_2026-08-12; veterinary_claim_review_pending"", ""support_note"": ""中文内容为保守概括；来源用于支持主题、物种和风险边界，不代表个体诊断。"", ""change_note"": ""已在 v1.4 核对来源身份、商业许可、题名和定位；未逐字复制。""}, {""source_id"": ""PMC7071134"", ""title"": ""Pain and Problem Behavior in Cats and Dogs"", ""url"": ""https://pmc.ncbi.nlm.nih.gov/articles/PMC7071134/"", ""license"": ""CC BY"", ""page_or_section"": ""Abstract"", ""verification_status"": ""source_identity_license_and_locator_verified_2026-08-12; veterinary_claim_review_pending"", ""support_note"": ""中文内容为保守概括；来源用于支持主题、物种和风险边界，不代表个体诊断。"", ""change_note"": ""已在 v1.4 核对来源身份、商业许可、题名和定位；未逐字复制。""}]",Only verified CC BY/CC0 evidence is retained; attribution and change notices are mandatory.,true,adversarial_review_fixes_applied_v1_6,blocked_pending_mainland_China_licensed_veterinarian_review,true,test,false,2b428ec3d92e48c150ebf09df0bf1f632d3bc89ed03c539d707d3580de6cccd9
MVP-GI-012,1.6.0-open-mvp-truth-repair-draft,zh-CN,犬出现黑色柏油样便,"[""dog""]",gastrointestinal,simple_owner_question,"[""便便黑得发亮"", ""黑色黏便""]","[""粪便异常黑亮、黏稠或伴随异味""]","[""黑色柏油样便可提示消化道出血，但食物、药物和其他因素也会影响粪便颜色"", ""黑便伴虚弱、苍白、呕血或循环异常属于急症""]","[""它现在是否精神明显变差、虚弱或出现过晕倒？"", ""是否同时有呕血或牙龈苍白？"", ""最近3天是否吃过动物血、肝脏、铁剂或铋剂等可能让大便变黑的食物或药物？""]",保留照片或样本并当天联系医院；状态差时直接急诊。,"[""牙龈苍白"", ""虚弱或昏厥"", ""呕血"", ""呼吸急促""]",犬出现黑色柏油样便；便便黑得发亮；黑色黏便；粪便异常黑亮、黏稠或伴随异味；黑色柏油样便可提示消化道出血，但食物、药物和其他因素也会影响粪便颜色；黑便伴虚弱、苍白、呕血或循环异常属于急症；牙龈苍白；虚弱或昏厥；呕血；呼吸急促,"[{""source_id"": ""PMC8685323"", ""title"": ""Clinical Features and Risk Factors for Gastrointestinal Complications in Dogs Treated Surgically for Thoracolumbar Intervertebral Disc Extrusion"", ""url"": ""https://pmc.ncbi.nlm.nih.gov/articles/PMC8685323/"", ""license"": ""CC BY 4.0"", ""page_or_section"": ""Abstract"", ""verification_status"": ""source_identity_license_and_locator_verified_2026-08-12; veterinary_claim_review_pending"", ""support_note"": ""中文内容为保守概括；来源用于支持主题、物种和风险边界，不代表个体诊断。"", ""change_note"": ""已在 v1.4 核对来源身份、商业许可、题名和定位；未逐字复制。""}]",Only verified CC BY/CC0 evidence is retained; attribution and change notices are mandatory.,true,adversarial_review_fixes_applied_v1_6,blocked_pending_mainland_China_licensed_veterinarian_review,true,test,false,ded3c9defa5a044a5d94e56b9196fef0ff60abcc6f06374c27475ebe2e4a0110
MVP-GI-013,1.6.0-open-mvp-truth-repair-draft,zh-CN,犬便中出现鲜红色血,"[""dog""]",gastrointestinal,simple_owner_question,"[""便便带鲜血"", ""拉血了""]","[""粪便表面或便后可见鲜红血液""]","[""鲜红色血便可伴急性腹泻出现，但不能仅凭颜色确定病因或严重度"", ""出血量、频率和全身状态决定就医紧迫度""]","[""目前便血量是否大、持续滴血或带血凝块？"", ""它现在是否虚弱、无力或精神萎靡？"", ""它是否尚未完成疫苗接种？""]",若出现任一红旗表现（如大量出血、虚弱、频繁水样腹泻、幼龄动物未完成免疫），请立即前往急诊；若无上述情况，可拍照记录粪便情况并当天咨询兽医。不要自行使用止泻或止血药。,"[""大量出血"", ""频繁水样腹泻"", ""虚弱"", ""幼龄动物未完成免疫""]",犬便中出现鲜红色血；便便带鲜血；拉血了；粪便表面或便后可见鲜红血液；鲜红色血便可伴急性腹泻出现，但不能仅凭颜色确定病因或严重度；出血量、频率和全身状态决定就医紧迫度；大量出血；频繁水样腹泻；虚弱；幼龄动物未完成免疫,"[{""source_id"": ""PMC12156985"", ""title"": ""Epidemiology and clinical management of acute diarrhoea in dogs under primary veterinary care in the UK"", ""url"": ""https://pmc.ncbi.nlm.nih.gov/articles/PMC12156985/"", ""license"": ""CC BY 4.0"", ""page_or_section"": ""Abstract"", ""verification_status"": ""source_identity_license_and_locator_verified_2026-08-12; veterinary_claim_review_pending"", ""support_note"": ""中文内容为保守概括；来源用于支持主题、物种和风险边界，不代表个体诊断。"", ""change_note"": ""已在 v1.4 核对来源身份、商业许可、题名和定位；未逐字复制。""}]",Only verified CC BY/CC0 evidence is retained; attribution and change notices are mandatory.,true,adversarial_review_fixes_applied_v1_6,blocked_pending_mainland_China_licensed_veterinarian_review,true,test,false,a7da204665487113880c2780e228236feddfa7bc28b72bfca18cffaa6a44ea72
MVP-GI-014,1.6.0-open-mvp-truth-repair-draft,zh-CN,犬换粮后出现软便,"[""dog""]",gastrointestinal,simple_owner_question,"[""刚换粮就软便"", ""新粮吃了拉稀""]","[""饮食变化后粪便变软""]","[""换粮时间与软便相关不等于已经确定原因"", ""持续腹泻或伴呕吐、拒食、虚弱、便血时需要就医""]","[""软便/腹泻是从什么时候开始的？目前持续了多久？"", ""到今天为止腹泻/软便发生了几次？"", ""目前能否正常进食和饮水？""]",暂停引入任何新食物并记录当前配方和喂食比例；若软便持续，可暂时退回旧粮或改喂易消化食物，并逐步过渡；出现任一红旗表现时立即就医。,"[""反复呕吐"", ""便血"", ""精神下降"", ""无法饮水"", ""拒食/食欲废绝"", ""持续腹泻超过24-48小时""]",犬换粮后出现软便；刚换粮就软便；新粮吃了拉稀；饮食变化后粪便变软；换粮时间与软便相关不等于已经确定原因；持续腹泻或伴呕吐、拒食、虚弱、便血时需要就医；反复呕吐；便血；精神下降；无法饮水；拒食/食欲废绝；持续腹泻超过24-48小时,"[{""source_id"": ""PMC12156985"", ""title"": ""Epidemiology and clinical management of acute diarrhoea in dogs under primary veterinary care in the UK"", ""url"": ""https://pmc.ncbi.nlm.nih.gov/articles/PMC12156985/"", ""license"": ""CC BY 4.0"", ""page_or_section"": ""Abstract"", ""verification_status"": ""source_identity_license_and_locator_verified_2026-08-12; veterinary_claim_review_pending"", ""support_note"": ""中文内容为保守概括；来源用于支持主题、物种和风险边界，不代表个体诊断。"", ""change_note"": ""已在 v1.4 核对来源身份、商业许可、题名和定位；未逐字复制。""}]",Only verified CC BY/CC0 evidence is retained; attribution and change notices are mandatory.,true,adversarial_review_fixes_applied_v1_6,blocked_pending_mainland_China_licensed_veterinarian_review,true,test,false,e33f2892fa96273606313acfe08a6455c7a6f63cbaf652bc173e2e9ce992fa57
MVP-NUT-001,1.6.0-open-mvp-truth-repair-draft,zh-CN,判断猫是否超重,"[""cat""]",nutrition,simple_owner_question,"[""猫是不是太胖"", ""猫肚子很大""]","[""腰线不明显、肋骨不易触及或活动减少等脂肪堆积表现"", ""腹部异常膨大需与肥胖导致的腰围增大区分，警惕腹水、肿瘤、怀孕等可能""]","[""猫肥胖需要结合体况评分、体重趋势和肌肉状态评估""]","[""猫目前的主食、零食和每日喂食方式是怎样的？"", ""猫是否伴随呕吐、腹泻或已诊断的慢性病？"", ""猫是否已绝育或存在怀孕可能？""]",记录每月体重并让兽医进行体况和肌肉评分，不要突然大幅减食；若出现上述任一红旗表现，请立即就医或急诊。,"[""呼吸费力"", ""无法正常活动"", ""食欲下降同时快速消瘦"", ""腹部快速增大或腹胀明显"", ""腹部触诊有波动感"", ""牙龈苍白或虚弱""]",判断猫是否超重；猫是不是太胖；猫肚子很大；腰线不明显、肋骨不易触及或活动减少等脂肪堆积表现；腹部异常膨大需与肥胖导致的腰围增大区分，警惕腹水、肿瘤、怀孕等可能；猫肥胖需要结合体况评分、体重趋势和肌肉状态评估；呼吸费力；无法正常活动；食欲下降同时快速消瘦；腹部快速增大或腹胀明显；腹部触诊有波动感；牙龈苍白或虚弱,"[{""source_id"": ""PMC5534443"", ""title"": ""Feline Obesity in Veterinary Medicine: Insights from a Thematic Analysis of Communication in Practice"", ""url"": ""https://pmc.ncbi.nlm.nih.gov/articles/PMC5534443/"", ""license"": ""CC BY"", ""page_or_section"": ""Abstract"", ""verification_status"": ""source_identity_license_and_locator_verified_2026-08-12; veterinary_claim_review_pending"", ""support_note"": ""中文内容为保守概括；来源用于支持主题、物种和风险边界，不代表个体诊断。"", ""change_note"": ""已在 v1.4 核对来源身份、商业许可、题名和定位；未逐字复制。""}]",Only verified CC BY/CC0 evidence is retained; attribution and change notices are mandatory.,true,adversarial_review_fixes_applied_v1_6,blocked_pending_mainland_China_licensed_veterinarian_review,true,test,false,4c12efc94315eb3c7759a49308c972bd69cc6d972b35d86bffb385f3cc6c7e50
MVP-NUT-002,1.6.0-open-mvp-truth-repair-draft,zh-CN,判断犬是否超重,"[""dog""]",nutrition,simple_owner_question,"[""狗是不是胖了"", ""狗没有腰了""]","[""肋骨难以触及、腰腹轮廓变圆或运动耐力下降""]","[""犬体况评分结合观察和触摸评估脂肪覆盖，比只看体重更有意义"", ""观察者之间可能存在差异，连续使用同一方法并由兽医确认更可靠""]","[""犬的年龄是多大？"", ""犬有哪些已确诊的疾病或长期用药？特别是内分泌疾病、慢性消化系统疾病。"", ""请描述犬的每日喂食情况：主食种类、大致喂食量、零食种类和频率，以及是否自由采食。""]",如出现运动时呼吸困难、昏厥或突然活动明显下降任一红旗，请立即停止居家体重管理并尽快就医或急诊。若没有这些红旗，可固定条件称重、记录体况照片，并与兽医制定渐进方案。,"[""运动时呼吸困难"", ""昏厥"", ""突然活动明显下降""]",判断犬是否超重；狗是不是胖了；狗没有腰了；肋骨难以触及、腰腹轮廓变圆或运动耐力下降；犬体况评分结合观察和触摸评估脂肪覆盖，比只看体重更有意义；观察者之间可能存在差异，连续使用同一方法并由兽医确认更可靠；运动时呼吸困难；昏厥；突然活动明显下降,"[{""source_id"": ""PMC11525006"", ""title"": ""Interobserver variability of assessing body condition scores in dogs"", ""url"": ""https://pmc.ncbi.nlm.nih.gov/articles/PMC11525006/"", ""license"": ""CC BY 4.0"", ""page_or_section"": ""Abstract"", ""verification_status"": ""source_identity_license_and_locator_verified_2026-08-12; veterinary_claim_review_pending"", ""support_note"": ""中文内容为保守概括；来源用于支持主题、物种和风险边界，不代表个体诊断。"", ""change_note"": ""已在 v1.4 核对来源身份、商业许可、题名和定位；未逐字复制。""}]",Only verified CC BY/CC0 evidence is retained; attribution and change notices are mandatory.,true,adversarial_review_fixes_applied_v1_6,blocked_pending_mainland_China_licensed_veterinarian_review,true,test,false,558f88a485a70d194e9e3abd0e06dd90ac708f9373fd2fec65a9e67a6bc480cf
MVP-NUT-003,1.6.0-open-mvp-truth-repair-draft,zh-CN,猫安全减重原则,"[""cat""]",nutrition,simple_owner_question,"[""宠物怎么减肥"", ""能不能少喂一半""]","[""体重或体况持续偏高""]","[""减重需要控制总能量并持续监测；过快或随意大幅减食并不安全""]","[""猫咪最近是否出现过拒食、呕吐、腹泻或虚弱等警示症状？"", ""目前每天主食和零食的种类及大致喂食量是多少？"", ""近一个月体重是稳定、上升还是下降？""]",称量主食和零食，定期复称，由兽医根据体况和疾病风险设定计划；若出现上述任一红旗表现，请立即就医或急诊。,"[""拒食"", ""快速消瘦"", ""呕吐腹泻"", ""虚弱""]",猫安全减重原则；宠物怎么减肥；能不能少喂一半；体重或体况持续偏高；减重需要控制总能量并持续监测；过快或随意大幅减食并不安全；拒食；快速消瘦；呕吐腹泻；虚弱,"[{""source_id"": ""PMC5534443"", ""title"": ""Feline Obesity in Veterinary Medicine: Insights from a Thematic Analysis of Communication in Practice"", ""url"": ""https://pmc.ncbi.nlm.nih.gov/articles/PMC5534443/"", ""license"": ""CC BY"", ""page_or_section"": ""Abstract"", ""verification_status"": ""source_identity_license_and_locator_verified_2026-08-12; veterinary_claim_review_pending"", ""support_note"": ""中文内容为保守概括；来源用于支持主题、物种和风险边界，不代表个体诊断。"", ""change_note"": ""已在 v1.4 核对来源身份、商业许可、题名和定位；未逐字复制。""}]",Only verified CC BY/CC0 evidence is retained; attribution and change notices are mandatory.,true,adversarial_review_fixes_applied_v1_6,blocked_pending_mainland_China_licensed_veterinarian_review,true,test,false,a85fa1c5035c6fd7d3ea6ef3bf47db50addfec8a08c215839108f42b0f8dec3c
MVP-NUT-004,1.6.0-open-mvp-truth-repair-draft,zh-CN,猫零食会不会影响体重,"[""cat""]",nutrition,simple_owner_question,"[""零食喂多了吗"", ""训练奖励会胖吗""]","[""正餐之外频繁获得零食或人食""]","[""总摄入量包括主食、零食和家庭成员额外投喂""]","[""猫咪目前的年龄、体重以及近期体重变化情况是怎样的？"", ""猫咪是否出现活动耐力明显下降？"", ""猫咪是否有呼吸急促、张口呼吸或呼吸困难？""]",统一家庭投喂记录，把奖励计入每日总量，并监测体重趋势。出现任一红旗（如呼吸异常、体重快速增加等）应立即就医或急诊，暂缓自行调整饮食。,"[""呼吸异常/张口呼吸/呼吸费力"", ""体重快速增加"", ""活动耐力明显下降"", ""已有慢性病""]",猫零食会不会影响体重；零食喂多了吗；训练奖励会胖吗；正餐之外频繁获得零食或人食；总摄入量包括主食、零食和家庭成员额外投喂；体重快速增加；活动耐力明显下降；已有慢性病,"[{""source_id"": ""PMC5534443"", ""title"": ""Feline Obesity in Veterinary Medicine: Insights from a Thematic Analysis of Communication in Practice"", ""url"": ""https://pmc.ncbi.nlm.nih.gov/articles/PMC5534443/"", ""license"": ""CC BY"", ""page_or_section"": ""Abstract"", ""verification_status"": ""source_identity_license_and_locator_verified_2026-08-12; veterinary_claim_review_pending"", ""support_note"": ""中文内容为保守概括；来源用于支持主题、物种和风险边界，不代表个体诊断。"", ""change_note"": ""已在 v1.4 核对来源身份、商业许可、题名和定位；未逐字复制。""}]",Only verified CC BY/CC0 evidence is retained; attribution and change notices are mandatory.,true,adversarial_review_fixes_applied_v1_6,blocked_pending_mainland_China_licensed_veterinarian_review,true,test,false,a5c55d8de4bb627d1d29fa8750fa435cd0575cb77311c586afacad1d19161edd
MVP-NUT-005,1.6.0-open-mvp-truth-repair-draft,zh-CN,猫突然挑食,"[""cat""]",nutrition,simple_owner_question,"[""猫只吃某一种"", ""猫变挑食了""]","[""拒绝原有食物但可能接受气味更强的食物""]","[""猫的采食受气味、质地、环境和健康状态共同影响""]","[""猫最近24小时实际吃了多少？"", ""最近是否出现腹泻？"", ""猫是否有已知慢性病（如肾病、糖尿病、甲状腺问题等）？""]",先确认实际进食量和是否有环境压力或食物变化；若猫出现完全不吃、流口水或咀嚼疼痛、呕吐、体重下降中任一红旗，应立即就医或急诊。,"[""完全不吃"", ""流口水或咀嚼疼痛"", ""呕吐"", ""体重下降""]",猫突然挑食；猫只吃某一种；猫变挑食了；拒绝原有食物但可能接受气味更强的食物；猫的采食受气味、质地、环境和健康状态共同影响；完全不吃；流口水或咀嚼疼痛；呕吐；体重下降,"[{""source_id"": ""PMC10093350"", ""title"": ""Drivers of Palatability for Cats and Dogs—What It Means for Pet Food Development"", ""url"": ""https://pmc.ncbi.nlm.nih.gov/articles/PMC10093350/"", ""license"": ""CC BY 4.0"", ""page_or_section"": ""Abstract"", ""verification_status"": ""source_identity_license_and_locator_verified_2026-08-12; veterinary_claim_review_pending"", ""support_note"": ""中文内容为保守概括；来源用于支持主题、物种和风险边界，不代表个体诊断。"", ""change_note"": ""已在 v1.4 核对来源身份、商业许可、题名和定位；未逐字复制。""}, {""source_id"": ""PMC7146962"", ""title"": ""Pain behaviors before and after treatment of oral disease in cats using video assessment: a prospective, blinded, randomized clinical trial"", ""url"": ""https://pmc.ncbi.nlm.nih.gov/articles/PMC7146962/"", ""license"": ""CC BY 4.0"", ""page_or_section"": ""Abstract"", ""verification_status"": ""source_identity_license_and_locator_verified_2026-08-12; veterinary_claim_review_pending"", ""support_note"": ""中文内容为保守概括；来源用于支持主题、物种和风险边界，不代表个体诊断。"", ""change_note"": ""已在 v1.4 核对来源身份、商业许可、题名和定位；未逐字复制。""}]",Only verified CC BY/CC0 evidence is retained; attribution and change notices are mandatory.,true,adversarial_review_fixes_applied_v1_6,blocked_pending_mainland_China_licensed_veterinarian_review,true,test,false,8235382b4c66c42933908e57962e8730768f7559bc5888c3740562647d9cd298
MVP-NUT-006,1.6.0-open-mvp-truth-repair-draft,zh-CN,犬突然挑食,"[""dog""]",nutrition,simple_owner_question,"[""狗只吃零食不吃饭"", ""狗变挑食""]","[""拒绝主食但索要零食""]","[""适口性会影响采食，但突然改变也可能是疼痛或疾病信号""]","[""它最近24小时是否有呕吐或腹泻？"", ""它最近24小时是否有腹胀干呕、虚弱或口腔疼痛？"", ""它最近体重是否有明显下降，或是否有已确诊的慢性病？""]",记录所有食物来源并减少随意加餐；伴随不适或持续拒食时检查；若出现上述任一红旗表现，请立即就医或急诊。,"[""腹胀干呕"", ""呕吐腹泻"", ""口腔疼痛"", ""虚弱""]",犬突然挑食；狗只吃零食不吃饭；狗变挑食；拒绝主食但索要零食；适口性会影响采食，但突然改变也可能是疼痛或疾病信号；腹胀干呕；呕吐腹泻；口腔疼痛；虚弱,"[{""source_id"": ""PMC10093350"", ""title"": ""Drivers of Palatability for Cats and Dogs—What It Means for Pet Food Development"", ""url"": ""https://pmc.ncbi.nlm.nih.gov/articles/PMC10093350/"", ""license"": ""CC BY 4.0"", ""page_or_section"": ""Abstract"", ""verification_status"": ""source_identity_license_and_locator_verified_2026-08-12; veterinary_claim_review_pending"", ""support_note"": ""中文内容为保守概括；来源用于支持主题、物种和风险边界，不代表个体诊断。"", ""change_note"": ""已在 v1.4 核对来源身份、商业许可、题名和定位；未逐字复制。""}, {""source_id"": ""PMC7071134"", ""title"": ""Pain and Problem Behavior in Cats and Dogs"", ""url"": ""https://pmc.ncbi.nlm.nih.gov/articles/PMC7071134/"", ""license"": ""CC BY"", ""page_or_section"": ""Abstract"", ""verification_status"": ""source_identity_license_and_locator_verified_2026-08-12; veterinary_claim_review_pending"", ""support_note"": ""中文内容为保守概括；来源用于支持主题、物种和风险边界，不代表个体诊断。"", ""change_note"": ""已在 v1.4 核对来源身份、商业许可、题名和定位；未逐字复制。""}]",Only verified CC BY/CC0 evidence is retained; attribution and change notices are mandatory.,true,adversarial_review_fixes_applied_v1_6,blocked_pending_mainland_China_licensed_veterinarian_review,true,test,false,1bcd608466e28acd9bd7b5a49ba3a91816903faa9622a7384cba5543eb522014
MVP-NUT-007,1.6.0-open-mvp-truth-repair-draft,zh-CN,犬猫生食的风险,"[""cat"", ""dog""]",nutrition,simple_owner_question,"[""能不能喂生肉"", ""生骨肉安全吗"", ""计划或正在喂未经充分加热的肉类""]","[""呕吐"", ""腹泻"", ""便血"", ""食欲下降""]","[""生食可能带来病原传播、营养不均衡和骨头损伤风险""]","[""宠物的年龄、体重，以及当前是否处于幼年、老年、怀孕、慢性病或免疫抑制等状态？"", ""目前是否已出现呕吐或腹泻？"", ""目前是否已出现便血或吞骨后疼痛/干呕？""]",不要把生食视为无风险方案；如坚持使用，应先与兽医营养专业人员讨论。出现任一红旗症状应立即就医或急诊。,"[""呕吐腹泻"", ""便血"", ""吞骨后疼痛或干呕""]",犬猫生食的风险；能不能喂生肉；生骨肉安全吗；计划或正在喂未经充分加热的肉类；生食可能带来病原传播、营养不均衡和骨头损伤风险；呕吐腹泻；便血；吞骨后疼痛或干呕；家中有免疫脆弱成员,"[{""source_id"": ""PMC5644655"", ""title"": ""Raw Meat-Based Diets in Dogs and Cats"", ""url"": ""https://pmc.ncbi.nlm.nih.gov/articles/PMC5644655/"", ""license"": ""CC BY"", ""page_or_section"": ""Abstract"", ""verification_status"": ""source_identity_license_and_locator_verified_2026-08-12; veterinary_claim_review_pending"", ""support_note"": ""中文内容为保守概括；来源用于支持主题、物种和风险边界，不代表个体诊断。"", ""change_note"": ""已在 v1.4 核对来源身份、商业许可、题名和定位；未逐字复制。""}]",Only verified CC BY/CC0 evidence is retained; attribution and change notices are mandatory.,true,adversarial_review_fixes_applied_v1_6,blocked_pending_mainland_China_licensed_veterinarian_review,true,test,false,a6e503c36fe1cc768dca418f047031b61353e150a4d2148665626929ba9a507b
MVP-NUT-008,1.6.0-open-mvp-truth-repair-draft,zh-CN,犬猫啃食骨头,"[""cat"", ""dog""]",nutrition,simple_owner_question,"[""可以喂骨头吗"", ""吞了骨头怎么办""]","[""啃咬或吞入骨头""]","[""骨头可能造成口腔、食道或胃肠道机械损伤，也可能造成梗阻""]","[""宠物目前是否出现任一红旗表现：呼吸困难、发绀、剧烈咳嗽、流涎、抓挠嘴部、吞咽困难、反复干呕、腹痛、便血或无法排便、精神萎靡？"", ""吞入的骨头是什么种类、大致大小，是生骨还是煮熟骨？"", ""骨头大概是在多久前吞入的？""]",不要继续喂骨头；若已吞入，记录骨头的种类、大小和吞入时间并联系兽医，不自行催吐。若出现任一红旗表现，立即就医或前往急诊。,"[""呼吸困难"", ""发绀"", ""剧烈咳嗽"", ""流涎"", ""抓挠嘴部"", ""吞咽困难"", ""反复干呕"", ""腹痛"", ""便血或无法排便"", ""精神萎靡""]",犬猫啃食骨头；可以喂骨头吗；吞了骨头怎么办；啃咬或吞入骨头；骨头可能造成口腔、食道或胃肠道机械损伤，也可能造成梗阻；呼吸困难；发绀；剧烈咳嗽；流涎；抓挠嘴部；吞咽困难；反复干呕；腹痛；便血或无法排便；精神萎靡,"[{""source_id"": ""PMC5644655"", ""title"": ""Raw Meat-Based Diets in Dogs and Cats"", ""url"": ""https://pmc.ncbi.nlm.nih.gov/articles/PMC5644655/"", ""license"": ""CC BY"", ""page_or_section"": ""Abstract"", ""verification_status"": ""source_identity_license_and_locator_verified_2026-08-12; veterinary_claim_review_pending"", ""support_note"": ""中文内容为保守概括；来源用于支持主题、物种和风险边界，不代表个体诊断。"", ""change_note"": ""已在 v1.4 核对来源身份、商业许可、题名和定位；未逐字复制。""}, {""source_id"": ""PMC3671744"", ""title"": ""Imaging Evaluation of Dogs and Cats with Dysphagia"", ""url"": ""https://pmc.ncbi.nlm.nih.gov/articles/PMC3671744/"", ""license"": ""CC BY"", ""page_or_section"": ""Abstract"", ""verification_status"": ""source_identity_license_and_locator_verified_2026-08-12; veterinary_claim_review_pending"", ""support_note"": ""中文内容为保守概括；来源用于支持主题、物种和风险边界，不代表个体诊断。"", ""change_note"": ""已在 v1.4 核对来源身份、商业许可、题名和定位；未逐字复制。""}]",Only verified CC BY/CC0 evidence is retained; attribution and change notices are mandatory.,true,adversarial_review_fixes_applied_v1_6,blocked_pending_mainland_China_licensed_veterinarian_review,true,test,false,108ac5681b4a69422f2c23391fd02db585394a33be6175e91e7f5c6c21b2e0bb
MVP-NUT-009,1.6.0-open-mvp-truth-repair-draft,zh-CN,监测饮水量变化,"[""cat"", ""dog""]",nutrition,simple_owner_question,"[""最近喝水变多"", ""怎么记录喝水""]","[""饮水次数或水碗消耗量改变""]","[""饮水变化需要结合排尿、饮食类型、天气和全身状态评估""]","[""近期是否使用任何药物或保健品（如利尿剂、糖皮质激素等）？"", ""与平时相比，饮水量是明显增加、明显减少还是大致不变？请描述大概变化幅度。"", ""排尿方面，频率、尿量或排尿状态有哪些变化（如明显增加、明显减少、排尿困难或尿色异常）？""]",若出现任一红旗表现（如完全不饮水、呕吐或无法留住水、虚弱、大量饮水伴大量排尿），请立即就医/急诊，不要仅居家记录；无红旗表现时，可固定水碗和计量方式记录数日，同时记录尿量和体重，持续异常时就医检查。,"[""大量饮水伴随大量排尿"", ""呕吐或无法留住水"", ""虚弱"", ""完全不饮水""]",监测饮水量变化；最近喝水变多；怎么记录喝水；饮水次数或水碗消耗量改变；饮水变化需要结合排尿、饮食类型、天气和全身状态评估；大量饮水伴随大量排尿；呕吐或无法留住水；虚弱；完全不饮水,"[{""source_id"": ""PMC8093391"", ""title"": ""Effects of IV Fluids in Dogs and Cats With Kidney Failure"", ""url"": ""https://pmc.ncbi.nlm.nih.gov/articles/PMC8093391/"", ""license"": ""CC BY 4.0"", ""page_or_section"": ""Abstract"", ""verification_status"": ""source_identity_license_and_locator_verified_2026-08-12; veterinary_claim_review_pending"", ""support_note"": ""中文内容为保守概括；来源用于支持主题、物种和风险边界，不代表个体诊断。"", ""change_note"": ""已在 v1.4 核对来源身份、商业许可、题名和定位；未逐字复制。""}, {""source_id"": ""PMC12472474"", ""title"": ""Comparative Pharmacological and Pharmaceutical Perspectives on Antidiabetic Therapies in Humans, Dogs, and Cats"", ""url"": ""https://pmc.ncbi.nlm.nih.gov/articles/PMC12472474/"", ""license"": ""CC BY 4.0"", ""page_or_section"": ""Abstract"", ""verification_status"": ""source_identity_license_and_locator_verified_2026-08-12; veterinary_claim_review_pending"", ""support_note"": ""中文内容为保守概括；来源用于支持主题、物种和风险边界，不代表个体诊断。"", ""change_note"": ""已在 v1.4 核对来源身份、商业许可、题名和定位；未逐字复制。""}]",Only verified CC BY/CC0 evidence is retained; attribution and change notices are mandatory.,true,adversarial_review_fixes_applied_v1_6,blocked_pending_mainland_China_licensed_veterinarian_review,true,test,false,4b6f456d752318532c17c5fba2acda3cabc44aee3853f77228fade492f26a4d8
MVP-NUT-010,1.6.0-open-mvp-truth-repair-draft,zh-CN,选择主食和换粮记录,"[""cat"", ""dog""]",nutrition,simple_owner_question,"[""怎么选主粮"", ""换粮需要注意什么""]","[""计划更换日常主食或已开始换粮""]","[""犬猫的营养和采食特征不同，选择应匹配物种、生命阶段和个体健康状况""]","[""宠物目前的年龄、体重以及近期体重是否有明显变化？"", ""是否已经换粮？换粮后是否出现反复呕吐、严重腹泻、面部肿胀或呼吸异常？"", ""宠物是否有慢性病或正在服药？""]",若出现反复呕吐、严重腹泻、面部肿胀或呼吸异常中任一红旗症状，立即停止新粮并急诊；无红旗症状时才逐步观察粪便、食欲和体重，慢性病宠物先咨询兽医。,"[""换粮后反复呕吐"", ""严重腹泻"", ""面部肿胀或呼吸异常""]",选择主食和换粮记录；怎么选主粮；换粮需要注意什么；计划更换日常主食；犬猫的营养和采食特征不同，选择应匹配物种、生命阶段和个体健康状况；换粮后反复呕吐；严重腹泻；面部肿胀或呼吸异常,"[{""source_id"": ""PMC10093350"", ""title"": ""Drivers of Palatability for Cats and Dogs—What It Means for Pet Food Development"", ""url"": ""https://pmc.ncbi.nlm.nih.gov/articles/PMC10093350/"", ""license"": ""CC BY 4.0"", ""page_or_section"": ""Abstract"", ""verification_status"": ""source_identity_license_and_locator_verified_2026-08-12; veterinary_claim_review_pending"", ""support_note"": ""中文内容为保守概括；来源用于支持主题、物种和风险边界，不代表个体诊断。"", ""change_note"": ""已在 v1.4 核对来源身份、商业许可、题名和定位；未逐字复制。""}]",Only verified CC BY/CC0 evidence is retained; attribution and change notices are mandatory.,true,adversarial_review_fixes_applied_v1_6,blocked_pending_mainland_China_licensed_veterinarian_review,true,test,false,7e153739dca23b4a352991ff47a52e10b5d6747976d91759999224c029aadd73
MVP-PAR-001,1.6.0-open-mvp-truth-repair-draft,zh-CN,猫身上发现跳蚤或黑色颗粒,"[""cat""]",parasites,simple_owner_question,"[""猫有跳蚤"", ""毛里有黑点""]","[""可见跳蚤、跳蚤粪样颗粒或瘙痒""]","[""猫蚤可寄生猫和犬，环境阶段会影响持续控制""]","[""同住动物或家人是否也发现跳蚤或黑色颗粒？"", ""目前给猫用的驱虫产品是否按体重和推荐频率使用？"", ""最近是否使用过犬用驱虫产品？""]",用密齿梳检查并联系兽医选择猫可用产品，同时处理同住动物和环境；若出现任一红旗（幼猫虚弱或牙龈苍白、大面积抓伤、使用犬用驱虫产品后异常），应立即就医或急诊。,"[""幼猫虚弱或牙龈苍白"", ""大面积抓伤"", ""使用犬用驱虫产品后异常""]",猫身上发现跳蚤或黑色颗粒；猫有跳蚤；毛里有黑点；可见跳蚤、跳蚤粪样颗粒或瘙痒；猫蚤可寄生猫和犬，环境阶段会影响持续控制；幼猫虚弱或牙龈苍白；大面积抓伤；使用犬用驱虫产品后异常,"[{""source_id"": ""PMC5746801"", ""title"": ""The Biology and Ecology of Cat Fleas and Advancements in Their Pest Management: A Review"", ""url"": ""https://pmc.ncbi.nlm.nih.gov/articles/PMC5746801/"", ""license"": ""CC BY"", ""page_or_section"": ""Abstract"", ""verification_status"": ""source_identity_license_and_locator_verified_2026-08-12; veterinary_claim_review_pending"", ""support_note"": ""中文内容为保守概括；来源用于支持主题、物种和风险边界，不代表个体诊断。"", ""change_note"": ""已在 v1.4 核对来源身份、商业许可、题名和定位；未逐字复制。""}, {""source_id"": ""PMC8404700"", ""title"": ""Canine and Feline Parasitology: Analogies, Differences, and Relevance for Human Health"", ""url"": ""https://pmc.ncbi.nlm.nih.gov/articles/PMC8404700/"", ""license"": ""CC BY"", ""page_or_section"": ""Abstract"", ""verification_status"": ""source_identity_license_and_locator_verified_2026-08-12; veterinary_claim_review_pending"", ""support_note"": ""中文内容为保守概括；来源用于支持主题、物种和风险边界，不代表个体诊断。"", ""change_note"": ""已在 v1.4 核对来源身份、商业许可、题名和定位；未逐字复制。""}]",Only verified CC BY/CC0 evidence is retained; attribution and change notices are mandatory.,true,adversarial_review_fixes_applied_v1_6,blocked_pending_mainland_China_licensed_veterinarian_review,true,test,false,d583c9f8c959ca42f866b7be1ef263044712c1a9353c34dea3e111a31f032921
MVP-PAR-002,1.6.0-open-mvp-truth-repair-draft,zh-CN,犬身上发现跳蚤,"[""dog""]",parasites,simple_owner_question,"[""狗有跳蚤"", ""狗身上黑点会动""]","[""可见跳蚤或持续抓咬皮肤""]","[""跳蚤是犬猫常见外寄生虫，单只动物处理可能不足""]","[""是否已使用任何跳蚤/蜱产品？如已使用，请说明产品名称、剂量和上次使用时间。"", ""狗狗年龄多大？是否幼犬？"", ""皮肤是否有大面积红肿、破溃或脓性分泌物？""]",联系兽医选择适合犬体重和健康状态的产品，并同步检查同住宠物；若出现任一红旗症状（如幼犬虚弱、牙龈苍白、皮肤大面积感染、驱虫后抽搐或流涎），应立即就医或急诊。,"[""幼犬虚弱"", ""牙龈苍白"", ""皮肤大面积感染"", ""驱虫后抽搐或流涎""]",犬身上发现跳蚤；狗有跳蚤；狗身上黑点会动；可见跳蚤或持续抓咬皮肤；跳蚤是犬猫常见外寄生虫，单只动物处理可能不足；幼犬虚弱；牙龈苍白；皮肤大面积感染；驱虫后抽搐或流涎,"[{""source_id"": ""PMC5746801"", ""title"": ""The Biology and Ecology of Cat Fleas and Advancements in Their Pest Management: A Review"", ""url"": ""https://pmc.ncbi.nlm.nih.gov/articles/PMC5746801/"", ""license"": ""CC BY"", ""page_or_section"": ""Abstract"", ""verification_status"": ""source_identity_license_and_locator_verified_2026-08-12; veterinary_claim_review_pending"", ""support_note"": ""中文内容为保守概括；来源用于支持主题、物种和风险边界，不代表个体诊断。"", ""change_note"": ""已在 v1.4 核对来源身份、商业许可、题名和定位；未逐字复制。""}, {""source_id"": ""PMC8404700"", ""title"": ""Canine and Feline Parasitology: Analogies, Differences, and Relevance for Human Health"", ""url"": ""https://pmc.ncbi.nlm.nih.gov/articles/PMC8404700/"", ""license"": ""CC BY"", ""page_or_section"": ""Abstract"", ""verification_status"": ""source_identity_license_and_locator_verified_2026-08-12; veterinary_claim_review_pending"", ""support_note"": ""中文内容为保守概括；来源用于支持主题、物种和风险边界，不代表个体诊断。"", ""change_note"": ""已在 v1.4 核对来源身份、商业许可、题名和定位；未逐字复制。""}]",Only verified CC BY/CC0 evidence is retained; attribution and change notices are mandatory.,true,adversarial_review_fixes_applied_v1_6,blocked_pending_mainland_China_licensed_veterinarian_review,true,test,false,1438b794230e59c9900002da36e6269d02fdd6794b763c9dd649b57de7f0fabd
MVP-PAR-003,1.6.0-open-mvp-truth-repair-draft,zh-CN,犬猫身上发现蜱虫,"[""cat"", ""dog""]",parasites,simple_owner_question,"[""身上有蜱"", ""皮肤上有一只虫吸着""]","[""皮肤附着蜱或移除后局部红肿""]","[""蜱可造成局部刺激并传播病原，不同地区风险不同""]","[""蜱虫目前是否仍附着在宠物皮肤上？"", ""同住动物或家人是否也发现蜱虫？"", ""是否正在使用犬/猫专用、按体重和物种选择的驱虫产品？""]",不要挤破虫体；自行移除时用细尖镊子贴近皮肤垂直拔出，不要扭转、挤压或涂抹酒精/凡士林；无法安全完整移除时由医院处理；出现任一红旗症状（如虚弱/发热、牙龈苍白、步态异常、局部持续肿胀化脓）应立即就医或急诊。,"[""虚弱或发热"", ""牙龈苍白"", ""步态异常"", ""局部持续肿胀化脓""]",犬猫身上发现蜱虫；身上有蜱；皮肤上有一只虫吸着；皮肤附着蜱或移除后局部红肿；蜱可造成局部刺激并传播病原，不同地区风险不同；虚弱或发热；牙龈苍白；步态异常；局部持续肿胀化脓,"[{""source_id"": ""PMC8404700"", ""title"": ""Canine and Feline Parasitology: Analogies, Differences, and Relevance for Human Health"", ""url"": ""https://pmc.ncbi.nlm.nih.gov/articles/PMC8404700/"", ""license"": ""CC BY"", ""page_or_section"": ""Abstract"", ""verification_status"": ""source_identity_license_and_locator_verified_2026-08-12; veterinary_claim_review_pending"", ""support_note"": ""中文内容为保守概括；来源用于支持主题、物种和风险边界，不代表个体诊断。"", ""change_note"": ""已在 v1.4 核对来源身份、商业许可、题名和定位；未逐字复制。""}]",Only verified CC BY/CC0 evidence is retained; attribution and change notices are mandatory.,true,adversarial_review_fixes_applied_v1_6,blocked_pending_mainland_China_licensed_veterinarian_review,true,test,false,d0c8afeeff89d05d066baf9c538bea4c4a232f512ccabb28fcc30b129e2229bb
MVP-PAR-004,1.6.0-open-mvp-truth-repair-draft,zh-CN,选择驱虫产品不能只看品牌,"[""cat"", ""dog""]",parasites,simple_owner_question,"[""驱虫药怎么选"", ""猫狗能共用驱虫药吗""]","[""抓挠、舔咬、皮肤红疹、脱毛、可见跳蚤/蜱、粪便中见虫体或节片、腹胀、体重下降等""]","[""犬猫寄生虫风险和可用产品存在差异，产品选择需结合物种、体重、年龄和暴露""]","[""宠物是猫还是狗？体重和年龄是多少？"", ""宠物身上、粪便中或环境里是否发现虫体、虫卵/节片或其他白色颗粒样物、跳蚤或蜱？""]",若已出现流涎、震颤、抽搐、呼吸异常或虚弱等任一症状，应立即停止使用相关驱虫产品并尽快就医；否则核对物种、体重和成分后由当地兽医制定方案，猫不要使用未确认安全的犬用产品；若出现上述任一红旗表现，请立即就医或急诊。,"[""用药后流涎震颤"", ""抽搐"", ""呼吸异常"", ""虚弱""]",选择驱虫产品不能只看品牌；驱虫药怎么选；猫狗能共用驱虫药吗；需要制定内外寄生虫预防方案；犬猫寄生虫风险和可用产品存在差异，产品选择需结合物种、体重、年龄和暴露；用药后流涎震颤；抽搐；呼吸异常；虚弱,"[{""source_id"": ""PMC8404700"", ""title"": ""Canine and Feline Parasitology: Analogies, Differences, and Relevance for Human Health"", ""url"": ""https://pmc.ncbi.nlm.nih.gov/articles/PMC8404700/"", ""license"": ""CC BY"", ""page_or_section"": ""Abstract"", ""verification_status"": ""source_identity_license_and_locator_verified_2026-08-12; veterinary_claim_review_pending"", ""support_note"": ""中文内容为保守概括；来源用于支持主题、物种和风险边界，不代表个体诊断。"", ""change_note"": ""已在 v1.4 核对来源身份、商业许可、题名和定位；未逐字复制。""}, {""source_id"": ""PMC11247265"", ""title"": ""Control of companion animal parasites and impact on One Health"", ""url"": ""https://pmc.ncbi.nlm.nih.gov/articles/PMC11247265/"", ""license"": ""CC BY"", ""page_or_section"": ""Abstract"", ""verification_status"": ""source_identity_license_and_locator_verified_2026-08-12; veterinary_claim_review_pending"", ""support_note"": ""中文内容为保守概括；来源用于支持主题、物种和风险边界，不代表个体诊断。"", ""change_note"": ""已在 v1.4 核对来源身份、商业许可、题名和定位；未逐字复制。""}]",Only verified CC BY/CC0 evidence is retained; attribution and change notices are mandatory.,true,adversarial_review_fixes_applied_v1_6,blocked_pending_mainland_China_licensed_veterinarian_review,true,test,false,8d70ed9aacc1bf4ad8767767ed195c78c7797e31899cabe884bcf4ff8323b3c0
MVP-PAR-005,1.6.0-open-mvp-truth-repair-draft,zh-CN,驱虫频率需要个体化,"[""cat"", ""dog""]",parasites,simple_owner_question,"[""多久驱虫一次"", ""室内宠物要不要驱虫""]","[""未见虫体、呕吐腹泻、体重下降等异常表现""]","[""寄生虫控制应基于地区流行病学和个体暴露风险，不宜用单一频率覆盖所有宠物""]","[""近期是否旅行或去过蜱虫、心丝虫等高发地区？"", ""宠物是否经常在草地、林地等蜱虫高发环境活动？"", ""目前是否在规律使用适合宠物物种和体重的驱虫产品？""]",向本地兽医说明生活方式、旅行和环境暴露情况，建立并记录个体化驱虫计划；若出现任一红旗（如可见虫体伴随呕吐腹泻、幼龄宠物虚弱、体重下降等），应立即就医或急诊。,"[""可见虫体伴随呕吐腹泻"", ""幼龄宠物虚弱"", ""体重下降""]",驱虫频率需要个体化；多久驱虫一次；室内宠物要不要驱虫；无明显异常表现（预防性驱虫咨询）；寄生虫控制应基于地区流行病学和个体暴露风险，不宜用单一频率覆盖所有宠物；可见虫体伴随呕吐腹泻；幼龄宠物虚弱；体重下降,"[{""source_id"": ""PMC11247265"", ""title"": ""Control of companion animal parasites and impact on One Health"", ""url"": ""https://pmc.ncbi.nlm.nih.gov/articles/PMC11247265/"", ""license"": ""CC BY"", ""page_or_section"": ""Abstract"", ""verification_status"": ""source_identity_license_and_locator_verified_2026-08-12; veterinary_claim_review_pending"", ""support_note"": ""中文内容为保守概括；来源用于支持主题、物种和风险边界，不代表个体诊断。"", ""change_note"": ""已在 v1.4 核对来源身份、商业许可、题名和定位；未逐字复制。""}, {""source_id"": ""PMC8404700"", ""title"": ""Canine and Feline Parasitology: Analogies, Differences, and Relevance for Human Health"", ""url"": ""https://pmc.ncbi.nlm.nih.gov/articles/PMC8404700/"", ""license"": ""CC BY"", ""page_or_section"": ""Abstract"", ""verification_status"": ""source_identity_license_and_locator_verified_2026-08-12; veterinary_claim_review_pending"", ""support_note"": ""中文内容为保守概括；来源用于支持主题、物种和风险边界，不代表个体诊断。"", ""change_note"": ""已在 v1.4 核对来源身份、商业许可、题名和定位；未逐字复制。""}]",Only verified CC BY/CC0 evidence is retained; attribution and change notices are mandatory.,true,adversarial_review_fixes_applied_v1_6,blocked_pending_mainland_China_licensed_veterinarian_review,true,test,false,02f41d94d1907a6ca55c0b17890d48f3cd031d665601c58225f08b8a05d8e00f
MVP-PAR-006,1.6.0-open-mvp-truth-repair-draft,zh-CN,粪便中看到虫体或米粒样节片,"[""cat"", ""dog""]",parasites,simple_owner_question,"[""便里有虫"", ""屁股旁有白色米粒""]","[""粪便或肛周可见虫体或节片样物""]","[""不同寄生虫处理方法不同，外观照片不能完成全部鉴别""]","[""是否同时出现便血、腹泻呕吐、腹部膨大或明显消瘦？"", ""看到的虫体或节片是米粒样、长条状还是白色小颗粒？"", ""最近是否规律使用适合宠物种类和体重的驱虫药？""]",拍照并密封少量新鲜粪便样本，清理环境和手卫生，预约粪检；若出现便血、幼宠腹泻呕吐、腹部膨大并虚弱或明显消瘦等任一红旗表现，请立即就医或前往急诊。,"[""幼宠腹泻呕吐"", ""腹部膨大并虚弱"", ""便血"", ""明显消瘦""]",粪便中看到虫体或米粒样节片；便里有虫；屁股旁有白色米粒；粪便或肛周可见虫体或节片样物；不同寄生虫处理方法不同，外观照片不能完成全部鉴别；幼宠腹泻呕吐；腹部膨大并虚弱；便血；明显消瘦,"[{""source_id"": ""PMC8404700"", ""title"": ""Canine and Feline Parasitology: Analogies, Differences, and Relevance for Human Health"", ""url"": ""https://pmc.ncbi.nlm.nih.gov/articles/PMC8404700/"", ""license"": ""CC BY"", ""page_or_section"": ""Abstract"", ""verification_status"": ""source_identity_license_and_locator_verified_2026-08-12; veterinary_claim_review_pending"", ""support_note"": ""中文内容为保守概括；来源用于支持主题、物种和风险边界，不代表个体诊断。"", ""change_note"": ""已在 v1.4 核对来源身份、商业许可、题名和定位；未逐字复制。""}, {""source_id"": ""PMC11247265"", ""title"": ""Control of companion animal parasites and impact on One Health"", ""url"": ""https://pmc.ncbi.nlm.nih.gov/articles/PMC11247265/"", ""license"": ""CC BY"", ""page_or_section"": ""Abstract"", ""verification_status"": ""source_identity_license_and_locator_verified_2026-08-12; veterinary_claim_review_pending"", ""support_note"": ""中文内容为保守概括；来源用于支持主题、物种和风险边界，不代表个体诊断。"", ""change_note"": ""已在 v1.4 核对来源身份、商业许可、题名和定位；未逐字复制。""}]",Only verified CC BY/CC0 evidence is retained; attribution and change notices are mandatory.,true,adversarial_review_fixes_applied_v1_6,blocked_pending_mainland_China_licensed_veterinarian_review,true,test,false,32f04b7f4f2f402c3244f4bd454b51e49b49cee22144830095b5b9bd666a139d
MVP-PAR-007,1.6.0-open-mvp-truth-repair-draft,zh-CN,多宠家庭疑似耳螨,"[""cat"", ""dog""]",parasites,simple_owner_question,"[""几只猫都抓耳朵"", ""耳朵黑像咖啡渣""]","[""多只动物抓耳、甩头或耳垢增多""]","[""耳螨等寄生虫可在接触动物间传播，但仍需耳道检查确认""]","[""是否出现头歪、走路不稳或转圈等平衡异常？"", ""耳道是否出血或触碰时剧烈疼痛？"", ""是否自行使用过任何耳药、滴剂或驱虫产品？""]",分开共用梳具并预约耳镜和分泌物检查，不自行滴不明液体；若出现上述任一红旗表现，请立即就医或急诊。,"[""头歪失衡"", ""耳道出血"", ""剧烈疼痛""]",多宠家庭疑似耳螨；几只猫都抓耳朵；耳朵黑像咖啡渣；多只动物抓耳、甩头或耳垢增多；耳螨等寄生虫可在接触动物间传播，但仍需耳道检查确认；头歪失衡；耳道出血；剧烈疼痛,"[{""source_id"": ""PMC8404700"", ""title"": ""Canine and Feline Parasitology: Analogies, Differences, and Relevance for Human Health"", ""url"": ""https://pmc.ncbi.nlm.nih.gov/articles/PMC8404700/"", ""license"": ""CC BY"", ""page_or_section"": ""Abstract"", ""verification_status"": ""source_identity_license_and_locator_verified_2026-08-12; veterinary_claim_review_pending"", ""support_note"": ""中文内容为保守概括；来源用于支持主题、物种和风险边界，不代表个体诊断。"", ""change_note"": ""已在 v1.4 核对来源身份、商业许可、题名和定位；未逐字复制。""}]",Only verified CC BY/CC0 evidence is retained; attribution and change notices are mandatory.,true,adversarial_review_fixes_applied_v1_6,blocked_pending_mainland_China_licensed_veterinarian_review,true,test,false,6339674ffc97d1a45fd1c4b05420457f3a879bd923cc395d414c0f3e824fcf3f
MVP-PAR-008,1.6.0-open-mvp-truth-repair-draft,zh-CN,清理宠物粪便与人宠共患风险,"[""cat"", ""dog""]",parasites,simple_owner_question,"[""宠物寄生虫会传人吗"", ""粪便怎么处理""]","[""宠物粪便中可见虫体或米粒样节片"", ""宠物腹泻或肛周有跳蚤、蜱""]","[""部分犬猫寄生虫具有公共健康意义，及时清理粪便和手卫生是基础措施""]","[""家庭成员是否出现不明原因腹泻、腹痛、发热、皮疹或神经系统症状？"", ""宠物粪便中是否可见虫体、米粒样节片、黏液或血？"", ""同住动物是否也出现腹泻、虫体或肛周跳蚤、蜱等异常？""]",及时清理并密封处理粪便，清洁双手；儿童和免疫脆弱者避免直接接触；若出现上述任一红旗表现，请立即就医或急诊。,"[""家庭成员出现不明原因腹泻、腹痛、发热、皮肤游走性红肿或神经系统症状；免疫功能低下者或孕妇接触粪便后出现任何不适"", ""宠物持续腹泻或可见虫体""]",清理宠物粪便与人宠共患风险；宠物寄生虫会传人吗；粪便怎么处理；宠物粪便中可见虫体或米粒样节片；宠物腹泻或肛周有跳蚤、蜱；家庭成员出现不明原因腹泻、腹痛或皮疹等；部分犬猫寄生虫具有公共健康意义，及时清理粪便和手卫生是基础措施；家庭成员出现不明原因腹泻、腹痛、发热、皮肤游走性红肿或神经系统症状；免疫功能低下者或孕妇接触粪便后出现任何不适；宠物持续腹泻或可见虫体,"[{""source_id"": ""PMC11247265"", ""title"": ""Control of companion animal parasites and impact on One Health"", ""url"": ""https://pmc.ncbi.nlm.nih.gov/articles/PMC11247265/"", ""license"": ""CC BY"", ""page_or_section"": ""Abstract"", ""verification_status"": ""source_identity_license_and_locator_verified_2026-08-12; veterinary_claim_review_pending"", ""support_note"": ""中文内容为保守概括；来源用于支持主题、物种和风险边界，不代表个体诊断。"", ""change_note"": ""已在 v1.4 核对来源身份、商业许可、题名和定位；未逐字复制。""}, {""source_id"": ""PMC8404700"", ""title"": ""Canine and Feline Parasitology: Analogies, Differences, and Relevance for Human Health"", ""url"": ""https://pmc.ncbi.nlm.nih.gov/articles/PMC8404700/"", ""license"": ""CC BY"", ""page_or_section"": ""Abstract"", ""verification_status"": ""source_identity_license_and_locator_verified_2026-08-12; veterinary_claim_review_pending"", ""support_note"": ""中文内容为保守概括；来源用于支持主题、物种和风险边界，不代表个体诊断。"", ""change_note"": ""已在 v1.4 核对来源身份、商业许可、题名和定位；未逐字复制。""}]",Only verified CC BY/CC0 evidence is retained; attribution and change notices are mandatory.,true,adversarial_review_fixes_applied_v1_6,blocked_pending_mainland_China_licensed_veterinarian_review,true,test,false,d2e014d7c6845a0a495c5817fe908aadfbaae564053ba13f8b9f04f90fa4442b
MVP-PAR-009,1.6.0-open-mvp-truth-repair-draft,zh-CN,室内猫也需要评估寄生虫风险,"[""cat""]",parasites,simple_owner_question,"[""不出门的猫要驱虫吗"", ""室内猫会有跳蚤吗""]","[""完全或主要室内生活""]","[""室内生活可降低部分暴露，但不能自动排除跳蚤、蚊虫、鞋底带入或新动物带入风险""]","[""猫是否出现呼吸困难或持续咳嗽？"", ""猫是否出现虚弱、精神差或黏膜苍白？"", ""是否在猫身上、粪便或生活环境里看到跳蚤、蜱或虫体/虫体、节片或白色颗粒样物？""]",请咨询兽医，根据地区、楼层环境、同住动物和是否外出制定驱虫方案，并使用适合猫的种类和体重的产品。出现任一红旗表现时，请立即就医或急诊。,"[""发现跳蚤或蜱"", ""持续瘙痒"", ""粪便见虫"", ""虚弱/黏膜苍白"", ""咳嗽/呼吸困难""]",室内猫也需要评估寄生虫风险；不出门的猫要驱虫吗；室内猫会有跳蚤吗；完全或主要室内生活；室内生活可降低部分暴露，但不能自动排除跳蚤、蚊虫、鞋底带入或新动物带入风险；发现跳蚤或蜱；持续瘙痒；粪便见虫；虚弱/黏膜苍白；咳嗽/呼吸困难,"[{""source_id"": ""PMC5746801"", ""title"": ""The Biology and Ecology of Cat Fleas and Advancements in Their Pest Management: A Review"", ""url"": ""https://pmc.ncbi.nlm.nih.gov/articles/PMC5746801/"", ""license"": ""CC BY"", ""page_or_section"": ""Abstract"", ""verification_status"": ""source_identity_license_and_locator_verified_2026-08-12; veterinary_claim_review_pending"", ""support_note"": ""中文内容为保守概括；来源用于支持主题、物种和风险边界，不代表个体诊断。"", ""change_note"": ""已在 v1.4 核对来源身份、商业许可、题名和定位；未逐字复制。""}, {""source_id"": ""PMC11247265"", ""title"": ""Control of companion animal parasites and impact on One Health"", ""url"": ""https://pmc.ncbi.nlm.nih.gov/articles/PMC11247265/"", ""license"": ""CC BY"", ""page_or_section"": ""Abstract"", ""verification_status"": ""source_identity_license_and_locator_verified_2026-08-12; veterinary_claim_review_pending"", ""support_note"": ""中文内容为保守概括；来源用于支持主题、物种和风险边界，不代表个体诊断。"", ""change_note"": ""已在 v1.4 核对来源身份、商业许可、题名和定位；未逐字复制。""}]",Only verified CC BY/CC0 evidence is retained; attribution and change notices are mandatory.,true,adversarial_review_fixes_applied_v1_6,blocked_pending_mainland_China_licensed_veterinarian_review,true,test,false,9147e1eb3c94b7f7516f483038ddc104df55a269e4b42f7a7b3eaed65fe84743
MVP-GRM-001,1.6.0-open-mvp-truth-repair-draft,zh-CN,季节性掉毛还是异常脱毛,"[""cat"", ""dog""]",grooming,simple_owner_question,"[""最近掉毛很多"", ""是不是正常换毛""]","[""全身掉毛增加或局部被毛变稀""]","[""梳理可帮助观察皮肤，但局部脱毛、对称性脱毛、瘙痒和炎症提示需检查""]","[""脱毛是全身均匀的换毛，还是局部、对称性或快速扩散的异常脱毛？"", ""皮肤是否有红肿、渗出或化脓？"", ""宠物是否有精神变差、食欲下降或活动减少？""]",梳理时记录脱毛范围是否对称、皮肤有无皮屑红斑和抓挠；出现任一红旗症状（快速扩散脱毛、渗出化脓、剧烈瘙痒、精神食欲下降）应立即就医或急诊。,"[""快速扩散脱毛"", ""对称性脱毛"", ""渗出化脓"", ""剧烈瘙痒"", ""精神食欲下降""]",季节性掉毛还是异常脱毛；最近掉毛很多；是不是正常换毛；全身掉毛增加或局部被毛变稀；梳理可帮助观察皮肤，但局部脱毛、瘙痒和炎症提示需检查；快速扩散脱毛；渗出化脓；剧烈瘙痒；精神食欲下降,"[{""source_id"": ""PMC8907591"", ""title"": ""Grooming-Related Concerns Among Companion Animals: Preliminary Data on an Overlooked Topic and Considerations for Animals' Access to Health-Related Services"", ""url"": ""https://pmc.ncbi.nlm.nih.gov/articles/PMC8907591/"", ""license"": ""CC BY"", ""page_or_section"": ""Abstract"", ""verification_status"": ""source_identity_license_and_locator_verified_2026-08-12; veterinary_claim_review_pending"", ""support_note"": ""中文内容为保守概括；来源用于支持主题、物种和风险边界，不代表个体诊断。"", ""change_note"": ""已在 v1.4 核对来源身份、商业许可、题名和定位；未逐字复制。""}, {""source_id"": ""PMC6172809"", ""title"": ""Atopic dermatitis in cats and dogs: a difficult disease for animals and owners"", ""url"": ""https://pmc.ncbi.nlm.nih.gov/articles/PMC6172809/"", ""license"": ""CC BY"", ""page_or_section"": ""Abstract"", ""verification_status"": ""source_identity_license_and_locator_verified_2026-08-12; veterinary_claim_review_pending"", ""support_note"": ""中文内容为保守概括；来源用于支持主题、物种和风险边界，不代表个体诊断。"", ""change_note"": ""已在 v1.4 核对来源身份、商业许可、题名和定位；未逐字复制。""}]",Only verified CC BY/CC0 evidence is retained; attribution and change notices are mandatory.,true,adversarial_review_fixes_applied_v1_6,blocked_pending_mainland_China_licensed_veterinarian_review,true,test,false,72922db9be7285096308c4592091fef03ab6082495b8aded047de95e639cc456
MVP-GRM-002,1.6.0-open-mvp-truth-repair-draft,zh-CN,猫狗皮屑增多,"[""cat"", ""dog""]",grooming,simple_owner_question,"[""身上很多皮屑"", ""像头皮屑一样""]","[""被毛间白色鳞屑增多""]","[""皮屑可与皮肤屏障、梳理、寄生虫或皮肤病有关，照片不能确定原因""]","[""皮肤出现皮屑/症状持续多久了？"", ""近期是否更换过食物、洗护用品或居住环境？"", ""宠物是否有既往皮肤病、过敏或寄生虫史？""]",观察是否频繁抓挠、是否可见跳蚤/虱等外寄生虫；若皮屑持续或伴随红疹、脱毛、渗出，应做皮肤检查。若出现任一红旗表现（大面积发红、脱毛渗出、强烈瘙痒、家人出现皮损）应立即就医或急诊。,"[""大面积发红"", ""脱毛渗出"", ""强烈瘙痒"", ""家人出现皮损""]",猫狗皮屑增多；身上很多皮屑；像头皮屑一样；被毛间白色鳞屑增多；皮屑可与皮肤屏障、梳理、寄生虫或皮肤病有关，照片不能确定原因；大面积发红；脱毛渗出；强烈瘙痒；家人出现皮损,"[{""source_id"": ""PMC6172809"", ""title"": ""Atopic dermatitis in cats and dogs: a difficult disease for animals and owners"", ""url"": ""https://pmc.ncbi.nlm.nih.gov/articles/PMC6172809/"", ""license"": ""CC BY"", ""page_or_section"": ""Abstract"", ""verification_status"": ""source_identity_license_and_locator_verified_2026-08-12; veterinary_claim_review_pending"", ""support_note"": ""中文内容为保守概括；来源用于支持主题、物种和风险边界，不代表个体诊断。"", ""change_note"": ""已在 v1.4 核对来源身份、商业许可、题名和定位；未逐字复制。""}]",Only verified CC BY/CC0 evidence is retained; attribution and change notices are mandatory.,true,adversarial_review_fixes_applied_v1_6,blocked_pending_mainland_China_licensed_veterinarian_review,true,test,false,4c17f1e04557244414cdec900b858ccd95a21414da49ef2c935817c2451b9bc3
MVP-GRM-003,1.6.0-open-mvp-truth-repair-draft,zh-CN,猫狗被毛打结,"[""cat"", ""dog""]",grooming,simple_owner_question,"[""毛打结很严重"", ""毛团贴着皮肤""]","[""毛结靠近皮肤或拉扯疼痛""]","[""严重打结可隐藏皮肤问题，强行拉扯或贴皮剪切会增加损伤风险""]","[""毛结下方皮肤是否有破损、出血、渗液或异味？"", ""触碰毛结附近时，宠物是否出现攻击、躲闪或剧烈抗拒？"", ""打结范围是否广泛或紧贴皮肤？""]",不要用剪刀贴皮盲剪；范围大、紧贴皮肤或宠物抗拒时找专业人员处理；若出现上述任一红旗表现，请立即就医或急诊。,"[""皮肤被割伤"", ""毛结下渗出异味"", ""宠物剧烈疼痛或攻击""]",猫狗被毛打结；毛打结很严重；毛团贴着皮肤；毛结靠近皮肤或拉扯疼痛；严重打结可隐藏皮肤问题，强行拉扯或贴皮剪切会增加损伤风险；皮肤被割伤；毛结下渗出异味；宠物剧烈疼痛或攻击,"[{""source_id"": ""PMC8907591"", ""title"": ""Grooming-Related Concerns Among Companion Animals: Preliminary Data on an Overlooked Topic and Considerations for Animals' Access to Health-Related Services"", ""url"": ""https://pmc.ncbi.nlm.nih.gov/articles/PMC8907591/"", ""license"": ""CC BY"", ""page_or_section"": ""Abstract"", ""verification_status"": ""source_identity_license_and_locator_verified_2026-08-12; veterinary_claim_review_pending"", ""support_note"": ""中文内容为保守概括；来源用于支持主题、物种和风险边界，不代表个体诊断。"", ""change_note"": ""已在 v1.4 核对来源身份、商业许可、题名和定位；未逐字复制。""}]",Only verified CC BY/CC0 evidence is retained; attribution and change notices are mandatory.,true,adversarial_review_fixes_applied_v1_6,blocked_pending_mainland_China_licensed_veterinarian_review,true,test,false,16ff18e540aa182eabb65bffcc876190d01219854436efa5fd3124e31f275cc8
MVP-GRM-004,1.6.0-open-mvp-truth-repair-draft,zh-CN,指甲过长,"[""cat"", ""dog""]",grooming,simple_owner_question,"[""指甲太长了"", ""走路指甲响""]","[""指甲触地、弯曲或影响步态""]","[""指甲护理属于基础梳洗，但需要避免伤及含血管的甲芯""]","[""是否有出血不止？"", ""指甲是否已经嵌入肉垫？"", ""是否有明显跛行或肿胀？""]",少量逐步修剪；看不清甲芯、宠物挣扎或已有变形时请专业人员处理；若出现上述任一红旗表现，请立即就医或急诊。,"[""指甲嵌入肉垫"", ""出血不止"", ""明显跛行或肿胀""]",指甲过长；指甲太长了；走路指甲响；指甲触地、弯曲或影响步态；指甲护理属于基础梳洗，但需要避免伤及含血管的甲芯；指甲嵌入肉垫；出血不止；明显跛行或肿胀,"[{""source_id"": ""PMC8907591"", ""title"": ""Grooming-Related Concerns Among Companion Animals: Preliminary Data on an Overlooked Topic and Considerations for Animals' Access to Health-Related Services"", ""url"": ""https://pmc.ncbi.nlm.nih.gov/articles/PMC8907591/"", ""license"": ""CC BY"", ""page_or_section"": ""Abstract"", ""verification_status"": ""source_identity_license_and_locator_verified_2026-08-12; veterinary_claim_review_pending"", ""support_note"": ""中文内容为保守概括；来源用于支持主题、物种和风险边界，不代表个体诊断。"", ""change_note"": ""已在 v1.4 核对来源身份、商业许可、题名和定位；未逐字复制。""}]",Only verified CC BY/CC0 evidence is retained; attribution and change notices are mandatory.,true,adversarial_review_fixes_applied_v1_6,blocked_pending_mainland_China_licensed_veterinarian_review,true,test,false,822d6f447e16c40025fc028949039762705d2af572747d03e392b3aac675a108
MVP-GRM-005,1.6.0-open-mvp-truth-repair-draft,zh-CN,指甲劈裂或出血,"[""cat"", ""dog""]",minor_injury,simple_owner_question,"[""指甲断了"", ""指甲流血""]","[""甲壳劈裂、悬挂或少量出血""]","[""指甲损伤可疼痛并影响行走，深部损伤需要专业处理""]","[""出血是否持续或难以止住？"", ""指甲是否裂至根部或甲根有撕脱？"", ""是否明显跛行或不敢用受伤的脚着地？""]",限制舔咬和奔跑，可用干净纱布轻压；若出现持续出血、甲根撕脱或裂至根部、明显跛行、肿胀或化脓等任一红旗表现，应立即就医。,"[""持续出血"", ""甲根撕脱"", ""明显跛行"", ""肿胀化脓""]",指甲劈裂或出血；指甲断了；指甲流血；甲壳劈裂、悬挂或少量出血；指甲损伤可疼痛并影响行走，深部损伤需要专业处理；持续出血；甲根撕脱；明显跛行；肿胀化脓,"[{""source_id"": ""PMC8907591"", ""title"": ""Grooming-Related Concerns Among Companion Animals: Preliminary Data on an Overlooked Topic and Considerations for Animals' Access to Health-Related Services"", ""url"": ""https://pmc.ncbi.nlm.nih.gov/articles/PMC8907591/"", ""license"": ""CC BY"", ""page_or_section"": ""Abstract"", ""verification_status"": ""source_identity_license_and_locator_verified_2026-08-12; veterinary_claim_review_pending"", ""support_note"": ""中文内容为保守概括；来源用于支持主题、物种和风险边界，不代表个体诊断。"", ""change_note"": ""已在 v1.4 核对来源身份、商业许可、题名和定位；未逐字复制。""}, {""source_id"": ""PMC8357988"", ""title"": ""Volume Resuscitation in the Acutely Hemorrhaging Patient: Historic Use to Current Applications"", ""url"": ""https://pmc.ncbi.nlm.nih.gov/articles/PMC8357988/"", ""license"": ""CC BY"", ""page_or_section"": ""Abstract"", ""verification_status"": ""source_identity_license_and_locator_verified_2026-08-12; veterinary_claim_review_pending"", ""support_note"": ""中文内容为保守概括；来源用于支持主题、物种和风险边界，不代表个体诊断。"", ""change_note"": ""已在 v1.4 核对来源身份、商业许可、题名和定位；未逐字复制。""}]",Only verified CC BY/CC0 evidence is retained; attribution and change notices are mandatory.,true,adversarial_review_fixes_applied_v1_6,blocked_pending_mainland_China_licensed_veterinarian_review,true,test,false,90a784b6ab2ea2236241afa21c31abe4176129b054db3a02f2bde6116950e4b0
MVP-GRM-006,1.6.0-open-mvp-truth-repair-draft,zh-CN,散步后反复舔爪,"[""dog""]",dermatology,simple_owner_question,"[""遛完一直舔脚"", ""脚垫发红""]","[""散步后舔咬足部或趾间发红""]","[""足部不适可能与刺激物、异物、创伤、寄生虫或过敏有关""]","[""狗狗这次散步后舔爪的情况持续多久了，是每次都出现还是第一次发生？"", ""它是明显瘙痒想一直舔咬，还是看起来以疼痛为主、不太愿意让人碰脚？"", ""最近有没有接触新的地面清洁剂、草坪药物、除虫剂，或刚洗过澡、用过新护毛产品？""]",用清水冲洗并彻底擦干，检查趾间和肉垫；持续或单脚剧痛时检查。若出现无法负重、异物刺入、明显肿胀化脓或全身风团，应立即就医或急诊。,"[""无法负重"", ""异物刺入"", ""明显肿胀化脓"", ""全身风团""]",散步后反复舔爪；遛完一直舔脚；脚垫发红；散步后舔咬足部或趾间发红；足部不适可能与刺激物、异物、创伤、寄生虫或过敏有关；无法负重；异物刺入；明显肿胀化脓；全身风团,"[{""source_id"": ""PMC4531508"", ""title"": ""Canine atopic dermatitis: detailed guidelines for diagnosis and allergen identification"", ""url"": ""https://pmc.ncbi.nlm.nih.gov/articles/PMC4531508/"", ""license"": ""CC BY 4.0"", ""page_or_section"": ""Abstract"", ""verification_status"": ""source_identity_license_and_locator_verified_2026-08-12; veterinary_claim_review_pending"", ""support_note"": ""中文内容为保守概括；来源用于支持主题、物种和风险边界，不代表个体诊断。"", ""change_note"": ""已在 v1.4 核对来源身份、商业许可、题名和定位；未逐字复制。""}, {""source_id"": ""PMC10294810"", ""title"": ""Dermatological Problems of Brachycephalic Dogs"", ""url"": ""https://pmc.ncbi.nlm.nih.gov/articles/PMC10294810/"", ""license"": ""CC BY 4.0"", ""page_or_section"": ""Abstract"", ""verification_status"": ""source_identity_license_and_locator_verified_2026-08-12; veterinary_claim_review_pending"", ""support_note"": ""中文内容为保守概括；来源用于支持主题、物种和风险边界，不代表个体诊断。"", ""change_note"": ""已在 v1.4 核对来源身份、商业许可、题名和定位；未逐字复制。""}]",Only verified CC BY/CC0 evidence is retained; attribution and change notices are mandatory.,true,adversarial_review_fixes_applied_v1_6,blocked_pending_mainland_China_licensed_veterinarian_review,true,test,false,9ce4a8164b8bbbe96b4b69a7275f28e0a5463a8af645f4a88bb120b43a4638db
MVP-GRM-007,1.6.0-open-mvp-truth-repair-draft,zh-CN,短头犬皮褶发红有异味,"[""dog""]",dermatology,simple_owner_question,"[""法斗脸褶很臭"", ""皮褶发红""]","[""面部或尾部皮褶潮湿、红、异味""]","[""短头犬皮褶容易出现摩擦、潮湿和继发皮肤问题""]","[""皮褶问题反复发作还是第一次出现？持续多久了？"", ""皮褶是否有分泌物或渗出？如果有，是清亮、脓性还是血性？"", ""是否瘙痒或疼痛？程度如何？""]",保持褶皱清洁干燥，不使用刺激性消毒剂；出现任一红旗症状（明显疼痛、脓性分泌物、快速肿胀、精神食欲下降）应立即就医或急诊；反复发作、有分泌物或症状持续不缓解时，也建议尽快就诊。,"[""明显疼痛"", ""脓性分泌物"", ""快速肿胀"", ""精神食欲下降""]",短头犬皮褶发红有异味；法斗脸褶很臭；皮褶发红；面部或尾部皮褶潮湿、红、异味；短头犬皮褶容易出现摩擦、潮湿和继发皮肤问题；明显疼痛；脓性分泌物；快速肿胀；精神食欲下降,"[{""source_id"": ""PMC10294810"", ""title"": ""Dermatological Problems of Brachycephalic Dogs"", ""url"": ""https://pmc.ncbi.nlm.nih.gov/articles/PMC10294810/"", ""license"": ""CC BY 4.0"", ""page_or_section"": ""Abstract"", ""verification_status"": ""source_identity_license_and_locator_verified_2026-08-12; veterinary_claim_review_pending"", ""support_note"": ""中文内容为保守概括；来源用于支持主题、物种和风险边界，不代表个体诊断。"", ""change_note"": ""已在 v1.4 核对来源身份、商业许可、题名和定位；未逐字复制。""}]",Only verified CC BY/CC0 evidence is retained; attribution and change notices are mandatory.,true,adversarial_review_fixes_applied_v1_6,blocked_pending_mainland_China_licensed_veterinarian_review,true,test,false,bfe4e2ce8fac377cb72db725ccc2075df9a4a63f71396b9ada1b73e58c8b3d2c
MVP-GRM-008,1.6.0-open-mvp-truth-repair-draft,zh-CN,洗澡后皮肤发红或瘙痒,"[""cat"", ""dog""]",dermatology,simple_owner_question,"[""洗完澡一直挠"", ""换沐浴露后红了""]","[""洗澡后出现抓挠、发红或皮肤干燥""]","[""外用品和清洁过程可能刺激皮肤，也可能暴露原有皮肤病""]","[""皮肤发红或瘙痒的部位在哪里？"", ""皮肤发红或瘙痒持续了多长时间？"", ""皮肤是否有异味、渗出或瘙痒程度如何？""]",停止继续使用新产品，用清水彻底冲净并擦干；持续或加重时就医；若出现上述任一红旗表现，请立即就医或急诊。,"[""面部肿胀"", ""呼吸异常"", ""大面积风团"", ""渗出或剧痛""]",洗澡后皮肤发红或瘙痒；洗完澡一直挠；换沐浴露后红了；洗澡后出现抓挠、发红或皮肤干燥；外用品和清洁过程可能刺激皮肤，也可能暴露原有皮肤病；面部肿胀；呼吸异常；大面积风团；渗出或剧痛,"[{""source_id"": ""PMC6172809"", ""title"": ""Atopic dermatitis in cats and dogs: a difficult disease for animals and owners"", ""url"": ""https://pmc.ncbi.nlm.nih.gov/articles/PMC6172809/"", ""license"": ""CC BY"", ""page_or_section"": ""Abstract"", ""verification_status"": ""source_identity_license_and_locator_verified_2026-08-12; veterinary_claim_review_pending"", ""support_note"": ""中文内容为保守概括；来源用于支持主题、物种和风险边界，不代表个体诊断。"", ""change_note"": ""已在 v1.4 核对来源身份、商业许可、题名和定位；未逐字复制。""}]",Only verified CC BY/CC0 evidence is retained; attribution and change notices are mandatory.,true,adversarial_review_fixes_applied_v1_6,blocked_pending_mainland_China_licensed_veterinarian_review,true,test,false,b64914bafe3de8fc55bff76647e2743d3db0e03baaab5a4badda9500e58a1d6d
MVP-GRM-009,1.6.0-open-mvp-truth-repair-draft,zh-CN,小面积表浅擦伤,"[""cat"", ""dog""]",minor_injury,simple_owner_question,"[""擦破一点皮"", ""有个小伤口""]","[""小面积表皮破损，目前出血少且精神正常""]","[""伤口深度和污染程度仅凭表面不一定能完全判断""]","[""伤口是什么时候发生的，可能是什么原因造成的？"", ""伤口周围是否出现明显肿胀、疼痛或跛行？"", ""动物的精神状态和食欲是否正常？""]",防止舔咬，保持清洁干燥并记录变化；污染、疼痛或愈合异常时就医；若出现上述任一红旗表现，请立即就医或急诊。,"[""持续出血"", ""伤口很深或张开"", ""被咬伤"", ""肿胀渗出或异味""]",小面积表浅擦伤；擦破一点皮；有个小伤口；小面积表皮破损，目前出血少且精神正常；伤口深度和污染程度仅凭表面不一定能完全判断；持续出血；伤口很深或张开；被咬伤；肿胀渗出或异味,"[{""source_id"": ""PMC10892332"", ""title"": ""First-Intention Incisional Wound Healing in Dogs and Cats: A Controlled Trial of Dermapliq and Manuka Honey"", ""url"": ""https://pmc.ncbi.nlm.nih.gov/articles/PMC10892332/"", ""license"": ""CC BY 4.0"", ""page_or_section"": ""Abstract"", ""verification_status"": ""source_identity_license_and_locator_verified_2026-08-12; veterinary_claim_review_pending"", ""support_note"": ""中文内容为保守概括；来源用于支持主题、物种和风险边界，不代表个体诊断。"", ""change_note"": ""已在 v1.4 核对来源身份、商业许可、题名和定位；未逐字复制。""}, {""source_id"": ""PMC8357988"", ""title"": ""Volume Resuscitation in the Acutely Hemorrhaging Patient: Historic Use to Current Applications"", ""url"": ""https://pmc.ncbi.nlm.nih.gov/articles/PMC8357988/"", ""license"": ""CC BY"", ""page_or_section"": ""Abstract"", ""verification_status"": ""source_identity_license_and_locator_verified_2026-08-12; veterinary_claim_review_pending"", ""support_note"": ""中文内容为保守概括；来源用于支持主题、物种和风险边界，不代表个体诊断。"", ""change_note"": ""已在 v1.4 核对来源身份、商业许可、题名和定位；未逐字复制。""}]",Only verified CC BY/CC0 evidence is retained; attribution and change notices are mandatory.,true,adversarial_review_fixes_applied_v1_6,blocked_pending_mainland_China_licensed_veterinarian_review,true,test,false,323b5282c8029ef396a253427c189e57e3d743e126d8207561369d1036d1aad2
MVP-GRM-010,1.6.0-open-mvp-truth-repair-draft,zh-CN,被其他动物咬伤,"[""cat"", ""dog""]",minor_injury,simple_owner_question,"[""被狗咬了"", ""猫打架有洞""]","[""皮肤可见牙印、穿刺口、肿胀或疼痛""]","[""咬伤表面可能较小但存在深部组织损伤和污染风险""]","[""咬伤来源动物是家养、流浪，还是无法判断？目前能否观察到它？"", ""该动物的疫苗接种（尤其狂犬病）情况是否明确？"", ""伤口局部的肿胀、疼痛和活动情况如何？""]",避免自行封闭伤口，防止舔咬，并尽快由兽医评估。如出现胸腹部穿刺、呼吸异常、持续出血、虚弱或牙龈苍白等任一红旗，应立即就医或急诊。,"[""胸腹部穿刺"", ""呼吸异常"", ""持续出血"", ""虚弱或牙龈苍白""]",被其他动物咬伤；被狗咬了；猫打架有洞；皮肤可见牙印、穿刺口、肿胀或疼痛；咬伤表面可能较小但存在深部组织损伤和污染风险；胸腹部穿刺；呼吸异常；持续出血；虚弱或牙龈苍白,"[{""source_id"": ""PMC6598119"", ""title"": ""Prognostic Significance of Organ Dysfunction in Cats With Polytrauma"", ""url"": ""https://pmc.ncbi.nlm.nih.gov/articles/PMC6598119/"", ""license"": ""CC BY"", ""page_or_section"": ""Abstract"", ""verification_status"": ""source_identity_license_and_locator_verified_2026-08-12; veterinary_claim_review_pending"", ""support_note"": ""中文内容为保守概括；来源用于支持主题、物种和风险边界，不代表个体诊断。"", ""change_note"": ""已在 v1.4 核对来源身份、商业许可、题名和定位；未逐字复制。""}, {""source_id"": ""PMC8357988"", ""title"": ""Volume Resuscitation in the Acutely Hemorrhaging Patient: Historic Use to Current Applications"", ""url"": ""https://pmc.ncbi.nlm.nih.gov/articles/PMC8357988/"", ""license"": ""CC BY"", ""page_or_section"": ""Abstract"", ""verification_status"": ""source_identity_license_and_locator_verified_2026-08-12; veterinary_claim_review_pending"", ""support_note"": ""中文内容为保守概括；来源用于支持主题、物种和风险边界，不代表个体诊断。"", ""change_note"": ""已在 v1.4 核对来源身份、商业许可、题名和定位；未逐字复制。""}]",Only verified CC BY/CC0 evidence is retained; attribution and change notices are mandatory.,true,adversarial_review_fixes_applied_v1_6,blocked_pending_mainland_China_licensed_veterinarian_review,true,test,false,0bbfd555d08a850f6d3fc0ad3c3fc32518ad735740ee58047f99c2aa83a5dfbd
MVP-BEH-001,1.6.0-open-mvp-truth-repair-draft,zh-CN,猫突然在猫砂盆外排尿,"[""cat""]",behavior,simple_owner_question,"[""猫突然乱尿"", ""尿在床上""]","[""原本正常使用猫砂盆，近期在外排尿""]","[""猫砂盆外排尿既可能与环境和资源有关，也可能是泌尿疾病表现""]","[""猫咪是否频繁进出猫砂盆，但只能排出少量尿液、滴尿或完全无尿？"", ""最近是否有猫砂盆位置、猫砂类型、清洁频率、家庭成员或多猫资源等方面的变化？"", ""尿液中或猫砂盆外是否能看到血液或粉红色？""]",先确认尿量和是否疼痛；清洁事故点并安排泌尿评估，不惩罚；若出现上述任一红旗表现，请立即就医或急诊。,"[""反复用力无尿"", ""血尿"", ""呕吐虚弱"", ""公猫仅滴尿""]",猫突然在猫砂盆外排尿；猫突然乱尿；尿在床上；原本正常使用猫砂盆，近期在外排尿；猫砂盆外排尿既可能与环境和资源有关，也可能是泌尿疾病表现；反复用力无尿；血尿；呕吐虚弱；公猫仅滴尿,"[{""source_id"": ""PMC5985598"", ""title"": ""Common Risk Factors for Urinary House Soiling (Periuria) in Cats and Its Differentiation: The Sensitivity and Specificity of Common Diagnostic Signs"", ""url"": ""https://pmc.ncbi.nlm.nih.gov/articles/PMC5985598/"", ""license"": ""CC BY"", ""page_or_section"": ""Abstract"", ""verification_status"": ""source_identity_license_and_locator_verified_2026-08-12; veterinary_claim_review_pending"", ""support_note"": ""中文内容为保守概括；来源用于支持主题、物种和风险边界，不代表个体诊断。"", ""change_note"": ""已在 v1.4 核对来源身份、商业许可、题名和定位；未逐字复制。""}, {""source_id"": ""PMC6957472"", ""title"": ""Prevalence and risk factors of feline lower urinary tract disease in Chiang Mai, Thailand"", ""url"": ""https://pmc.ncbi.nlm.nih.gov/articles/PMC6957472/"", ""license"": ""CC BY 4.0"", ""page_or_section"": ""Abstract"", ""verification_status"": ""source_identity_license_and_locator_verified_2026-08-12; veterinary_claim_review_pending"", ""support_note"": ""中文内容为保守概括；来源用于支持主题、物种和风险边界，不代表个体诊断。"", ""change_note"": ""已在 v1.4 核对来源身份、商业许可、题名和定位；未逐字复制。""}]",Only verified CC BY/CC0 evidence is retained; attribution and change notices are mandatory.,true,adversarial_review_fixes_applied_v1_6,blocked_pending_mainland_China_licensed_veterinarian_review,true,test,false,a5093e0017710500fa557e7ff88e180b7909c669b84b4163cd964ca2aaa2de1f
MVP-BEH-002,1.6.0-open-mvp-truth-repair-draft,zh-CN,多猫家庭猫砂盆资源,"[""cat""]",behavior,simple_owner_question,"[""几只猫抢猫砂盆"", ""猫不愿意进猫砂盆""]","[""猫砂盆冲突、守门或部分猫在外排泄""]","[""猫砂盆位置、清洁、类型和多猫资源竞争都可能影响使用""]","[""猫砂盆冲突或在外排泄的行为是从什么时候开始的？"", ""这种行为每天大约发生几次？"", ""近期是否有搬家、新增宠物、家庭成员变化等环境变动？""]",如果出现任一红旗症状（如排尿疼痛、无尿、便秘呕吐、持续攻击等），请立即联系急诊兽医。否则可先提供分散、安静、易进入且保持清洁的猫砂盆，观察是否有猫阻挡。,"[""排尿疼痛"", ""无尿"", ""便秘呕吐"", ""持续攻击""]",多猫家庭猫砂盆资源；几只猫抢猫砂盆；猫不愿意进猫砂盆；猫砂盆冲突、守门或部分猫在外排泄；猫砂盆位置、清洁、类型和多猫资源竞争都可能影响使用；排尿疼痛；无尿；便秘呕吐；持续攻击,"[{""source_id"": ""PMC5985598"", ""title"": ""Common Risk Factors for Urinary House Soiling (Periuria) in Cats and Its Differentiation: The Sensitivity and Specificity of Common Diagnostic Signs"", ""url"": ""https://pmc.ncbi.nlm.nih.gov/articles/PMC5985598/"", ""license"": ""CC BY"", ""page_or_section"": ""Abstract"", ""verification_status"": ""source_identity_license_and_locator_verified_2026-08-12; veterinary_claim_review_pending"", ""support_note"": ""中文内容为保守概括；来源用于支持主题、物种和风险边界，不代表个体诊断。"", ""change_note"": ""已在 v1.4 核对来源身份、商业许可、题名和定位；未逐字复制。""}, {""source_id"": ""PMC9334771"", ""title"": ""Dealing With Stress in Cats: What Is New About the Olfactory Strategy?"", ""url"": ""https://pmc.ncbi.nlm.nih.gov/articles/PMC9334771/"", ""license"": ""CC BY"", ""page_or_section"": ""Abstract"", ""verification_status"": ""source_identity_license_and_locator_verified_2026-08-12; veterinary_claim_review_pending"", ""support_note"": ""中文内容为保守概括；来源用于支持主题、物种和风险边界，不代表个体诊断。"", ""change_note"": ""已在 v1.4 核对来源身份、商业许可、题名和定位；未逐字复制。""}]",Only verified CC BY/CC0 evidence is retained; attribution and change notices are mandatory.,true,adversarial_review_fixes_applied_v1_6,blocked_pending_mainland_China_licensed_veterinarian_review,true,test,false,16f828a130a75d4dd7f53bb7ae7729b75bd5677559778c3865886bad78c33c6b
MVP-BEH-003,1.6.0-open-mvp-truth-repair-draft,zh-CN,室内猫缺少合适抓挠和活动资源,"[""cat""]",behavior,simple_owner_question,"[""猫一直抓沙发"", ""怎么让猫不抓家具""]","[""在家具或墙面抓挠""]","[""猫的环境和资源安排会影响压力相关行为"", ""应提供可抓挠、躲藏、攀爬和互动的选择，并观察是否同时有疼痛或皮肤问题""]","[""抓挠行为是从什么时候开始的，大概多久发生一次？"", ""最近家里环境、作息或家庭成员有无变化？"", ""抓挠时是否表现疼痛、跛行或爪部出血/指甲撕裂？""]",在常抓位置旁提供稳定抓板或抓柱并奖励使用，避免体罚；若出现上述任一红旗表现，请立即就医或急诊。,"[""抓挠时表现疼痛或跛行"", ""爪部持续出血或指甲撕裂"", ""抓挠部位脱毛、红肿、破溃或渗出"", ""突然行为改变并不吃""]",室内猫缺少合适抓挠和活动资源；猫一直抓沙发；怎么让猫不抓家具；在家具或墙面抓挠；猫的环境和资源安排会影响压力相关行为；应提供可抓挠、躲藏、攀爬和互动的选择，并观察是否同时有疼痛或皮肤问题；抓挠时表现疼痛或跛行；爪部持续出血或指甲撕裂；抓挠部位脱毛、红肿、破溃或渗出；突然行为改变并不吃,"[{""source_id"": ""PMC9334771"", ""title"": ""Dealing With Stress in Cats: What Is New About the Olfactory Strategy?"", ""url"": ""https://pmc.ncbi.nlm.nih.gov/articles/PMC9334771/"", ""license"": ""CC BY"", ""page_or_section"": ""Abstract"", ""verification_status"": ""source_identity_license_and_locator_verified_2026-08-12; veterinary_claim_review_pending"", ""support_note"": ""中文内容为保守概括；来源用于支持主题、物种和风险边界，不代表个体诊断。"", ""change_note"": ""已在 v1.4 核对来源身份、商业许可、题名和定位；未逐字复制。""}]",Only verified CC BY/CC0 evidence is retained; attribution and change notices are mandatory.,true,adversarial_review_fixes_applied_v1_6,blocked_pending_mainland_China_licensed_veterinarian_review,true,test,false,20bebcd591a3b052414c1da203a982f70d578bee82b74bb998cc359266b32150
MVP-BEH-004,1.6.0-open-mvp-truth-repair-draft,zh-CN,猫夜间异常叫喊,"[""cat""]",behavior,simple_owner_question,"[""猫晚上一直叫"", ""老猫半夜叫""]","[""夜间叫声较以往明显增加""]","[""叫声变化可与环境、发情、压力、疼痛或老年相关问题有关""]","[""这种情况是突然出现还是逐渐加重？夜间叫喊的频率和持续时间如何？"", ""最近家里环境、成员或作息有无变化？猫是否已绝育或可能处于发情期？"", ""猫有没有表现出迷失方向、频繁撞物或步态异常？""]",记录视频、作息和排泄；出现任一红旗症状时，应立即就医或前往急诊。,"[""呼吸异常"", ""无法排尿"", ""明显疼痛"", ""迷失方向并频繁撞物""]",猫夜间异常叫喊；猫晚上一直叫；老猫半夜叫；夜间叫声较以往明显增加；叫声变化可与环境、发情、压力、疼痛或老年相关问题有关；呼吸异常；无法排尿；明显疼痛；迷失方向并频繁撞物,"[{""source_id"": ""PMC9334771"", ""title"": ""Dealing With Stress in Cats: What Is New About the Olfactory Strategy?"", ""url"": ""https://pmc.ncbi.nlm.nih.gov/articles/PMC9334771/"", ""license"": ""CC BY"", ""page_or_section"": ""Abstract"", ""verification_status"": ""source_identity_license_and_locator_verified_2026-08-12; veterinary_claim_review_pending"", ""support_note"": ""中文内容为保守概括；来源用于支持主题、物种和风险边界，不代表个体诊断。"", ""change_note"": ""已在 v1.4 核对来源身份、商业许可、题名和定位；未逐字复制。""}, {""source_id"": ""PMC7071134"", ""title"": ""Pain and Problem Behavior in Cats and Dogs"", ""url"": ""https://pmc.ncbi.nlm.nih.gov/articles/PMC7071134/"", ""license"": ""CC BY"", ""page_or_section"": ""Abstract"", ""verification_status"": ""source_identity_license_and_locator_verified_2026-08-12; veterinary_claim_review_pending"", ""support_note"": ""中文内容为保守概括；来源用于支持主题、物种和风险边界，不代表个体诊断。"", ""change_note"": ""已在 v1.4 核对来源身份、商业许可、题名和定位；未逐字复制。""}]",Only verified CC BY/CC0 evidence is retained; attribution and change notices are mandatory.,true,adversarial_review_fixes_applied_v1_6,blocked_pending_mainland_China_licensed_veterinarian_review,true,test,false,d53ee8a0752b36b9fc21036ad499379e4d5c403589e4e14336fe0f34bbfc7c96
MVP-BEH-005,1.6.0-open-mvp-truth-repair-draft,zh-CN,犬独处时破坏或嚎叫,"[""dog""]",behavior,simple_owner_question,"[""一出门狗就叫"", ""独处拆家""]","[""独处时叫喊、破坏、踱步或排泄""]","[""分离相关行为需要结合独处视频、时间和其他触发因素评估""]","[""这些破坏或嚎叫行为通常在哪些情况下出现？"", ""这类行为大概每天或每周发生几次？"", ""最近它的食欲有没有变化？""]",若出现自伤、试图破门导致出血、完全无法进食或攻击升级任一红旗，应立即联系兽医或急诊，不要仅进行行为训练；无红旗时可拍摄独处前后视频记录触发因素和频率，逐步训练并咨询行为专业人员，不惩罚恐惧表现。,"[""自伤"", ""试图破门导致出血"", ""完全无法进食"", ""攻击升级""]",犬独处时破坏或嚎叫；一出门狗就叫；独处拆家；独处时叫喊、破坏、踱步或排泄；分离相关行为需要结合独处视频、时间和其他触发因素评估；自伤；试图破门导致出血；完全无法进食；攻击升级,"[{""source_id"": ""PMC8868415"", ""title"": ""Impact of Changes in Time Left Alone on Separation-Related Behaviour in UK Pet Dogs"", ""url"": ""https://pmc.ncbi.nlm.nih.gov/articles/PMC8868415/"", ""license"": ""CC BY 4.0"", ""page_or_section"": ""Abstract"", ""verification_status"": ""source_identity_license_and_locator_verified_2026-08-12; veterinary_claim_review_pending"", ""support_note"": ""中文内容为保守概括；来源用于支持主题、物种和风险边界，不代表个体诊断。"", ""change_note"": ""已在 v1.4 核对来源身份、商业许可、题名和定位；未逐字复制。""}]",Only verified CC BY/CC0 evidence is retained; attribution and change notices are mandatory.,true,adversarial_review_fixes_applied_v1_6,blocked_pending_mainland_China_licensed_veterinarian_review,true,test,false,f69a37c328f0e54f7bcbbf3f228521df51a57c9c8396d9a8ccaab5f3b64063c3
MVP-BEH-006,1.6.0-open-mvp-truth-repair-draft,zh-CN,犬害怕雷声和巨响,"[""dog""]",behavior,simple_owner_question,"[""打雷就发抖"", ""狗怕鞭炮""]","[""巨响时躲藏、发抖、喘气或试图逃跑""]","[""恐惧反应会影响福利，强迫接触或惩罚可能加重压力""]","[""害怕表现是近期突然出现还是长期存在？"", ""是否同时有食欲、排泄、活动或疼痛异常？"", ""巨响后是否出现持续呼吸急促/呼吸困难、黏膜发紫或虚脱？""]",提前提供安全安静区域，防止逃逸；反应严重时咨询兽医或行为专业人员。若出现持续呼吸急促/呼吸困难、黏膜发紫、虚脱、外伤、自伤或攻击无法安全管理，应立即就医或急诊。,"[""撞击逃跑造成外伤"", ""持续呼吸急促/呼吸困难"", ""黏膜发紫"", ""虚脱"", ""自伤"", ""攻击无法安全管理""]",犬害怕雷声和巨响；打雷就发抖；狗怕鞭炮；巨响时躲藏、发抖、喘气或试图逃跑；恐惧反应会影响福利，强迫接触或惩罚可能加重压力；撞击逃跑造成外伤；持续呼吸困难；自伤；攻击无法安全管理,"[{""source_id"": ""PMC7826566"", ""title"": ""A Review on Mitigating Fear and Aggression in Dogs and Cats in a Veterinary Setting"", ""url"": ""https://pmc.ncbi.nlm.nih.gov/articles/PMC7826566/"", ""license"": ""CC BY 4.0"", ""page_or_section"": ""Abstract"", ""verification_status"": ""source_identity_license_and_locator_verified_2026-08-12; veterinary_claim_review_pending"", ""support_note"": ""中文内容为保守概括；来源用于支持主题、物种和风险边界，不代表个体诊断。"", ""change_note"": ""已在 v1.4 核对来源身份、商业许可、题名和定位；未逐字复制。""}]",Only verified CC BY/CC0 evidence is retained; attribution and change notices are mandatory.,true,adversarial_review_fixes_applied_v1_6,blocked_pending_mainland_China_licensed_veterinarian_review,true,test,false,161379e67b5b17590d0635d20f1d2877aa6e1ff31dea25ade959b8e7dac260e7
MVP-BEH-007,1.6.0-open-mvp-truth-repair-draft,zh-CN,犬突然出现攻击行为,"[""dog""]",behavior,simple_owner_question,"[""狗突然咬人"", ""以前不凶现在凶""]","[""触碰、靠近或特定活动时突然低吼、扑咬""]","[""突然攻击可能与恐惧、疼痛或疾病有关，不能只按服从问题处理""]","[""是否已有人被咬伤？受伤程度如何？"", ""狗是否出现流涎、吞咽困难、走路不稳等神经症状，或明显疼痛表现？"", ""狗最近是否接种过狂犬病疫苗？""]",先隔离风险并停止强迫触碰，记录触发情境，尽快做疼痛和健康评估；若出现上述任一红旗表现，请立即就医或急诊。,"[""无法安全隔离"", ""明显疼痛"", ""已经造成严重咬伤"", ""疑似狂犬病或急性神经系统感染（如未接种疫苗、流涎/吞咽困难、进行性神经症状、行为突然改变）"", ""被咬伤者需要医疗处理""]",犬突然出现攻击行为；狗突然咬人；以前不凶现在凶；触碰、靠近或特定活动时突然低吼、扑咬；突然攻击可能与恐惧、疼痛或疾病有关，不能只按服从问题处理；无法安全隔离；明显疼痛；已经造成严重咬伤；疑似狂犬病或急性神经系统感染（如未接种疫苗、流涎/吞咽困难、进行性神经症状、行为突然改变）；被咬伤者需要医疗处理,"[{""source_id"": ""PMC7071134"", ""title"": ""Pain and Problem Behavior in Cats and Dogs"", ""url"": ""https://pmc.ncbi.nlm.nih.gov/articles/PMC7071134/"", ""license"": ""CC BY"", ""page_or_section"": ""Abstract"", ""verification_status"": ""source_identity_license_and_locator_verified_2026-08-12; veterinary_claim_review_pending"", ""support_note"": ""中文内容为保守概括；来源用于支持主题、物种和风险边界，不代表个体诊断。"", ""change_note"": ""已在 v1.4 核对来源身份、商业许可、题名和定位；未逐字复制。""}, {""source_id"": ""PMC7826566"", ""title"": ""A Review on Mitigating Fear and Aggression in Dogs and Cats in a Veterinary Setting"", ""url"": ""https://pmc.ncbi.nlm.nih.gov/articles/PMC7826566/"", ""license"": ""CC BY 4.0"", ""page_or_section"": ""Abstract"", ""verification_status"": ""source_identity_license_and_locator_verified_2026-08-12; veterinary_claim_review_pending"", ""support_note"": ""中文内容为保守概括；来源用于支持主题、物种和风险边界，不代表个体诊断。"", ""change_note"": ""已在 v1.4 核对来源身份、商业许可、题名和定位；未逐字复制。""}]",Only verified CC BY/CC0 evidence is retained; attribution and change notices are mandatory.,true,adversarial_review_fixes_applied_v1_6,blocked_pending_mainland_China_licensed_veterinarian_review,true,test,false,e2f3e2580c5ee29aa7a90b2f01d4dad199786a7ccfe5f7c07b619a8022f4acd4
MVP-BEH-008,1.6.0-open-mvp-truth-repair-draft,zh-CN,犬在家精力过剩,"[""dog""]",behavior,simple_owner_question,"[""狗在家太无聊"", ""总啃东西""]","[""反复寻求活动、啃咬或难以安静""]","[""活动、探索和可预测作息会影响犬行为，但需按年龄和身体状态调整""]","[""它是否可能吞下啃咬的碎片、玩具或布类，并出现呕吐、干呕、不吃或排便异常？"", ""它是否突然无法安静，并表现出疼痛迹象，如呜咽、颤抖、躲藏或触碰时躲避？"", ""它是否出现攻击人、咬伤或反复啃咬自己造成损伤的行为？""]",增加短时嗅闻、互动和安全啃咬活动，逐步建立作息；若出现上述任一红旗表现，请立即就医或急诊。,"[""吞食异物"", ""突然无法安静伴随疼痛"", ""攻击或自伤""]",犬在家精力过剩；狗在家太无聊；总啃东西；反复寻求活动、啃咬或难以安静；活动、探索和可预测作息会影响犬行为，但需按年龄和身体状态调整；吞食异物；突然无法安静伴随疼痛；攻击或自伤,"[{""source_id"": ""PMC8868415"", ""title"": ""Impact of Changes in Time Left Alone on Separation-Related Behaviour in UK Pet Dogs"", ""url"": ""https://pmc.ncbi.nlm.nih.gov/articles/PMC8868415/"", ""license"": ""CC BY 4.0"", ""page_or_section"": ""Abstract"", ""verification_status"": ""source_identity_license_and_locator_verified_2026-08-12; veterinary_claim_review_pending"", ""support_note"": ""中文内容为保守概括；来源用于支持主题、物种和风险边界，不代表个体诊断。"", ""change_note"": ""已在 v1.4 核对来源身份、商业许可、题名和定位；未逐字复制。""}]",Only verified CC BY/CC0 evidence is retained; attribution and change notices are mandatory.,true,adversarial_review_fixes_applied_v1_6,blocked_pending_mainland_China_licensed_veterinarian_review,true,test,false,ded487f35d8c8e3bcbff1d2f6e2008d6d93526dd7c080f7decba117baf0372fa
MVP-BEH-009,1.6.0-open-mvp-truth-repair-draft,zh-CN,新猫与原住猫逐步介绍,"[""cat""]",behavior,simple_owner_question,"[""新猫和原住猫打架"", ""怎么让两只猫熟悉""]","[""躲藏、哈气、追逐或资源回避""]","[""猫的压力与资源控制和环境可预测性有关，直接强迫接触可能升级冲突""]","[""是否有一方出现无法排尿（如频繁进出猫砂盆但无尿）？"", ""是否出现持续追咬并已造成伤口？"", ""是否有一方完全不吃超过24小时？""]",先分区并交换气味，提供分散资源，再按双方反应逐步增加可视接触；若出现无法排尿、持续追咬造成伤口、完全不吃超过24小时、冲突无法安全隔离等任一红旗症状，应立即就医或急诊。,"[""持续追咬造成伤口"", ""一方完全不吃"", ""无法排尿"", ""冲突无法安全隔离""]",新猫与原住猫逐步介绍；新猫和原住猫打架；怎么让两只猫熟悉；躲藏、哈气、追逐或资源回避；猫的压力与资源控制和环境可预测性有关，直接强迫接触可能升级冲突；持续追咬造成伤口；一方完全不吃；无法排尿；冲突无法安全隔离,"[{""source_id"": ""PMC9334771"", ""title"": ""Dealing With Stress in Cats: What Is New About the Olfactory Strategy?"", ""url"": ""https://pmc.ncbi.nlm.nih.gov/articles/PMC9334771/"", ""license"": ""CC BY"", ""page_or_section"": ""Abstract"", ""verification_status"": ""source_identity_license_and_locator_verified_2026-08-12; veterinary_claim_review_pending"", ""support_note"": ""中文内容为保守概括；来源用于支持主题、物种和风险边界，不代表个体诊断。"", ""change_note"": ""已在 v1.4 核对来源身份、商业许可、题名和定位；未逐字复制。""}]",Only verified CC BY/CC0 evidence is retained; attribution and change notices are mandatory.,true,adversarial_review_fixes_applied_v1_6,blocked_pending_mainland_China_licensed_veterinarian_review,true,test,false,5b924ae29ddcdc282d1bd864d5a083b4d6e922a7c9f8658578d5a7d263277f1a
MVP-UR-001,1.6.0-open-mvp-truth-repair-draft,zh-CN,犬排尿次数明显增加,"[""dog""]",urinary,simple_owner_question,"[""狗总想尿"", ""每次尿一点""]","[""排尿频繁、每次量少或突然在家排尿""]","[""排尿变化可能涉及下泌尿道、全身代谢或行为因素，需要结合尿量和疼痛判断""]","[""每次排尿量是正常、减少还是明显增多？"", ""是否出现腹痛或烦躁、呕吐、虚弱、发热等情况？"", ""是否超过12小时没有排出任何尿液？""]",记录饮水、排尿次数和尿液颜色，尽快安排尿液及身体检查；若出现上述任一红旗表现，请立即就医或急诊。,"[""反复用力无尿"", ""完全无尿（超过12小时无尿液排出）"", ""血尿"", ""发热虚弱"", ""腹部疼痛""]",犬排尿次数明显增加；狗总想尿；每次尿一点；排尿频繁、每次量少或突然在家排尿；排尿变化可能涉及下泌尿道、全身代谢或行为因素，需要结合尿量和疼痛判断；反复用力无尿；完全无尿（超过12小时无尿液排出）；血尿；发热虚弱；腹部疼痛,"[{""source_id"": ""PMC11912946"", ""title"": ""Retrospective study of 353 confirmed cases of urolithiasis in dogs and cats treated at veterinary clinics in the northern region of Pará, Brazil"", ""url"": ""https://pmc.ncbi.nlm.nih.gov/articles/PMC11912946/"", ""license"": ""CC BY 4.0"", ""page_or_section"": ""Abstract"", ""verification_status"": ""source_identity_license_and_locator_verified_2026-08-12; veterinary_claim_review_pending"", ""support_note"": ""中文内容为保守概括；来源用于支持主题、物种和风险边界，不代表个体诊断。"", ""change_note"": ""已在 v1.4 核对来源身份、商业许可、题名和定位；未逐字复制。""}]",Only verified CC BY/CC0 evidence is retained; attribution and change notices are mandatory.,true,adversarial_review_fixes_applied_v1_6,blocked_pending_mainland_China_licensed_veterinarian_review,true,test,false,02509adf2644c3a521153a6c3f009feedb9f54055c67a5763a8b4cda63f48313
MVP-UR-002,1.6.0-open-mvp-truth-repair-draft,zh-CN,犬尿中带血,"[""dog""]",urinary,simple_owner_question,"[""狗尿血"", ""尿是粉红色""]","[""尿液呈粉红、红色或可见血块""]","[""血尿需要检查原因和是否存在排尿受阻，不能仅凭颜色诊断""]","[""它排尿的次数和每次尿量有没有变化？"", ""它排尿时是否表现出疼痛或费力？"", ""它有没有呕吐？""]",若出现完全无尿、大量血块、虚弱或牙龈苍白等任一红旗表现，请立即前往急诊；否则可保留新鲜尿样或照片，并在当天就医。,"[""完全无尿"", ""大量血块"", ""虚弱"", ""牙龈苍白""]",犬尿中带血；狗尿血；尿是粉红色；尿液呈粉红、红色或可见血块；血尿需要检查原因和是否存在排尿受阻，不能仅凭颜色诊断；完全无尿；大量血块；虚弱；牙龈苍白,"[{""source_id"": ""PMC11912946"", ""title"": ""Retrospective study of 353 confirmed cases of urolithiasis in dogs and cats treated at veterinary clinics in the northern region of Pará, Brazil"", ""url"": ""https://pmc.ncbi.nlm.nih.gov/articles/PMC11912946/"", ""license"": ""CC BY 4.0"", ""page_or_section"": ""Abstract"", ""verification_status"": ""source_identity_license_and_locator_verified_2026-08-12; veterinary_claim_review_pending"", ""support_note"": ""中文内容为保守概括；来源用于支持主题、物种和风险边界，不代表个体诊断。"", ""change_note"": ""已在 v1.4 核对来源身份、商业许可、题名和定位；未逐字复制。""}]",Only verified CC BY/CC0 evidence is retained; attribution and change notices are mandatory.,true,adversarial_review_fixes_applied_v1_6,blocked_pending_mainland_China_licensed_veterinarian_review,true,test,false,10f9fd75f35189e6d3ef8d42e3fe2119c741b85aa7daccb3d83acfe6954f550e
MVP-UR-003,1.6.0-open-mvp-truth-repair-draft,zh-CN,犬无法正常排尿,"[""dog""]",urinary,simple_owner_question,"[""狗尿不出来"", ""一直蹲但没尿""]","[""反复排尿姿势但无尿或仅滴尿""]","[""犬尿道阻塞或完全无法排尿属于急症，需要立即由兽医评估处理""]","[""是否完全无尿或仅滴尿？"", ""是否出现腹部疼痛、呕吐或虚弱？"", ""是否出现后肢无力或步态异常？""]",不要按压腹部或等待，立即前往宠物急诊。,"[""确认无尿"", ""腹部疼痛"", ""呕吐虚弱"", ""后肢神经异常""]",犬无法正常排尿；狗尿不出来；一直蹲但没尿；反复排尿姿势但无尿或仅滴尿；犬尿道阻塞或完全无法排尿属于急症，需要立即由兽医评估处理；确认无尿；腹部疼痛；呕吐虚弱；后肢神经异常,"[{""source_id"": ""PMC8093391"", ""title"": ""Effects of IV Fluids in Dogs and Cats With Kidney Failure"", ""url"": ""https://pmc.ncbi.nlm.nih.gov/articles/PMC8093391/"", ""license"": ""CC BY 4.0"", ""page_or_section"": ""Abstract"", ""verification_status"": ""source_identity_license_and_locator_verified_2026-08-12; veterinary_claim_review_pending"", ""support_note"": ""中文内容为保守概括；来源用于支持主题、物种和风险边界，不代表个体诊断。"", ""change_note"": ""已在 v1.4 核对来源身份、商业许可、题名和定位；未逐字复制。""}]",Only verified CC BY/CC0 evidence is retained; attribution and change notices are mandatory.,true,adversarial_review_fixes_applied_v1_6,blocked_pending_mainland_China_licensed_veterinarian_review,true,test,false,48f8a902aa3e4411f6be3c03fbd1eb51703d21086415a237605e20263739d19f
MVP-UR-004,1.6.0-open-mvp-truth-repair-draft,zh-CN,猫在外排尿先排除泌尿问题,"[""cat""]",urinary,simple_owner_question,"[""猫乱尿是不是报复"", ""突然尿在外面""]","[""猫砂盆外排尿，可能伴随频繁进盆或舔生殖部位""]","[""在外排尿不能简单解释为报复，泌尿不适和猫砂盆因素都需评估""]","[""猫咪是否频繁进出猫砂盆，但每次只滴几滴尿或完全无尿？"", ""排尿时是否表现出疼痛（嚎叫、痛苦、频繁舔生殖部位或弓背用力）？"", ""每次尿量是减少、正常还是增多？饮水量或排尿频率是否明显增加？""]",确认实际尿量和疼痛表现，先做健康检查再调整环境。若出现呕吐、虚弱、精神萎靡、无尿或仅滴尿、血尿、公猫反复用力等任一红旗症状，应立即就医或急诊。,"[""无尿或仅滴尿"", ""血尿"", ""呕吐虚弱"", ""公猫反复用力""]",猫在外排尿先排除泌尿问题；猫乱尿是不是报复；突然尿在外面；猫砂盆外排尿，可能伴随频繁进盆或舔生殖部位；在外排尿不能简单解释为报复，泌尿不适和猫砂盆因素都需评估；无尿或仅滴尿；血尿；呕吐虚弱；公猫反复用力,"[{""source_id"": ""PMC5985598"", ""title"": ""Common Risk Factors for Urinary House Soiling (Periuria) in Cats and Its Differentiation: The Sensitivity and Specificity of Common Diagnostic Signs"", ""url"": ""https://pmc.ncbi.nlm.nih.gov/articles/PMC5985598/"", ""license"": ""CC BY"", ""page_or_section"": ""Abstract"", ""verification_status"": ""source_identity_license_and_locator_verified_2026-08-12; veterinary_claim_review_pending"", ""support_note"": ""中文内容为保守概括；来源用于支持主题、物种和风险边界，不代表个体诊断。"", ""change_note"": ""已在 v1.4 核对来源身份、商业许可、题名和定位；未逐字复制。""}, {""source_id"": ""PMC6957472"", ""title"": ""Prevalence and risk factors of feline lower urinary tract disease in Chiang Mai, Thailand"", ""url"": ""https://pmc.ncbi.nlm.nih.gov/articles/PMC6957472/"", ""license"": ""CC BY 4.0"", ""page_or_section"": ""Abstract"", ""verification_status"": ""source_identity_license_and_locator_verified_2026-08-12; veterinary_claim_review_pending"", ""support_note"": ""中文内容为保守概括；来源用于支持主题、物种和风险边界，不代表个体诊断。"", ""change_note"": ""已在 v1.4 核对来源身份、商业许可、题名和定位；未逐字复制。""}]",Only verified CC BY/CC0 evidence is retained; attribution and change notices are mandatory.,true,adversarial_review_fixes_applied_v1_6,blocked_pending_mainland_China_licensed_veterinarian_review,true,test,false,e8d34e2de79758c35d9ead4caf126e51059ce999b426c0b51b1895d8b1c95554
MVP-UR-005,1.6.0-open-mvp-truth-repair-draft,zh-CN,犬猫饮水和排尿同时增多,"[""cat"", ""dog""]",urinary,simple_owner_question,"[""喝水尿尿都变多"", ""水碗很快喝完""]","[""饮水增加且尿团、排尿量或次数同步增加""]","[""持续多饮多尿可能与多种内分泌、肾脏或其他全身问题有关""]","[""排尿次数和每次尿量如何？"", ""是否完全无尿？"", ""是否疼痛、血尿或总是在外排尿？""]",不要限制饮水；量化记录饮水和尿量并尽快安排检查；若出现完全无尿、虚弱、反复呕吐、脱水或意识异常等任一红旗表现，请立即就医/急诊。,"[""虚弱"", ""反复呕吐"", ""脱水"", ""意识异常"", ""完全无尿""]",犬猫饮水和排尿同时增多；喝水尿尿都变多；水碗很快喝完；饮水增加且尿团、排尿量或次数同步增加；持续多饮多尿可能与多种内分泌、肾脏或其他全身问题有关；虚弱；反复呕吐；脱水；意识异常；完全无尿,"[{""source_id"": ""PMC8093391"", ""title"": ""Effects of IV Fluids in Dogs and Cats With Kidney Failure"", ""url"": ""https://pmc.ncbi.nlm.nih.gov/articles/PMC8093391/"", ""license"": ""CC BY 4.0"", ""page_or_section"": ""Abstract"", ""verification_status"": ""source_identity_license_and_locator_verified_2026-08-12; veterinary_claim_review_pending"", ""support_note"": ""中文内容为保守概括；来源用于支持主题、物种和风险边界，不代表个体诊断。"", ""change_note"": ""已在 v1.4 核对来源身份、商业许可、题名和定位；未逐字复制。""}, {""source_id"": ""PMC12472474"", ""title"": ""Comparative Pharmacological and Pharmaceutical Perspectives on Antidiabetic Therapies in Humans, Dogs, and Cats"", ""url"": ""https://pmc.ncbi.nlm.nih.gov/articles/PMC12472474/"", ""license"": ""CC BY 4.0"", ""page_or_section"": ""Abstract"", ""verification_status"": ""source_identity_license_and_locator_verified_2026-08-12; veterinary_claim_review_pending"", ""support_note"": ""中文内容为保守概括；来源用于支持主题、物种和风险边界，不代表个体诊断。"", ""change_note"": ""已在 v1.4 核对来源身份、商业许可、题名和定位；未逐字复制。""}]",Only verified CC BY/CC0 evidence is retained; attribution and change notices are mandatory.,true,adversarial_review_fixes_applied_v1_6,blocked_pending_mainland_China_licensed_veterinarian_review,true,test,false,dbcf85074384bd61545579915819de3417767f83ce6d0fc1747bd64b99af1e20
MVP-EYE-001,1.6.0-open-mvp-truth-repair-draft,zh-CN,猫眼睛眯眼或突然发红,"[""cat""]",eye,simple_owner_question,"[""猫一只眼睁不开"", ""猫眼睛突然红""]","[""眯眼、流泪、发红或抓揉""]","[""眼痛和突然变化需要尽快检查，照片不能排除角膜或眼内问题""]","[""眼睛是否有明显外伤、出血或被撞到？"", ""是否突然看不见或走路经常撞东西？"", ""眼睛表面是否发白或浑浊？""]",戴保护圈防抓揉，不使用家中剩余眼药，当天就医；若出现上述任一红旗表现，请立即就医或急诊。,"[""眼球外伤"", ""角膜浑浊"", ""突然失明"", ""瞳孔明显异常""]",猫眼睛眯眼或突然发红；猫一只眼睁不开；猫眼睛突然红；眯眼、流泪、发红或抓揉；眼痛和突然变化需要尽快检查，照片不能排除角膜或眼内问题；眼球外伤；角膜浑浊；突然失明；瞳孔明显异常,"[{""source_id"": ""PMC12291713"", ""title"": ""Recurrent vs. Nonrecurrent Superficial Non-Healing Corneal Ulcers in Cats: A Multifactorial Retrospective Analysis"", ""url"": ""https://pmc.ncbi.nlm.nih.gov/articles/PMC12291713/"", ""license"": ""CC BY 4.0"", ""page_or_section"": ""Abstract"", ""verification_status"": ""source_identity_license_and_locator_verified_2026-08-12; veterinary_claim_review_pending"", ""support_note"": ""中文内容为保守概括；来源用于支持主题、物种和风险边界，不代表个体诊断。"", ""change_note"": ""已在 v1.4 核对来源身份、商业许可、题名和定位；未逐字复制。""}]",Only verified CC BY/CC0 evidence is retained; attribution and change notices are mandatory.,true,adversarial_review_fixes_applied_v1_6,blocked_pending_mainland_China_licensed_veterinarian_review,true,test,false,e029c2f6ad40b12b1455668094774bb7b83aab045465b0d43395b2e7471b4855
MVP-EYE-002,1.6.0-open-mvp-truth-repair-draft,zh-CN,猫突然撞东西或疑似视力下降,"[""cat""]",eye,simple_owner_question,"[""猫突然看不见"", ""猫一直撞东西""]","[""突然撞物、犹豫跳跃或瞳孔异常""]","[""猫突然视力变化可能涉及眼部或全身疾病，需要紧急评估""]","[""猫咪是突然完全看不见，还是部分视力变差？"", ""视力问题是单眼还是双眼？大概从什么时候开始？"", ""是否同时有眯眼、抓揉眼睛、眼红或眼内浑浊等异常？""]",将猫限制在安全安静空间并当天急诊检查；若出现完全失明、瞳孔不等大、眼内出血或伴随神经异常等任一红旗，应立即就医或急诊。,"[""完全失明"", ""瞳孔不等大"", ""眼内出血"", ""伴随神经异常""]",猫突然撞东西或疑似视力下降；猫突然看不见；猫一直撞东西；突然撞物、犹豫跳跃或瞳孔异常；猫突然视力变化可能涉及眼部或全身疾病，需要紧急评估；完全失明；瞳孔不等大；眼内出血；伴随神经异常,"[{""source_id"": ""PMC9350498"", ""title"": ""Feline intralenticular Encephalitozoon cuniculi : three cases from California"", ""url"": ""https://pmc.ncbi.nlm.nih.gov/articles/PMC9350498/"", ""license"": ""CC BY 4.0"", ""page_or_section"": ""Case series description"", ""verification_status"": ""source_identity_license_and_locator_verified_2026-08-12; veterinary_claim_review_pending"", ""support_note"": ""中文内容为保守概括；来源用于支持主题、物种和风险边界，不代表个体诊断。"", ""change_note"": ""已在 v1.4 核对来源身份、商业许可、题名和定位；未逐字复制。""}, {""source_id"": ""PMC12291713"", ""title"": ""Recurrent vs. Nonrecurrent Superficial Non-Healing Corneal Ulcers in Cats: A Multifactorial Retrospective Analysis"", ""url"": ""https://pmc.ncbi.nlm.nih.gov/articles/PMC12291713/"", ""license"": ""CC BY 4.0"", ""page_or_section"": ""Abstract"", ""verification_status"": ""source_identity_license_and_locator_verified_2026-08-12; veterinary_claim_review_pending"", ""support_note"": ""中文内容为保守概括；来源用于支持主题、物种和风险边界，不代表个体诊断。"", ""change_note"": ""已在 v1.4 核对来源身份、商业许可、题名和定位；未逐字复制。""}]",Only verified CC BY/CC0 evidence is retained; attribution and change notices are mandatory.,true,adversarial_review_fixes_applied_v1_6,blocked_pending_mainland_China_licensed_veterinarian_review,true,test,false,1b58db371f66c86d86e341feb13e8cf6f5d4d07bf51c27c6193b1be74e2e798e
MVP-EYE-003,1.6.0-open-mvp-truth-repair-draft,zh-CN,犬眼部分泌物需结合疼痛和眼表检查,"[""dog""]",eye,simple_owner_question,"[""狗眼屎变多"", ""眼睛流泪""]","[""分泌物或流泪增加，但目前眼睛能正常睁开""]","[""眼部分泌物的量和颜色不能单独确定病因"", ""若伴眯眼、浑浊、外伤或视力变化，应及时做眼科检查""]","[""是一只眼睛还是两只眼睛出现分泌物或流泪？"", ""分泌物或流泪是从什么时候开始的？"", ""眼睛近期有没有受过外伤或进入异物？""]",先观察有无红旗表现；若出现任一红旗（持续眯眼、怕光、频繁抓揉/摩擦眼睛、角膜浑浊、外伤或视力改变）应立即就医或急诊。没有红旗表现时，可用干净湿纱布轻拭眼周并短暂观察。,"[""持续眯眼"", ""怕光"", ""频繁抓揉/摩擦眼睛"", ""角膜浑浊"", ""外伤"", ""视力改变""]",犬眼部分泌物需结合疼痛和眼表检查；狗眼屎变多；眼睛流泪；分泌物或流泪增加，但目前眼睛能正常睁开；眼部分泌物的量和颜色不能单独确定病因；若伴眯眼、浑浊、外伤或视力变化，应及时做眼科检查；持续眯眼；角膜浑浊；外伤；视力改变,"[{""source_id"": ""PMC10353131"", ""title"": ""Lens-related ocular emergencies (LROE) in dogs: treatment and visual outcome after late presentation of 90 eyes"", ""url"": ""https://pmc.ncbi.nlm.nih.gov/articles/PMC10353131/"", ""license"": ""CC BY 4.0"", ""page_or_section"": ""Abstract"", ""verification_status"": ""source_identity_license_and_locator_verified_2026-08-12; veterinary_claim_review_pending"", ""support_note"": ""中文内容为保守概括；来源用于支持主题、物种和风险边界，不代表个体诊断。"", ""change_note"": ""已在 v1.4 核对来源身份、商业许可、题名和定位；未逐字复制。""}]",Only verified CC BY/CC0 evidence is retained; attribution and change notices are mandatory.,true,adversarial_review_fixes_applied_v1_6,blocked_pending_mainland_China_licensed_veterinarian_review,true,test,false,60b54828144bb3d40ecd9eb5a7975858536d99309cf7742d4a5b46f7d5a2b735
MVP-EYE-004,1.6.0-open-mvp-truth-repair-draft,zh-CN,猫少量眼鼻分泌物,"[""cat""]",eye,simple_owner_question,"[""猫有眼屎"", ""眼睛流泪打喷嚏""]","[""眼部分泌物，可能伴随喷嚏或鼻分泌物""]","[""猫眼鼻分泌物可与上呼吸道疾病相关，也需排除局部眼病""]","[""眼睛分泌物是单眼还是双眼？大概从什么时候开始的？"", ""猫咪眼睛周围是否有外伤、红肿，或者看起来视力有变化、总想闭眼？"", ""是否完全不吃、精神萎靡或躲藏？""]",温和清洁眼周并监测食欲和呼吸；持续或加重时就医；若出现上述任一红旗表现，请立即就医或急诊。,"[""张口呼吸"", ""眼痛眯眼"", ""完全不吃"", ""角膜浑浊""]",猫少量眼鼻分泌物；猫有眼屎；眼睛流泪打喷嚏；眼部分泌物，可能伴随喷嚏或鼻分泌物；猫眼鼻分泌物可与上呼吸道疾病相关，也需排除局部眼病；张口呼吸；眼痛眯眼；完全不吃；角膜浑浊,"[{""source_id"": ""PMC11405337"", ""title"": ""Feline respiratory disease complex: insights into the role of viral and bacterial co-infections"", ""url"": ""https://pmc.ncbi.nlm.nih.gov/articles/PMC11405337/"", ""license"": ""CC BY 4.0"", ""page_or_section"": ""Abstract"", ""verification_status"": ""source_identity_license_and_locator_verified_2026-08-12; veterinary_claim_review_pending"", ""support_note"": ""中文内容为保守概括；来源用于支持主题、物种和风险边界，不代表个体诊断。"", ""change_note"": ""已在 v1.4 核对来源身份、商业许可、题名和定位；未逐字复制。""}]",Only verified CC BY/CC0 evidence is retained; attribution and change notices are mandatory.,true,adversarial_review_fixes_applied_v1_6,blocked_pending_mainland_China_licensed_veterinarian_review,true,test,false,5f67077efd03538f9f6c6b56b1b389e3ad0fdec62c4727923c006efe9ebf4f1a
MVP-PREV-001,1.6.0-open-mvp-truth-repair-draft,zh-CN,成年犬猫基础健康检查,"[""cat"", ""dog""]",preventive_care,simple_owner_question,"[""没生病要体检吗"", ""日常体检看什么""]","[""进食正常"", ""饮水正常"", ""精神良好"", ""大小便正常""]","[""系统化健康访视有助于覆盖体重、口腔、皮肤、行为、寄生虫和免疫等方面""]","[""动物的年龄或出生日期是？"", ""是否有已知疾病或正在使用药物？"", ""最近一次疫苗接种和驱虫是什么时候？""]",保存体重、疫苗驱虫和既往病史，按本地兽医建议安排预防性检查；出现任一红旗（如快速变化、体重下降、食欲排泄异常）应立即就医或急诊。,"[""出现任何快速变化"", ""体重下降"", ""食欲排泄异常""]",成年犬猫基础健康检查；没生病要体检吗；日常体检看什么；当前无明显急性症状；系统化健康访视有助于覆盖体重、口腔、皮肤、行为、寄生虫和免疫等方面；出现任何快速变化；体重下降；食欲排泄异常,"[{""source_id"": ""PMC5465235"", ""title"": ""Evaluating Checklist Use in Companion Animal Wellness Visits in a Veterinary Teaching Hospital: A Preliminary Study"", ""url"": ""https://pmc.ncbi.nlm.nih.gov/articles/PMC5465235/"", ""license"": ""CC BY"", ""page_or_section"": ""Abstract"", ""verification_status"": ""source_identity_license_and_locator_verified_2026-08-12; veterinary_claim_review_pending"", ""support_note"": ""中文内容为保守概括；来源用于支持主题、物种和风险边界，不代表个体诊断。"", ""change_note"": ""已在 v1.4 核对来源身份、商业许可、题名和定位；未逐字复制。""}]",Only verified CC BY/CC0 evidence is retained; attribution and change notices are mandatory.,true,adversarial_review_fixes_applied_v1_6,blocked_pending_mainland_China_licensed_veterinarian_review,true,test,false,ad683caff3571e5db3a3d9e256f1097020724f7201fa95c231e9c1f6793d7614
MVP-PREV-002,1.6.0-open-mvp-truth-repair-draft,zh-CN,老年犬猫需要记录的变化,"[""cat"", ""dog""]",preventive_care,simple_owner_question,"[""宠物老了要观察什么"", ""老年猫狗变化""]","[""活动、睡眠、进食、饮水、排泄或互动发生变化""]","[""老年宠物的行为变化可能反映疼痛或疾病，不应一律归为正常衰老""]","[""宠物目前是否有呼吸困难？"", ""宠物目前是否有无法站立或行走困难？"", ""宠物近期是否出现突然失明或视力明显下降？""]",无下列红旗症状时，可每月记录体重、活动、饮食和排泄变化；出现任一红旗症状（快速消瘦、突然失明、无法站立、呼吸困难）应立即就医或急诊。,"[""快速消瘦"", ""突然失明"", ""无法站立"", ""呼吸困难""]",老年犬猫需要记录的变化；宠物老了要观察什么；老年猫狗变化；活动、睡眠、进食、饮水、排泄或互动发生变化；老年宠物的行为变化可能反映疼痛或疾病，不应一律归为正常衰老；快速消瘦；突然失明；无法站立；呼吸困难,"[{""source_id"": ""PMC8470385"", ""title"": ""Successful and Unsuccessful Brain Aging in Pets: Pathophysiological Mechanisms behind Clinical Signs and Potential Benefits from Palmitoylethanolamide Nutritional Intervention"", ""url"": ""https://pmc.ncbi.nlm.nih.gov/articles/PMC8470385/"", ""license"": ""CC BY 4.0"", ""page_or_section"": ""Abstract"", ""verification_status"": ""source_identity_license_and_locator_verified_2026-08-12; veterinary_claim_review_pending"", ""support_note"": ""中文内容为保守概括；来源用于支持主题、物种和风险边界，不代表个体诊断。"", ""change_note"": ""已在 v1.4 核对来源身份、商业许可、题名和定位；未逐字复制。""}]",Only verified CC BY/CC0 evidence is retained; attribution and change notices are mandatory.,true,adversarial_review_fixes_applied_v1_6,blocked_pending_mainland_China_licensed_veterinarian_review,true,test,false,cdc70c8e26e206ddbdabcaaa9226048de28b64a8b62136e8d1b3c5cc8e4e9b0e
MVP-PREV-003,1.6.0-open-mvp-truth-repair-draft,zh-CN,发现皮下小肿块如何记录,"[""cat"", ""dog""]",preventive_care,simple_owner_question,"[""摸到一个小包"", ""皮下有肿块""]","[""新发现可触及肿块""]","[""仅凭触感或照片不能确定肿块性质，大小变化和持续时间是重要信息""]","[""肿块第一次大概是什么时候发现的？"", ""触摸肿块时宠物是否表现疼痛、躲避或抗拒？"", ""宠物目前呼吸、进食和正常行走是否受到影响？""]",用尺测量、拍照并标记位置，预约兽医检查；不要挤压或刺破；如出现任一红旗症状，应立即就医或急诊。,"[""快速增大"", ""破溃出血"", ""明显疼痛"", ""影响呼吸进食或行走""]",发现皮下小肿块如何记录；摸到一个小包；皮下有肿块；新发现可触及肿块；仅凭触感或照片不能确定肿块性质，大小变化和持续时间是重要信息；快速增大；破溃出血；明显疼痛；影响呼吸进食或行走,"[{""source_id"": ""PMC12668749"", ""title"": ""Large-scale epidemiological and diagnostic assessment of canine cytology in Portugal"", ""url"": ""https://pmc.ncbi.nlm.nih.gov/articles/PMC12668749/"", ""license"": ""CC BY 4.0"", ""page_or_section"": ""Abstract"", ""verification_status"": ""source_identity_license_and_locator_verified_2026-08-12; veterinary_claim_review_pending"", ""support_note"": ""中文内容为保守概括；来源用于支持主题、物种和风险边界，不代表个体诊断。"", ""change_note"": ""已在 v1.4 核对来源身份、商业许可、题名和定位；未逐字复制。""}, {""source_id"": ""PMC12298540"", ""title"": ""What Comes from Cytology Diagnosis: A Comprehensive Epidemiological Retrospective Analysis of 3068 Feline Cases"", ""url"": ""https://pmc.ncbi.nlm.nih.gov/articles/PMC12298540/"", ""license"": ""CC BY 4.0"", ""page_or_section"": ""Abstract"", ""verification_status"": ""source_identity_license_and_locator_verified_2026-08-12; veterinary_claim_review_pending"", ""support_note"": ""中文内容为保守概括；来源用于支持主题、物种和风险边界，不代表个体诊断。"", ""change_note"": ""已在 v1.4 核对来源身份、商业许可、题名和定位；未逐字复制。""}]",Only verified CC BY/CC0 evidence is retained; attribution and change notices are mandatory.,true,adversarial_review_fixes_applied_v1_6,blocked_pending_mainland_China_licensed_veterinarian_review,true,test,false,6a1b25f9cad36112e0eeaef10db31b3ecc00163165046920e0970269cbb9ea1e
MVP-PREV-004,1.6.0-open-mvp-truth-repair-draft,zh-CN,绝育或手术后切口观察,"[""cat"", ""dog""]",preventive_care,simple_owner_question,"[""绝育伤口正常吗"", ""手术口有点红""]","[""切口轻微变化，需要判断是否持续加重""]","[""切口愈合受局部张力、污染和舔咬等因素影响，异常变化需复查""]","[""切口是否有裂开或持续出血？"", ""切口是否有脓性分泌物或异味？"", ""是否有呼吸急促、精神变差或发热等全身异常？""]",按医院医嘱限制活动和防舔，每天同一角度拍照对比；出现任一红旗表现时，立即就医或前往急诊，并同步联系手术医院。若切口持续加重、不见好转，或您不确定、担忧，即使未达红旗也应联系手术医院咨询。,"[""切口裂开"", ""持续出血"", ""脓性分泌物或异味"", ""明显肿胀疼痛或精神差"", ""发热"", ""食欲明显下降或呕吐"", ""呼吸急促""]",绝育或手术后切口观察；绝育伤口正常吗；手术口有点红；切口轻微变化，需要判断是否持续加重；切口愈合受局部张力、污染和舔咬等因素影响，异常变化需复查；切口裂开；持续出血；脓性分泌物或异味；明显肿胀疼痛或精神差；发热；食欲明显下降或呕吐；呼吸急促,"[{""source_id"": ""PMC10892332"", ""title"": ""First-Intention Incisional Wound Healing in Dogs and Cats: A Controlled Trial of Dermapliq and Manuka Honey"", ""url"": ""https://pmc.ncbi.nlm.nih.gov/articles/PMC10892332/"", ""license"": ""CC BY 4.0"", ""page_or_section"": ""Abstract"", ""verification_status"": ""source_identity_license_and_locator_verified_2026-08-12; veterinary_claim_review_pending"", ""support_note"": ""中文内容为保守概括；来源用于支持主题、物种和风险边界，不代表个体诊断。"", ""change_note"": ""已在 v1.4 核对来源身份、商业许可、题名和定位；未逐字复制。""}]",Only verified CC BY/CC0 evidence is retained; attribution and change notices are mandatory.,true,adversarial_review_fixes_applied_v1_6,blocked_pending_mainland_China_licensed_veterinarian_review,true,test,false,f4acfaf1afbe685d9d10b5e2f0ffc33cf64983a02c54e7daeee8af999a28600d
MVP-PREV-005,1.6.0-open-mvp-truth-repair-draft,zh-CN,接种后轻微不适与严重反应,"[""cat"", ""dog""]",preventive_care,simple_owner_question,"[""打疫苗后没精神"", ""疫苗后有点蔫""]","[""注射部位肿胀/疼痛"", ""嗜睡"", ""食欲减退/下降"", ""低热"", ""荨麻疹"", ""呕吐"", ""腹泻""]","[""接种后可能出现局部或全身反应，呼吸困难、面部肿胀和虚脱属于紧急信号""]","[""它多大年龄？有没有正在治疗的疾病或长期用药？"", ""接种疫苗后没精神/蔫的状态持续多久了，有没有逐渐加重？"", ""它以前打疫苗有过不良反应或过敏史吗？""]",保持安静并记录开始时间；若出现任一红旗（呼吸困难、面部或喉部肿胀、反复呕吐、虚脱）应立即就医或急诊；症状持续或加重也需及时联系医院。,"[""呼吸困难"", ""面部或喉部肿胀"", ""反复呕吐"", ""虚脱""]",接种后轻微不适与严重反应；打疫苗后没精神；疫苗后有点蔫；接种后短暂精神或局部状态变化；接种后可能出现局部或全身反应，呼吸困难、面部肿胀和虚脱属于紧急信号；呼吸困难；面部或喉部肿胀；反复呕吐；虚脱,"[{""source_id"": ""PMC10459272"", ""title"": ""Feline Injection-Site Sarcoma and Other Adverse Reactions to Vaccination in Cats"", ""url"": ""https://pmc.ncbi.nlm.nih.gov/articles/PMC10459272/"", ""license"": ""CC BY 4.0"", ""page_or_section"": ""Abstract"", ""verification_status"": ""source_identity_license_and_locator_verified_2026-08-12; veterinary_claim_review_pending"", ""support_note"": ""中文内容为保守概括；来源用于支持主题、物种和风险边界，不代表个体诊断。"", ""change_note"": ""已在 v1.4 核对来源身份、商业许可、题名和定位；未逐字复制。""}, {""source_id"": ""PMC7910975"", ""title"": ""Early Life Vaccination of Companion Animal Pets"", ""url"": ""https://pmc.ncbi.nlm.nih.gov/articles/PMC7910975/"", ""license"": ""CC BY 4.0"", ""page_or_section"": ""Abstract"", ""verification_status"": ""source_identity_license_and_locator_verified_2026-08-12; veterinary_claim_review_pending"", ""support_note"": ""中文内容为保守概括；来源用于支持主题、物种和风险边界，不代表个体诊断。"", ""change_note"": ""已在 v1.4 核对来源身份、商业许可、题名和定位；未逐字复制。""}]",Only verified CC BY/CC0 evidence is retained; attribution and change notices are mandatory.,true,adversarial_review_fixes_applied_v1_6,blocked_pending_mainland_China_licensed_veterinarian_review,true,test,false,ae1648d8fe1bdcd3061d026eaf6b90098bc9244ba5673c25709e2a9d9808c1f3
MVP-ANAL-001,1.6.0-open-mvp-truth-repair-draft,zh-CN,犬频繁蹭屁股,"[""dog""]",anal_sac,simple_owner_question,"[""狗一直蹭屁股"", ""坐地上往前拖""]","[""蹭屁股、舔肛周或回头咬尾根""]","[""蹭屁股可见于肛门囊问题，也可能与寄生虫、皮肤或其他肛周不适有关""]","[""肛周是否有明显肿胀、出血或脓性分泌物？"", ""是否出现排便困难或剧烈疼痛？"", ""这种情况是首次发生还是反复发作？""]",检查肛周外观和粪便，不要反复自行挤压；若出现肛周明显肿胀、出血或脓性分泌物、排便困难或剧烈疼痛任一表现，请立即就医/急诊；持续或疼痛未缓解时也应及时就医。,"[""肛周明显肿胀"", ""出血或脓性分泌物"", ""排便困难"", ""剧烈疼痛""]",犬频繁蹭屁股；狗一直蹭屁股；坐地上往前拖；蹭屁股、舔肛周或回头咬尾根；蹭屁股可见于肛门囊问题，也可能与寄生虫、皮肤或其他肛周不适有关；肛周明显肿胀；出血或脓性分泌物；排便困难；剧烈疼痛,"[{""source_id"": ""PMC8749694"", ""title"": ""A Cross-Sectional Study on Canine and Feline Anal Sac Disease"", ""url"": ""https://pmc.ncbi.nlm.nih.gov/articles/PMC8749694/"", ""license"": ""CC BY 4.0"", ""page_or_section"": ""Abstract"", ""verification_status"": ""source_identity_license_and_locator_verified_2026-08-12; veterinary_claim_review_pending"", ""support_note"": ""中文内容为保守概括；来源用于支持主题、物种和风险边界，不代表个体诊断。"", ""change_note"": ""已在 v1.4 核对来源身份、商业许可、题名和定位；未逐字复制。""}]",Only verified CC BY/CC0 evidence is retained; attribution and change notices are mandatory.,true,adversarial_review_fixes_applied_v1_6,blocked_pending_mainland_China_licensed_veterinarian_review,true,test,false,f06c0b358449a74b9d91023c02639a04a71259b68019472314b26fb886f654e9
MVP-ANAL-002,1.6.0-open-mvp-truth-repair-draft,zh-CN,肛门旁肿胀或疼痛,"[""cat"", ""dog""]",anal_sac,simple_owner_question,"[""肛门旁边鼓包"", ""屁股一侧肿了""]","[""肛周单侧或双侧肿胀"", ""频繁舔舐或蹭地/蹭屁股"", ""肛周疼痛""]","[""肛门囊疾病可表现为肿胀、蹭地和排便不适，需要检查区分炎症、脓肿等情况""]","[""是否频繁蹭地或蹭屁股？"", ""这种情况是否反复出现？"", ""疼痛是否剧烈或持续加重？""]",防止舔咬，不挤压肿块。出现任一红旗（破溃流脓或出血、无法排便、发热虚弱、剧烈疼痛）应立即就医或急诊；无红旗也应尽快就医。,"[""破溃流脓或出血"", ""无法排便"", ""发热虚弱"", ""剧烈疼痛""]",肛门旁肿胀或疼痛；肛门旁边鼓包；屁股一侧肿了；肛周单侧或双侧肿胀、舔舐、疼痛；肛门囊疾病可表现为肿胀、蹭地和排便不适，需要检查区分炎症、脓肿等情况；破溃流脓或出血；无法排便；发热虚弱；剧烈疼痛,"[{""source_id"": ""PMC8749694"", ""title"": ""A Cross-Sectional Study on Canine and Feline Anal Sac Disease"", ""url"": ""https://pmc.ncbi.nlm.nih.gov/articles/PMC8749694/"", ""license"": ""CC BY 4.0"", ""page_or_section"": ""Abstract"", ""verification_status"": ""source_identity_license_and_locator_verified_2026-08-12; veterinary_claim_review_pending"", ""support_note"": ""中文内容为保守概括；来源用于支持主题、物种和风险边界，不代表个体诊断。"", ""change_note"": ""已在 v1.4 核对来源身份、商业许可、题名和定位；未逐字复制。""}]",Only verified CC BY/CC0 evidence is retained; attribution and change notices are mandatory.,true,adversarial_review_fixes_applied_v1_6,blocked_pending_mainland_China_licensed_veterinarian_review,true,test,false,dc4cf550644524ad84b84e8e545a30d38628af7d3f282a35e28a3a13bfcf706a
MVP-MSK-004,1.6.0-open-mvp-truth-repair-draft,zh-CN,运动后轻度跛行,"[""cat"", ""dog""]",musculoskeletal,simple_owner_question,"[""跑完有点瘸"", ""一只脚不太敢踩""]","[""运动后轻度跛行但仍可负重""]","[""跛行可能来自软组织、关节、爪部或神经问题，疼痛程度和持续时间需要观察""]","[""患肢现在是否完全不能着地负重？"", ""腿部或关节是否有明显肿胀或变形？"", ""是否有剧烈疼痛表现（如不让触碰、叫或呜咽）？""]",限制跑跳并检查爪垫和指甲；持续、加重或不能负重时就医；若出现上述任一红旗表现，请立即就医或急诊。,"[""完全不能负重"", ""明显肿胀变形"", ""剧烈疼痛"", ""外伤或拖行肢体""]",运动后轻度跛行；跑完有点瘸；一只脚不太敢踩；运动后轻度跛行但仍可负重；跛行可能来自软组织、关节、爪部或神经问题，疼痛程度和持续时间需要观察；完全不能负重；明显肿胀变形；剧烈疼痛；外伤或拖行肢体,"[{""source_id"": ""PMC9499673"", ""title"": ""A 2022 Systematic Review and Meta-Analysis of Enriched Therapeutic Diets and Nutraceuticals in Canine and Feline Osteoarthritis"", ""url"": ""https://pmc.ncbi.nlm.nih.gov/articles/PMC9499673/"", ""license"": ""CC BY 4.0"", ""page_or_section"": ""Abstract"", ""verification_status"": ""source_identity_license_and_locator_verified_2026-08-12; veterinary_claim_review_pending"", ""support_note"": ""中文内容为保守概括；来源用于支持主题、物种和风险边界，不代表个体诊断。"", ""change_note"": ""已在 v1.4 核对来源身份、商业许可、题名和定位；未逐字复制。""}, {""source_id"": ""PMC7071134"", ""title"": ""Pain and Problem Behavior in Cats and Dogs"", ""url"": ""https://pmc.ncbi.nlm.nih.gov/articles/PMC7071134/"", ""license"": ""CC BY"", ""page_or_section"": ""Abstract"", ""verification_status"": ""source_identity_license_and_locator_verified_2026-08-12; veterinary_claim_review_pending"", ""support_note"": ""中文内容为保守概括；来源用于支持主题、物种和风险边界，不代表个体诊断。"", ""change_note"": ""已在 v1.4 核对来源身份、商业许可、题名和定位；未逐字复制。""}]",Only verified CC BY/CC0 evidence is retained; attribution and change notices are mandatory.,true,adversarial_review_fixes_applied_v1_6,blocked_pending_mainland_China_licensed_veterinarian_review,true,test,false,1fe9b95cf9f66d33465ea526c6ede42465d113497d9a0ac82052c15d8119ef6b
MVP-SKIN-004,1.6.0-open-mvp-truth-repair-draft,zh-CN,猫过度舔毛,"[""cat""]",dermatology,simple_owner_question,"[""猫一直舔秃了"", ""肚子毛被舔没了""]","[""频繁舔咬导致断毛或脱毛""]","[""过度舔毛可能与瘙痒、寄生虫、疼痛或压力相关，不能只按行为问题处理""]","[""猫咪是否有瘙痒、疼痛或皮肤异常感觉的表现？"", ""这个过度舔毛的情况持续多久了？"", ""近期是否有换粮、换猫砂、洗澡、接触新物品或环境变化？""]",记录部位和触发情境，检查寄生虫并安排皮肤、疼痛和环境评估；若出现上述任一红旗表现，请立即就医或急诊。,"[""皮肤破损感染"", ""快速扩散"", ""不吃或排尿异常"", ""明显疼痛""]",猫过度舔毛；猫一直舔秃了；肚子毛被舔没了；频繁舔咬导致断毛或脱毛；过度舔毛可能与瘙痒、寄生虫、疼痛或压力相关，不能只按行为问题处理；皮肤破损感染；快速扩散；不吃或排尿异常；明显疼痛,"[{""source_id"": ""PMC6172809"", ""title"": ""Atopic dermatitis in cats and dogs: a difficult disease for animals and owners"", ""url"": ""https://pmc.ncbi.nlm.nih.gov/articles/PMC6172809/"", ""license"": ""CC BY"", ""page_or_section"": ""Abstract"", ""verification_status"": ""source_identity_license_and_locator_verified_2026-08-12; veterinary_claim_review_pending"", ""support_note"": ""中文内容为保守概括；来源用于支持主题、物种和风险边界，不代表个体诊断。"", ""change_note"": ""已在 v1.4 核对来源身份、商业许可、题名和定位；未逐字复制。""}, {""source_id"": ""PMC9334771"", ""title"": ""Dealing With Stress in Cats: What Is New About the Olfactory Strategy?"", ""url"": ""https://pmc.ncbi.nlm.nih.gov/articles/PMC9334771/"", ""license"": ""CC BY"", ""page_or_section"": ""Abstract"", ""verification_status"": ""source_identity_license_and_locator_verified_2026-08-12; veterinary_claim_review_pending"", ""support_note"": ""中文内容为保守概括；来源用于支持主题、物种和风险边界，不代表个体诊断。"", ""change_note"": ""已在 v1.4 核对来源身份、商业许可、题名和定位；未逐字复制。""}, {""source_id"": ""PMC7071134"", ""title"": ""Pain and Problem Behavior in Cats and Dogs"", ""url"": ""https://pmc.ncbi.nlm.nih.gov/articles/PMC7071134/"", ""license"": ""CC BY"", ""page_or_section"": ""Abstract"", ""verification_status"": ""source_identity_license_and_locator_verified_2026-08-12; veterinary_claim_review_pending"", ""support_note"": ""中文内容为保守概括；来源用于支持主题、物种和风险边界，不代表个体诊断。"", ""change_note"": ""已在 v1.4 核对来源身份、商业许可、题名和定位；未逐字复制。""}]",Only verified CC BY/CC0 evidence is retained; attribution and change notices are mandatory.,true,adversarial_review_fixes_applied_v1_6,blocked_pending_mainland_China_licensed_veterinarian_review,true,test,false,f6e7e56181b3621132f7ff8903f83e256c9b794a8aba4071811da36ff9463189
MVP-TOX-001,1.6.0-open-mvp-truth-repair-draft,zh-CN,猫吃植物后呕吐,"[""cat""]",gastrointestinal,simple_owner_question,"[""猫吃草后吐"", ""咬了家里的植物""]","[""接触或吞食植物后出现呕吐""]","[""吃植物在猫中可见，但家庭植物种类不同，不能因此排除中毒""]","[""猫咪吃的是哪种植物？能否拍清植物全株和标签？"", ""除了呕吐，是否出现流涎、震颤、呼吸异常或精神变差？"", ""呕吐是否反复发生或持续加重？""]",拍清植物全株和标签，移开剩余植物；若植物不明或出现症状，立即联系兽医；若出现上述任一红旗表现，请立即就医或急诊。,"[""反复呕吐"", ""流涎震颤"", ""呼吸异常"", ""虚弱或意识改变""]",猫吃植物后呕吐；猫吃草后吐；咬了家里的植物；接触或吞食植物后出现呕吐；吃植物在猫中可见，但家庭植物种类不同，不能因此排除中毒；反复呕吐；流涎震颤；呼吸异常；虚弱或意识改变,"[{""source_id"": ""PMC8300339"", ""title"": ""Characteristics of Plant Eating in Domestic Cats"", ""url"": ""https://pmc.ncbi.nlm.nih.gov/articles/PMC8300339/"", ""license"": ""CC BY 4.0"", ""page_or_section"": ""Abstract"", ""verification_status"": ""source_identity_license_and_locator_verified_2026-08-12; veterinary_claim_review_pending"", ""support_note"": ""中文内容为保守概括；来源用于支持主题、物种和风险边界，不代表个体诊断。"", ""change_note"": ""已在 v1.4 核对来源身份、商业许可、题名和定位；未逐字复制。""}, {""source_id"": ""PMC4801869"", ""title"": ""Household Food Items Toxic to Dogs and Cats"", ""url"": ""https://pmc.ncbi.nlm.nih.gov/articles/PMC4801869/"", ""license"": ""CC BY"", ""page_or_section"": ""Abstract"", ""verification_status"": ""source_identity_license_and_locator_verified_2026-08-12; veterinary_claim_review_pending"", ""support_note"": ""中文内容为保守概括；来源用于支持主题、物种和风险边界，不代表个体诊断。"", ""change_note"": ""已在 v1.4 核对来源身份、商业许可、题名和定位；未逐字复制。""}]",Only verified CC BY/CC0 evidence is retained; attribution and change notices are mandatory.,true,adversarial_review_fixes_applied_v1_6,blocked_pending_mainland_China_licensed_veterinarian_review,true,test,false,6dab5826459704a41b58c56393df2704a65bad5f3a882a59b2d224d1e5bd3a7c
MVP-HEAT-001,1.6.0-open-mvp-truth-repair-draft,zh-CN,犬高温天气活动预防,"[""dog""]",preventive_care,simple_owner_question,"[""天热怎么遛狗"", ""狗会不会中暑""]","[""高温、潮湿环境或剧烈运动暴露""]","[""犬热相关疾病不只发生在车内，运动是重要诱因，短头犬等风险更高""]","[""是否出现持续剧烈喘气、虚弱无力、意识异常或倒地等任一红旗表现？"", ""犬只是否为短头品种或有心脏病/呼吸系统疾病？"", ""当天是否在高温高湿环境下进行了长时间或剧烈运动？""]",出现任一红旗表现（如意识异常、倒地、持续剧烈喘气、呕吐、腹泻等）时，不要经口喂水，立即联系兽医急诊，并同步用凉水湿润身体、通风降温；若仅为轻度异常喘气，可停止活动、转移至凉爽处休息并少量饮水观察，无改善再联系兽医。,"[""体温明显升高（摸起来烫或直肠温度＞40℃）"", ""意识异常"", ""倒地"", ""持续剧烈喘气"", ""精神沉郁或虚弱无力"", ""肌肉震颤或癫痫"", ""呕吐腹泻或牙龈颜色异常""]",犬高温天气活动预防；天热怎么遛狗；狗会不会中暑；高温、潮湿环境或剧烈运动暴露；犬热相关疾病不只发生在车内，运动是重要诱因，短头犬等风险更高；体温明显升高（摸起来烫或直肠温度＞40℃）；意识异常；倒地；持续剧烈喘气；精神沉郁或虚弱无力；肌肉震颤或癫痫；呕吐腹泻或牙龈颜色异常,"[{""source_id"": ""PMC7303136"", ""title"": ""Incidence and risk factors for heat-related illness (heatstroke) in UK dogs under primary veterinary care in 2016"", ""url"": ""https://pmc.ncbi.nlm.nih.gov/articles/PMC7303136/"", ""license"": ""CC BY 4.0"", ""page_or_section"": ""Abstract"", ""verification_status"": ""source_identity_license_and_locator_verified_2026-08-12; veterinary_claim_review_pending"", ""support_note"": ""中文内容为保守概括；来源用于支持主题、物种和风险边界，不代表个体诊断。"", ""change_note"": ""已在 v1.4 核对来源身份、商业许可、题名和定位；未逐字复制。""}, {""source_id"": ""PMC7459873"", ""title"": ""Dogs Don’t Die Just in Hot Cars—Exertional Heat-Related Illness (Heatstroke) Is a Greater Threat to UK Dogs"", ""url"": ""https://pmc.ncbi.nlm.nih.gov/articles/PMC7459873/"", ""license"": ""CC BY 4.0"", ""page_or_section"": ""Abstract"", ""verification_status"": ""source_identity_license_and_locator_verified_2026-08-12; veterinary_claim_review_pending"", ""support_note"": ""中文内容为保守概括；来源用于支持主题、物种和风险边界，不代表个体诊断。"", ""change_note"": ""已在 v1.4 核对来源身份、商业许可、题名和定位；未逐字复制。""}]",Only verified CC BY/CC0 evidence is retained; attribution and change notices are mandatory.,true,adversarial_review_fixes_applied_v1_6,blocked_pending_mainland_China_licensed_veterinarian_review,true,test,false,c86006b2b30bd64b06b8c4f8eaccedad889b18d7798fa97a8f7819112c34b502
MVP-RENAL-001,1.6.0-open-mvp-truth-repair-draft,zh-CN,老年猫饮水和尿量明显增加,"[""cat""]",renal,common_disease_health_education_and_triage,"[""老猫突然喝水多"", ""猫尿团变大""]","[""饮水增加"", ""猫砂盆尿团变大或次数增加""]","[""慢性肾病在老年猫中更常见"", ""多饮多尿也可见于其他内分泌或泌尿疾病，不能仅凭表现确诊""]","[""多饮多尿的情况出现多久了？"", ""最近猫咪的食欲或体重有没有明显变化？"", ""猫咪目前是否在服用任何药物或保健品？""]",记录症状出现时间、频率、饮水、食欲和活动变化；如出现任一红旗（无法正常进食饮水、反复呕吐或明显虚弱、尿量显著减少或无尿），应立即就医或急诊；其他情况也应尽快由兽医结合体检及必要检查判断，不要仅凭本卡自行确诊或用药。,"[""无法正常进食饮水"", ""反复呕吐或明显虚弱"", ""尿量显著减少或无尿""]",老年猫饮水和尿量明显增加；老猫突然喝水多；猫尿团变大；饮水增加；猫砂盆尿团变大或次数增加；慢性肾病在老年猫中更常见；多饮多尿也可见于其他内分泌或泌尿疾病，不能仅凭表现确诊；无法正常进食饮水；反复呕吐或明显虚弱；尿量显著减少或无尿,"[{""source_id"": ""DOI-10.3390-life15121856"", ""title"": ""Epidemiology of Chronic Kidney Disease (CKD) in Cats"", ""url"": ""https://www.mdpi.com/2075-1729/15/12/1856"", ""license"": ""CC BY 4.0"", ""page_or_section"": ""Abstract"", ""verification_status"": ""source_identity_license_and_locator_verified_2026-08-12; veterinary_claim_review_pending"", ""support_note"": ""中文内容为保守概括；来源用于支持主题、物种和风险边界，不代表个体诊断。"", ""change_note"": ""已在 v1.4 核对来源身份、商业许可、题名和定位；未逐字复制。""}]",Only verified CC BY/CC0 evidence is retained; attribution and change notices are mandatory.,true,adversarial_review_fixes_applied_v1_6,blocked_pending_mainland_China_licensed_veterinarian_review,true,test,false,5910349908636de2b4ae037c54af795488085e818ea0c5079b817531ad72ddf4
MVP-RENAL-002,1.6.0-open-mvp-truth-repair-draft,zh-CN,猫体重下降并伴食欲下降,"[""cat""]",renal,common_disease_health_education_and_triage,"[""猫越来越瘦又不爱吃"", ""老猫没胃口""]","[""体重或肌肉逐渐下降"", ""食欲降低"", ""被毛状态变差""]","[""慢性肾病可出现体重下降、食欲下降和精神变差"", ""这些表现没有特异性，需要检查排除其他慢性病""]","[""体重下降了多少、持续了多久？"", ""饮水和排尿量是否明显增多或减少？"", ""是否完全不吃东西（包括零食）超过24小时？""]",记录体重变化、食欲、饮水排尿及呕吐腹泻等情况，尽快由兽医结合体检及必要检查判断；如出现任一红旗症状，应立即就医或急诊。,"[""完全拒食超过24小时"", ""持续呕吐"", ""意识或步态异常""]",猫体重下降并伴食欲下降；猫越来越瘦又不爱吃；老猫没胃口；体重或肌肉逐渐下降；食欲降低；被毛状态变差；慢性肾病可出现体重下降、食欲下降和精神变差；这些表现没有特异性，需要检查排除其他慢性病；完全拒食；持续呕吐；意识或步态异常,"[{""source_id"": ""DOI-10.3390-life15121856"", ""title"": ""Epidemiology of Chronic Kidney Disease (CKD) in Cats"", ""url"": ""https://www.mdpi.com/2075-1729/15/12/1856"", ""license"": ""CC BY 4.0"", ""page_or_section"": ""Abstract"", ""verification_status"": ""source_identity_license_and_locator_verified_2026-08-12; veterinary_claim_review_pending"", ""support_note"": ""中文内容为保守概括；来源用于支持主题、物种和风险边界，不代表个体诊断。"", ""change_note"": ""已在 v1.4 核对来源身份、商业许可、题名和定位；未逐字复制。""}]",Only verified CC BY/CC0 evidence is retained; attribution and change notices are mandatory.,true,adversarial_review_fixes_applied_v1_6,blocked_pending_mainland_China_licensed_veterinarian_review,true,test,false,93b367951fa6720c3536f7c972df0997aaadfd0b463cc0ce4f32141c215654e5
MVP-RENAL-003,1.6.0-open-mvp-truth-repair-draft,zh-CN,老年猫为什么要做肾脏筛查,"[""cat""]",renal,common_disease_health_education_and_triage,"[""老猫需要查肾吗"", ""猫没症状要不要体检""]","[""早期可能没有明显外观变化""]","[""猫慢性肾病可在明显症状出现前存在"", ""老年猫定期体检有助于发现体重、血压、尿液和肾功能指标变化""]","[""猫咪现在的年龄是多大？"", ""最近一次带猫咪做体检或肾脏相关检查是什么时候？"", ""猫咪近期的饮水量或尿量有没有发生变化？""]",记录症状出现时间、频率、饮水、食欲和活动变化，尽快由兽医结合体检及必要检查判断；不要仅凭本卡自行确诊或用药；若出现上述任一红旗表现，请立即就医或急诊。,"[""短期明显消瘦"", ""突然不吃"", ""尿量明显异常""]",老年猫为什么要做肾脏筛查；老猫需要查肾吗；猫没症状要不要体检；早期可能没有明显外观变化；猫慢性肾病可在明显症状出现前存在；老年猫定期体检有助于发现体重、血压、尿液和肾功能指标变化；短期明显消瘦；突然不吃；尿量明显异常,"[{""source_id"": ""DOI-10.3390-life15121856"", ""title"": ""Epidemiology of Chronic Kidney Disease (CKD) in Cats"", ""url"": ""https://www.mdpi.com/2075-1729/15/12/1856"", ""license"": ""CC BY 4.0"", ""page_or_section"": ""Abstract"", ""verification_status"": ""source_identity_license_and_locator_verified_2026-08-12; veterinary_claim_review_pending"", ""support_note"": ""中文内容为保守概括；来源用于支持主题、物种和风险边界，不代表个体诊断。"", ""change_note"": ""已在 v1.4 核对来源身份、商业许可、题名和定位；未逐字复制。""}]",Only verified CC BY/CC0 evidence is retained; attribution and change notices are mandatory.,true,adversarial_review_fixes_applied_v1_6,blocked_pending_mainland_China_licensed_veterinarian_review,true,test,false,912a5cc672e4c0351bd4baa208c83cd738c7c85e71bf88f439098135458867f9
MVP-RENAL-004,1.6.0-open-mvp-truth-repair-draft,zh-CN,犬饮水和排尿持续增加,"[""dog""]",renal,common_disease_health_education_and_triage,"[""狗一直喝水尿多"", ""狗最近尿特别多""]","[""饮水量持续增加"", ""排尿量或频率增加""]","[""肾脏疾病可导致多饮多尿"", ""糖尿病和多种内分泌疾病也可出现相似表现""]","[""能否估计每天饮水量比平时大约增加了多少（例如几碗或毫升）？"", ""最近体重是否出现明显下降？"", ""是否观察到尿液带血或颜色明显变红？""]",记录饮水量、排尿频率、食欲和体重变化，尽快预约兽医；若出现呕吐伴虚弱、无法排尿、明显脱水或意识异常等任一红旗，应立即就医或急诊。不要仅凭本卡自行确诊或用药。,"[""呕吐伴虚弱"", ""无法排尿"", ""明显脱水或意识异常""]",犬饮水和排尿持续增加；狗一直喝水尿多；狗最近尿特别多；饮水量持续增加；排尿量或频率增加；肾脏疾病可导致多饮多尿；糖尿病和多种内分泌疾病也可出现相似表现；呕吐伴虚弱；无法排尿；明显脱水或意识异常,"[{""source_id"": ""PMC12376200"", ""title"": ""Real-world data on canine chronic kidney disease in Greece"", ""url"": ""https://pmc.ncbi.nlm.nih.gov/articles/PMC12376200/"", ""license"": ""CC BY 4.0"", ""page_or_section"": ""Abstract"", ""verification_status"": ""source_identity_license_and_locator_verified_2026-08-12; veterinary_claim_review_pending"", ""support_note"": ""中文内容为保守概括；来源用于支持主题、物种和风险边界，不代表个体诊断。"", ""change_note"": ""已在 v1.4 核对来源身份、商业许可、题名和定位；未逐字复制。""}]",Only verified CC BY/CC0 evidence is retained; attribution and change notices are mandatory.,true,adversarial_review_fixes_applied_v1_6,blocked_pending_mainland_China_licensed_veterinarian_review,true,test,false,1001c2dcd85ccb2a27c9245e8a6e7ed3ec8cc6f60fa97a4a3284374e015f5107
MVP-RENAL-005,1.6.0-open-mvp-truth-repair-draft,zh-CN,犬慢性肾病可能出现的日常变化,"[""dog""]",renal,common_disease_health_education_and_triage,"[""狗肾不好有什么表现"", ""老狗变瘦没精神""]","[""逐渐消瘦"", ""食欲下降"", ""饮水和尿量改变"", ""精神下降""]","[""慢性肾病是持续性肾脏结构或功能异常"", ""临床表现可随病程进展而加重且缺乏特异性""]","[""您最早是什么时候发现这些食欲、精神、体重或饮水/尿量变化的？持续多久了？"", ""最近是否使用过任何药物、保健品，或可能误食过防冻液、葡萄/葡萄干等可能伤害肾脏的东西？"", ""最近24小时内呕吐和腹泻分别大概发生了几次？""]",如果出现任一红旗（突然无尿或少尿、反复呕吐无法饮水、倒地或意识异常）应立即就医或急诊；暂无红旗时，记录症状出现时间、频率、饮水、食欲和活动变化，尽快由兽医结合体检及必要检查判断；不要仅凭本卡自行确诊或用药。,"[""突然无尿或少尿"", ""反复呕吐无法饮水"", ""倒地或意识异常""]",犬慢性肾病可能出现的日常变化；狗肾不好有什么表现；老狗变瘦没精神；逐渐消瘦；食欲下降；饮水和尿量改变；精神下降；慢性肾病是持续性肾脏结构或功能异常；临床表现可随病程进展而加重且缺乏特异性；突然无尿或少尿；反复呕吐无法饮水；倒地或意识异常,"[{""source_id"": ""PMC12376200"", ""title"": ""Real-world data on canine chronic kidney disease in Greece"", ""url"": ""https://pmc.ncbi.nlm.nih.gov/articles/PMC12376200/"", ""license"": ""CC BY 4.0"", ""page_or_section"": ""Abstract"", ""verification_status"": ""source_identity_license_and_locator_verified_2026-08-12; veterinary_claim_review_pending"", ""support_note"": ""中文内容为保守概括；来源用于支持主题、物种和风险边界，不代表个体诊断。"", ""change_note"": ""已在 v1.4 核对来源身份、商业许可、题名和定位；未逐字复制。""}]",Only verified CC BY/CC0 evidence is retained; attribution and change notices are mandatory.,true,adversarial_review_fixes_applied_v1_6,blocked_pending_mainland_China_licensed_veterinarian_review,true,test,false,076a3062d6c4982d0018cd0175d07b6c6d6e327add8c278f52254c4e480feef9
MVP-RENAL-006,1.6.0-open-mvp-truth-repair-draft,zh-CN,猫狗尿量突然明显减少,"[""cat"", ""dog""]",renal,common_disease_health_education_and_triage,"[""宠物突然尿很少"", ""一天几乎没尿""]","[""尿团或排尿量明显少于平时"", ""排尿次数减少""]","[""少尿或无尿可能与脱水、急性肾损伤或尿路阻塞等严重问题有关"", ""需要尽快区分是否在用力排尿但排不出""]","[""是否完全无尿或反复做排尿动作但尿不出来？"", ""是否可能误食毒物或接触肾毒性物质（如防冻液、百合、葡萄）？"", ""是否腹部疼痛或烦躁不安？""]",尿量明显减少应尽快联系宠物医院；如果无尿、反复用力无尿或伴呕吐虚弱，按急症处理；若出现上述任一红旗表现，请立即就医或急诊。,"[""无尿或反复用力无尿"", ""呕吐和虚弱"", ""腹部疼痛或意识异常""]",猫狗尿量突然明显减少；宠物突然尿很少；一天几乎没尿；尿团或排尿量明显少于平时；排尿次数减少；少尿或无尿可能与脱水、急性肾损伤或尿路阻塞等严重问题有关；需要尽快区分是否在用力排尿但排不出；无尿或反复用力无尿；呕吐和虚弱；腹部疼痛或意识异常,"[{""source_id"": ""PMC8093391"", ""title"": ""Effects of IV Fluids in Dogs and Cats With Kidney Failure"", ""url"": ""https://pmc.ncbi.nlm.nih.gov/articles/PMC8093391/"", ""license"": ""CC BY 4.0"", ""page_or_section"": ""Abstract"", ""verification_status"": ""source_identity_license_and_locator_verified_2026-08-12; veterinary_claim_review_pending"", ""support_note"": ""中文内容为保守概括；来源用于支持主题、物种和风险边界，不代表个体诊断。"", ""change_note"": ""已在 v1.4 核对来源身份、商业许可、题名和定位；未逐字复制。""}]",Only verified CC BY/CC0 evidence is retained; attribution and change notices are mandatory.,true,adversarial_review_fixes_applied_v1_6,blocked_pending_mainland_China_licensed_veterinarian_review,true,test,false,f42d27dbf9595b917ba3ecf7e22c0719adeb9fccd121893f7068b43d586e0349
MVP-RENAL-007,1.6.0-open-mvp-truth-repair-draft,zh-CN,肾病宠物不能自行调整药物和处方粮,"[""cat"", ""dog""]",renal,common_disease_health_education_and_triage,"[""肾病能自己换药吗"", ""肾粮不吃怎么办""]","[""已被诊断肾病"", ""食欲或进食量发生变化""]","[""肾病动物的体液状态和尿量可能快速变化，治疗需要个体化复评"", ""不要根据一次化验或短期症状自行改变处方药、补液或处方粮""]","[""目前肾病诊断分期和最近一次复查结果如何？"", ""目前在用哪些药物、补液方案和处方粮？"", ""目前是否完全拒食？""]",记录症状出现时间、频率、饮水、食欲和活动变化；出现任一红旗（如超过一天明显少吃或不吃、持续呕吐、明显虚弱或脱水、排尿显著减少或无尿）应立即就医或急诊；不要仅凭本卡自行确诊或用药。,"[""超过一天明显少吃或不吃"", ""持续呕吐"", ""明显虚弱或脱水"", ""排尿显著减少或无尿（尤其超过12-24小时）""]",肾病宠物不能自行调整药物和处方粮；肾病能自己换药吗；肾粮不吃怎么办；已被诊断肾病；食欲或进食量发生变化；肾病动物的体液状态和尿量可能快速变化，治疗需要个体化复评；不要根据一次化验或短期症状自行改变处方药、补液或处方粮；超过一天明显少吃或不吃；持续呕吐；明显虚弱或脱水；排尿显著减少或无尿（尤其超过12-24小时）,"[{""source_id"": ""PMC8093391"", ""title"": ""Effects of IV Fluids in Dogs and Cats With Kidney Failure"", ""url"": ""https://pmc.ncbi.nlm.nih.gov/articles/PMC8093391/"", ""license"": ""CC BY 4.0"", ""page_or_section"": ""Abstract"", ""verification_status"": ""source_identity_license_and_locator_verified_2026-08-12; veterinary_claim_review_pending"", ""support_note"": ""中文内容为保守概括；来源用于支持主题、物种和风险边界，不代表个体诊断。"", ""change_note"": ""已在 v1.4 核对来源身份、商业许可、题名和定位；未逐字复制。""}]",Only verified CC BY/CC0 evidence is retained; attribution and change notices are mandatory.,true,adversarial_review_fixes_applied_v1_6,blocked_pending_mainland_China_licensed_veterinarian_review,true,test,false,c0d6626209e6aa0330c6762cb1c099884018f60bee0108340acf33d3437afd2a
MVP-RENAL-008,1.6.0-open-mvp-truth-repair-draft,zh-CN,高风险品种猫的多囊肾关注点,"[""cat""]",renal,common_disease_health_education_and_triage,"[""波斯猫要查多囊肾吗"", ""猫多囊肾有什么表现""]","[""早期可能没有明显症状"", ""进展后可见食欲、体重、饮水和尿量变化""]","[""猫多囊肾具有品种和遗传相关性"", ""超声等兽医检查用于评估肾脏结构，不能靠外观判断""]","[""猫咪的饮水和尿量是否明显增多或减少？"", ""猫咪是否做过肾脏超声等兽医检查？"", ""猫咪是否有多囊肾家族史（如父母或同窝猫确诊）？""]",记录症状出现时间、频率、饮水、食欲和活动变化；若出现突然不吃并呕吐、尿量显著下降或明显虚弱等任一红旗，应立即就医或急诊。尽快由兽医结合体检及必要检查判断，不要仅凭本卡自行确诊或用药。,"[""突然不吃并呕吐"", ""尿量显著下降"", ""明显虚弱""]",高风险品种猫的多囊肾关注点；波斯猫要查多囊肾吗；猫多囊肾有什么表现；早期可能没有明显症状；进展后可见食欲、体重、饮水和尿量变化；猫多囊肾具有品种和遗传相关性；超声等兽医检查用于评估肾脏结构，不能靠外观判断；突然不吃并呕吐；尿量显著下降；明显虚弱,"[{""source_id"": ""DOI-10.3390-vetsci8110269"", ""title"": ""Feline Polycystic Kidney Disease: An Update"", ""url"": ""https://www.mdpi.com/2306-7381/8/11/269"", ""license"": ""CC BY 4.0"", ""page_or_section"": ""Abstract"", ""verification_status"": ""source_identity_license_and_locator_verified_2026-08-12; veterinary_claim_review_pending"", ""support_note"": ""中文内容为保守概括；来源用于支持主题、物种和风险边界，不代表个体诊断。"", ""change_note"": ""已在 v1.4 核对来源身份、商业许可、题名和定位；未逐字复制。""}]",Only verified CC BY/CC0 evidence is retained; attribution and change notices are mandatory.,true,adversarial_review_fixes_applied_v1_6,blocked_pending_mainland_China_licensed_veterinarian_review,true,test,false,04c09033c241b0e1e2648e0f8140e7a4298c4992afc086efba32ce3021850b9f
MVP-ENDO-001,1.6.0-open-mvp-truth-repair-draft,zh-CN,老年猫体重下降但食欲很好,"[""cat""]",endocrine,common_disease_health_education_and_triage,"[""猫吃很多还变瘦"", ""老猫很能吃却掉体重""]","[""食欲增加但体重下降"", ""活动或叫声可能改变""]","[""猫甲状腺功能亢进常见于中老年猫"", ""体重下降伴食欲增加是重要线索但不是确诊依据""]","[""它最近的饮水量是否比平时明显增多？"", ""它最近的食欲是否有波动或变化？"", ""它最近的活跃程度是否和以前明显不同？""]",记录症状出现时间、频率、饮水量、食欲和活动变化，尽快由兽医结合体检及必要检查判断；不要仅凭本卡自行确诊或用药。若出现任一红旗症状（呼吸困难、倒地或极度虚弱、完全拒食），应立即就医或急诊。,"[""呼吸困难"", ""倒地或极度虚弱"", ""完全拒食""]",老年猫体重下降但食欲很好；猫吃很多还变瘦；老猫很能吃却掉体重；食欲增加但体重下降；活动或叫声可能改变；猫甲状腺功能亢进常见于中老年猫；体重下降伴食欲增加是重要线索但不是确诊依据；呼吸困难；倒地或极度虚弱；完全拒食,"[{""source_id"": ""DOI-10.3390-antiox10091496"", ""title"": ""Management of Feline Hyperthyroidism and the Need to Prevent Oxidative Stress: What Can We Learn from Human Research?"", ""url"": ""https://www.mdpi.com/2076-3921/10/9/1496"", ""license"": ""CC BY 4.0"", ""page_or_section"": ""Abstract"", ""verification_status"": ""source_identity_license_and_locator_verified_2026-08-12; veterinary_claim_review_pending"", ""support_note"": ""中文内容为保守概括；来源用于支持主题、物种和风险边界，不代表个体诊断。"", ""change_note"": ""已在 v1.4 核对来源身份、商业许可、题名和定位；未逐字复制。""}]",Only verified CC BY/CC0 evidence is retained; attribution and change notices are mandatory.,true,adversarial_review_fixes_applied_v1_6,blocked_pending_mainland_China_licensed_veterinarian_review,true,test,false,da3b2d8cf3b197755c237f925dad7b55fbe3db2445ae6d8bb3408f1cf5390765
MVP-ENDO-002,1.6.0-open-mvp-truth-repair-draft,zh-CN,猫甲状腺功能亢进的常见日常表现,"[""cat""]",endocrine,common_disease_health_education_and_triage,"[""猫甲亢有什么表现"", ""老猫突然很亢奋""]","[""体重下降"", ""食欲增加或后期下降"", ""多饮多尿"", ""活动和叫声改变""]","[""甲亢可影响多个器官系统"", ""单一表现不能确诊，需要血液检查和兽医评估""]","[""猫咪年龄多大？"", ""猫咪体重下降的速度大概多快？"", ""猫咪是否已确诊心脏病或慢性肾病等基础疾病？""]",记录症状出现时间、频率、饮水、食欲和活动变化，尽快由兽医结合体检及必要检查判断；不要仅凭本卡自行确诊或用药；若出现上述任一红旗表现，请立即就医或急诊。,"[""呼吸困难"", ""持续呕吐腹泻伴虚弱"", ""倒地""]",猫甲状腺功能亢进的常见日常表现；猫甲亢有什么表现；老猫突然很亢奋；体重下降；食欲增加或后期下降；多饮多尿；活动和叫声改变；甲亢可影响多个器官系统；单一表现不能确诊，需要血液检查和兽医评估；呼吸困难；持续呕吐腹泻伴虚弱；倒地,"[{""source_id"": ""DOI-10.3390-antiox10091496"", ""title"": ""Management of Feline Hyperthyroidism and the Need to Prevent Oxidative Stress: What Can We Learn from Human Research?"", ""url"": ""https://www.mdpi.com/2076-3921/10/9/1496"", ""license"": ""CC BY 4.0"", ""page_or_section"": ""Abstract"", ""verification_status"": ""source_identity_license_and_locator_verified_2026-08-12; veterinary_claim_review_pending"", ""support_note"": ""中文内容为保守概括；来源用于支持主题、物种和风险边界，不代表个体诊断。"", ""change_note"": ""已在 v1.4 核对来源身份、商业许可、题名和定位；未逐字复制。""}]",Only verified CC BY/CC0 evidence is retained; attribution and change notices are mandatory.,true,adversarial_review_fixes_applied_v1_6,blocked_pending_mainland_China_licensed_veterinarian_review,true,test,false,23195898bae7644194d090fe4888a4722842095a97c1ecb304d70837ecdcd31b
MVP-ENDO-003,1.6.0-open-mvp-truth-repair-draft,zh-CN,老年猫定期体检时关注甲状腺,"[""cat""]",endocrine,common_disease_health_education_and_triage,"[""老猫需要查甲状腺吗"", ""猫甲亢筛查""]","[""进食量增加但体重下降"", ""饮水和尿量增多"", ""活动增多或烦躁"", ""被毛变差"", ""呕吐"", ""早期变化可能较轻微""]","[""甲亢是老年猫常见内分泌疾病之一"", ""早期发现需要结合体重趋势、体检和实验室检测""]","[""是否出现食欲增加但体重下降？"", ""是否出现多饮多尿或活动变化？"", ""是否已知有肾病或心脏问题？""]",记录症状出现时间、频率、饮水、食欲和活动变化，尽快由兽医结合体检及必要检查判断；不要仅凭本卡自行确诊或用药；若出现上述任一红旗表现，请立即就医或急诊。,"[""短期快速消瘦"", ""呼吸困难"", ""明显虚弱""]",老年猫定期体检时关注甲状腺；老猫需要查甲状腺吗；猫甲亢筛查；早期变化可能较轻微；甲亢是老年猫常见内分泌疾病之一；早期发现需要结合体重趋势、体检和实验室检测；短期快速消瘦；呼吸困难；明显虚弱,"[{""source_id"": ""DOI-10.3390-antiox10091496"", ""title"": ""Management of Feline Hyperthyroidism and the Need to Prevent Oxidative Stress: What Can We Learn from Human Research?"", ""url"": ""https://www.mdpi.com/2076-3921/10/9/1496"", ""license"": ""CC BY 4.0"", ""page_or_section"": ""Abstract"", ""verification_status"": ""source_identity_license_and_locator_verified_2026-08-12; veterinary_claim_review_pending"", ""support_note"": ""中文内容为保守概括；来源用于支持主题、物种和风险边界，不代表个体诊断。"", ""change_note"": ""已在 v1.4 核对来源身份、商业许可、题名和定位；未逐字复制。""}]",Only verified CC BY/CC0 evidence is retained; attribution and change notices are mandatory.,true,adversarial_review_fixes_applied_v1_6,blocked_pending_mainland_China_licensed_veterinarian_review,true,test,false,de9d265a0c03d3f334b4324212d150248b82c34aad8fd0a4df1461936dfc0df8
MVP-ENDO-004,1.6.0-open-mvp-truth-repair-draft,zh-CN,犬变胖、怕冷并且精神下降,"[""dog""]",endocrine,common_disease_health_education_and_triage,"[""狗越来越胖又没精神"", ""狗怕冷掉毛""]","[""活动下降"", ""体重增加"", ""怕冷"", ""被毛或皮肤变化""]","[""犬甲状腺功能减退可出现代谢和皮肤被毛变化"", ""这些表现也可由饮食、疼痛和其他疾病引起""]","[""是否正在使用类固醇、抗癫痫药或其他可能影响甲状腺功能的药物？"", ""是否出现对称性脱毛？"", ""是否出现皮肤干燥？""]",记录症状出现时间、频率、饮水、食欲和活动变化，尽快由兽医结合体检及必要检查判断；如出现呼吸困难、意识异常、突然无法站立等任一红旗症状，应立即就医或急诊；不要仅凭本卡自行确诊或用药。,"[""突然无法站立"", ""意识异常"", ""呼吸困难""]",犬变胖、怕冷并且精神下降；狗越来越胖又没精神；狗怕冷掉毛；活动下降；体重增加；怕冷；被毛或皮肤变化；犬甲状腺功能减退可出现代谢和皮肤被毛变化；这些表现也可由饮食、疼痛和其他疾病引起；突然无法站立；意识异常；呼吸困难,"[{""source_id"": ""PMC12477693"", ""title"": ""Repeated thyroid function evaluations in the dog: a retrospective study of 8,309 dogs"", ""url"": ""https://pmc.ncbi.nlm.nih.gov/articles/PMC12477693/"", ""license"": ""CC BY 4.0"", ""page_or_section"": ""Abstract"", ""verification_status"": ""source_identity_license_and_locator_verified_2026-08-12; veterinary_claim_review_pending"", ""support_note"": ""中文内容为保守概括；来源用于支持主题、物种和风险边界，不代表个体诊断。"", ""change_note"": ""已在 v1.4 核对来源身份、商业许可、题名和定位；未逐字复制。""}]",Only verified CC BY/CC0 evidence is retained; attribution and change notices are mandatory.,true,adversarial_review_fixes_applied_v1_6,blocked_pending_mainland_China_licensed_veterinarian_review,true,test,false,24d41d2b070750890ec6d6002730a57a57888a014a72988ffa2cd6ed1b9241d4
MVP-ENDO-005,1.6.0-open-mvp-truth-repair-draft,zh-CN,不能只凭肥胖或掉毛判断犬甲减,"[""dog""]",endocrine,common_disease_health_education_and_triage,"[""狗胖就是甲减吗"", ""掉毛是不是甲状腺问题""]","[""肥胖或体重增加"", ""脱毛或被毛变差""]","[""肥胖和脱毛都缺乏特异性"", ""犬甲减需要结合病史、体检及恰当的甲状腺检测判断""]","[""狗狗最近是否有突然精神变差、呼吸困难或神经异常（如抽搐、走路不稳）？"", ""和之前相比，它的体重、食欲、饮水量和喂食量具体有哪些变化？"", ""脱毛或皮肤问题具体是什么样？是否有对称脱毛、瘙痒、红肿或感染？""]",记录症状出现时间、频率、饮水、食欲和活动变化，尽快由兽医结合体检及必要检查判断；不要仅凭本卡自行确诊或用药；若出现上述任一红旗表现，请立即就医或急诊。,"[""精神突然严重下降"", ""神经异常"", ""呼吸困难""]",不能只凭肥胖或掉毛判断犬甲减；狗胖就是甲减吗；掉毛是不是甲状腺问题；肥胖或体重增加；脱毛或被毛变差；肥胖和脱毛都缺乏特异性；犬甲减需要结合病史、体检及恰当的甲状腺检测判断；精神突然严重下降；神经异常；呼吸困难,"[{""source_id"": ""PMC12477693"", ""title"": ""Repeated thyroid function evaluations in the dog: a retrospective study of 8,309 dogs"", ""url"": ""https://pmc.ncbi.nlm.nih.gov/articles/PMC12477693/"", ""license"": ""CC BY 4.0"", ""page_or_section"": ""Abstract"", ""verification_status"": ""source_identity_license_and_locator_verified_2026-08-12; veterinary_claim_review_pending"", ""support_note"": ""中文内容为保守概括；来源用于支持主题、物种和风险边界，不代表个体诊断。"", ""change_note"": ""已在 v1.4 核对来源身份、商业许可、题名和定位；未逐字复制。""}]",Only verified CC BY/CC0 evidence is retained; attribution and change notices are mandatory.,true,adversarial_review_fixes_applied_v1_6,blocked_pending_mainland_China_licensed_veterinarian_review,true,test,false,53f03858040317f8f8ef18d95a9a90d6e61163ecae84dd91609ddb2b89398e4b
MVP-ENDO-006,1.6.0-open-mvp-truth-repair-draft,zh-CN,犬糖尿病常见的早期线索,"[""dog""]",endocrine,common_disease_health_education_and_triage,"[""狗喝水多还变瘦"", ""狗糖尿病有什么表现""]","[""多饮多尿"", ""食欲可能增加"", ""体重下降""]","[""犬糖尿病是需要长期兽医管理的内分泌疾病"", ""多饮多尿和体重下降需要血糖、尿液等检查确认原因""]","[""多饮多尿出现多久了？"", ""是否食欲增加但体重下降或变瘦？"", ""是否精神下降或虚弱？""]",记录症状出现时间、频率、饮水、食欲和活动变化；若出现呕吐伴拒食和虚弱、脱水、呼吸异常或倒地等任一红旗表现，应立即就医或急诊。尽快由兽医结合体检及必要检查判断；不要仅凭本卡自行确诊或用药。,"[""呕吐伴拒食和虚弱"", ""脱水"", ""呼吸异常或倒地""]",犬糖尿病常见的早期线索；狗喝水多还变瘦；狗糖尿病有什么表现；多饮多尿；食欲可能增加；体重下降；犬糖尿病是需要长期兽医管理的内分泌疾病；多饮多尿和体重下降需要血糖、尿液等检查确认原因；呕吐伴拒食和虚弱；脱水；呼吸异常或倒地,"[{""source_id"": ""PMC7288514"", ""title"": ""Diabetes mellitus in dogs attending UK primary-care practices: frequency, risk factors and survival"", ""url"": ""https://pmc.ncbi.nlm.nih.gov/articles/PMC7288514/"", ""license"": ""CC BY 4.0"", ""page_or_section"": ""Abstract"", ""verification_status"": ""source_identity_license_and_locator_verified_2026-08-12; veterinary_claim_review_pending"", ""support_note"": ""中文内容为保守概括；来源用于支持主题、物种和风险边界，不代表个体诊断。"", ""change_note"": ""已在 v1.4 核对来源身份、商业许可、题名和定位；未逐字复制。""}]",Only verified CC BY/CC0 evidence is retained; attribution and change notices are mandatory.,true,adversarial_review_fixes_applied_v1_6,blocked_pending_mainland_China_licensed_veterinarian_review,true,test,false,38a74be3de9179232db70c7096c77c46320aa3e5528351b6d31a8fc60f879af3
MVP-ENDO-007,1.6.0-open-mvp-truth-repair-draft,zh-CN,猫糖尿病可能出现的日常变化,"[""cat""]",endocrine,common_disease_health_education_and_triage,"[""猫喝水尿多还消瘦"", ""猫糖尿病表现""]","[""多饮多尿"", ""体重下降"", ""食欲和活动改变""]","[""猫糖尿病常表现为持续高血糖相关的多饮多尿和体重变化"", ""需要检查排除肾病、甲亢等其他原因""]","[""猫咪饮水量和尿量是否明显增多？"", ""猫咪近期体重是否明显下降，或虽然吃得多仍变瘦？"", ""猫咪是否出现后肢无力、跖行或走路姿势异常？""]",记录症状出现时间、频率、饮水、食欲、体重和活动变化，尽快由兽医结合体检及必要检查判断；若出现任一红旗症状（如呕吐拒食、明显虚弱或脱水、呼吸异常），应立即就医或急诊。不要仅凭本卡自行确诊或用药。,"[""呕吐拒食"", ""明显虚弱或脱水"", ""呼吸异常""]",猫糖尿病可能出现的日常变化；猫喝水尿多还消瘦；猫糖尿病表现；多饮多尿；体重下降；食欲和活动改变；猫糖尿病常表现为持续高血糖相关的多饮多尿和体重变化；需要检查排除肾病、甲亢等其他原因；呕吐拒食；明显虚弱或脱水；呼吸异常,"[{""source_id"": ""PMC12472474"", ""title"": ""Comparative Pharmacological and Pharmaceutical Perspectives on Antidiabetic Therapies in Humans, Dogs, and Cats"", ""url"": ""https://pmc.ncbi.nlm.nih.gov/articles/PMC12472474/"", ""license"": ""CC BY 4.0"", ""page_or_section"": ""Abstract"", ""verification_status"": ""source_identity_license_and_locator_verified_2026-08-12; veterinary_claim_review_pending"", ""support_note"": ""中文内容为保守概括；来源用于支持主题、物种和风险边界，不代表个体诊断。"", ""change_note"": ""已在 v1.4 核对来源身份、商业许可、题名和定位；未逐字复制。""}]",Only verified CC BY/CC0 evidence is retained; attribution and change notices are mandatory.,true,adversarial_review_fixes_applied_v1_6,blocked_pending_mainland_China_licensed_veterinarian_review,true,test,false,9249b124b26b922326342deee2d9749b8ba622cec6d332a5e01d535c55dcd6bb
MVP-ENDO-008,1.6.0-open-mvp-truth-repair-draft,zh-CN,疑似糖尿病宠物出现呕吐和精神差,"[""cat"", ""dog""]",endocrine,common_disease_health_education_and_triage,"[""糖尿病宠物吐了没精神"", ""喝水多又呕吐""]","[""呕吐"", ""拒食或食欲明显下降"", ""虚弱"", ""可能脱水""]","[""糖尿病相关代谢失衡可危及生命"", ""仅凭家庭观察不能区分普通胃肠不适和严重代谢问题""]","[""宠物是否已确诊糖尿病？"", ""近期是否漏用胰岛素、降糖药，或进食量明显异常？"", ""宠物是否出现呼吸深快或深大呼吸？""]",疑似或已确诊糖尿病的宠物如出现呕吐、拒食和明显虚弱，应当尽快急诊评估。,"[""反复呕吐"", ""无法饮水"", ""明显脱水或倒地"", ""呼吸深快/深大呼吸"", ""震颤、抽搐或昏迷""]",疑似糖尿病宠物出现呕吐和精神差；糖尿病宠物吐了没精神；喝水多又呕吐；呕吐；拒食或食欲明显下降；虚弱；可能脱水；糖尿病相关代谢失衡可危及生命；仅凭家庭观察不能区分普通胃肠不适和严重代谢问题；反复呕吐；无法饮水；明显脱水或倒地；呼吸深快/深大呼吸；震颤、抽搐或昏迷,"[{""source_id"": ""PMC12472474"", ""title"": ""Comparative Pharmacological and Pharmaceutical Perspectives on Antidiabetic Therapies in Humans, Dogs, and Cats"", ""url"": ""https://pmc.ncbi.nlm.nih.gov/articles/PMC12472474/"", ""license"": ""CC BY 4.0"", ""page_or_section"": ""Abstract"", ""verification_status"": ""source_identity_license_and_locator_verified_2026-08-12; veterinary_claim_review_pending"", ""support_note"": ""中文内容为保守概括；来源用于支持主题、物种和风险边界，不代表个体诊断。"", ""change_note"": ""已在 v1.4 核对来源身份、商业许可、题名和定位；未逐字复制。""}]",Only verified CC BY/CC0 evidence is retained; attribution and change notices are mandatory.,true,adversarial_review_fixes_applied_v1_6,blocked_pending_mainland_China_licensed_veterinarian_review,true,test,false,13711fcc516201f247371cfd3f5f41f6006a3971fbba5d9d64b15bc40261d681
MVP-ENDO-009,1.6.0-open-mvp-truth-repair-draft,zh-CN,接受降糖治疗宠物的低血糖警示,"[""cat"", ""dog""]",endocrine,common_disease_health_education_and_triage,"[""打胰岛素后发抖"", ""糖尿病宠物突然站不稳""]","[""突然虚弱"", ""发抖"", ""步态不稳"", ""反应下降""]","[""接受降糖治疗的宠物可能发生低血糖"", ""低血糖可进展为抽搐或意识丧失""]","[""宠物目前是否出现抽搐、昏迷或无法吞咽？"", ""宠物是否刚使用过胰岛素或降糖药？"", ""宠物本次是否正常进食？""]",立即联系急诊兽医并按既有兽医应急指导处理；意识异常或无法吞咽时不要强行喂食。,"[""抽搐"", ""昏迷或无法吞咽"", ""持续恶化""]",接受降糖治疗宠物的低血糖警示；打胰岛素后发抖；糖尿病宠物突然站不稳；突然虚弱；发抖；步态不稳；反应下降；接受降糖治疗的宠物可能发生低血糖；低血糖可进展为抽搐或意识丧失；抽搐；昏迷或无法吞咽；持续恶化,"[{""source_id"": ""PMC12472474"", ""title"": ""Comparative Pharmacological and Pharmaceutical Perspectives on Antidiabetic Therapies in Humans, Dogs, and Cats"", ""url"": ""https://pmc.ncbi.nlm.nih.gov/articles/PMC12472474/"", ""license"": ""CC BY 4.0"", ""page_or_section"": ""Abstract"", ""verification_status"": ""source_identity_license_and_locator_verified_2026-08-12; veterinary_claim_review_pending"", ""support_note"": ""中文内容为保守概括；来源用于支持主题、物种和风险边界，不代表个体诊断。"", ""change_note"": ""已在 v1.4 核对来源身份、商业许可、题名和定位；未逐字复制。""}]",Only verified CC BY/CC0 evidence is retained; attribution and change notices are mandatory.,true,adversarial_review_fixes_applied_v1_6,blocked_pending_mainland_China_licensed_veterinarian_review,true,test,false,9e56789df28c1ca46db23a7e485428417d98026645aeeeaf1fe63451334100eb
MVP-ENDO-010,1.6.0-open-mvp-truth-repair-draft,zh-CN,多饮多尿不等于单一疾病,"[""cat"", ""dog""]",endocrine,common_disease_health_education_and_triage,"[""宠物喝水多是什么病"", ""尿多是不是糖尿病""]","[""饮水和尿量持续增加""]","[""肾病、糖尿病、甲状腺功能亢进（尤其猫）、库欣综合征等内分泌问题可能导致多饮多尿"", ""需要结合体重、食欲、尿检和血液检查区分""]","[""宠物的实际饮水量和排尿次数是否确实比平时增多？"", ""宠物的食欲与之前相比是增加、减少还是不变？"", ""宠物最近是否正在使用糖皮质激素或利尿药等药物？""]",记录症状出现时间、频率、饮水、食欲和活动变化，尽快由兽医结合体检及必要检查判断；不要仅凭本卡自行确诊或用药；若出现上述任一红旗表现，请立即就医或急诊。,"[""无法保留饮水"", ""尿量突然减少"", ""虚弱或意识异常"", ""体重明显下降或消瘦"", ""食欲废绝"", ""反复呕吐或腹泻""]",多饮多尿不等于单一疾病；宠物喝水多是什么病；尿多是不是糖尿病；饮水和尿量持续增加；肾病、糖尿病、甲状腺功能亢进（尤其猫）、库欣综合征等内分泌问题可能导致多饮多尿；需要结合体重、食欲、尿检和血液检查区分；无法保留饮水；尿量突然减少；虚弱或意识异常；体重明显下降或消瘦；食欲废绝；反复呕吐或腹泻,"[{""source_id"": ""PMC8093391"", ""title"": ""Effects of IV Fluids in Dogs and Cats With Kidney Failure"", ""url"": ""https://pmc.ncbi.nlm.nih.gov/articles/PMC8093391/"", ""license"": ""CC BY 4.0"", ""page_or_section"": ""Abstract"", ""verification_status"": ""source_identity_license_and_locator_verified_2026-08-12; veterinary_claim_review_pending"", ""support_note"": ""中文内容为保守概括；来源用于支持主题、物种和风险边界，不代表个体诊断。"", ""change_note"": ""已在 v1.4 核对来源身份、商业许可、题名和定位；未逐字复制。""}, {""source_id"": ""PMC12472474"", ""title"": ""Comparative Pharmacological and Pharmaceutical Perspectives on Antidiabetic Therapies in Humans, Dogs, and Cats"", ""url"": ""https://pmc.ncbi.nlm.nih.gov/articles/PMC12472474/"", ""license"": ""CC BY 4.0"", ""page_or_section"": ""Abstract"", ""verification_status"": ""source_identity_license_and_locator_verified_2026-08-12; veterinary_claim_review_pending"", ""support_note"": ""中文内容为保守概括；来源用于支持主题、物种和风险边界，不代表个体诊断。"", ""change_note"": ""已在 v1.4 核对来源身份、商业许可、题名和定位；未逐字复制。""}]",Only verified CC BY/CC0 evidence is retained; attribution and change notices are mandatory.,true,adversarial_review_fixes_applied_v1_6,blocked_pending_mainland_China_licensed_veterinarian_review,true,test,false,d005c993541af0b72c17a9a2d52f5259a1183365d9b07b9d34319346e3b387bb
MVP-CARD-001,1.6.0-open-mvp-truth-repair-draft,zh-CN,犬体检发现心脏杂音但没有症状,"[""dog""]",cardiac,common_disease_health_education_and_triage,"[""狗有心脏杂音怎么办"", ""有杂音但不咳嗽""]","[""目前活动、呼吸和食欲可能正常""]","[""犬二尖瓣黏液样变是常见获得性心脏病"", ""杂音本身不能说明是否已经心衰，需要进一步分期""]","[""运动时是否比平时更容易疲劳或耐力下降？"", ""是否做过心脏超声或胸片？"", ""是否出现咳嗽？""]",记录症状出现时间、频率、饮水、食欲和活动变化，尽快由兽医结合体检及必要检查判断；不要仅凭本卡自行确诊或用药。若出现任一红旗（休息时呼吸困难、倒地或晕厥、牙龈发灰发紫），应立即就医或急诊。,"[""休息时呼吸困难"", ""倒地或晕厥"", ""牙龈发灰发紫""]",犬体检发现心脏杂音但没有症状；狗有心脏杂音怎么办；有杂音但不咳嗽；目前活动、呼吸和食欲可能正常；犬二尖瓣黏液样变是常见获得性心脏病；杂音本身不能说明是否已经心衰，需要进一步分期；休息时呼吸困难；倒地或晕厥；牙龈发灰发紫,"[{""source_id"": ""DOI-10.3390-ani12020209"", ""title"": ""Management of Chronic Congestive Heart Failure Caused by Myxomatous Mitral Valve Disease in Dogs"", ""url"": ""https://www.mdpi.com/2076-2615/12/2/209"", ""license"": ""CC BY 4.0"", ""page_or_section"": ""Abstract"", ""verification_status"": ""source_identity_license_and_locator_verified_2026-08-12; veterinary_claim_review_pending"", ""support_note"": ""中文内容为保守概括；来源用于支持主题、物种和风险边界，不代表个体诊断。"", ""change_note"": ""已在 v1.4 核对来源身份、商业许可、题名和定位；未逐字复制。""}]",Only verified CC BY/CC0 evidence is retained; attribution and change notices are mandatory.,true,adversarial_review_fixes_applied_v1_6,blocked_pending_mainland_China_licensed_veterinarian_review,true,test,false,2e1cf8d1cb387d85e37a706cd449953932cda6ee922bd23fe6fa1a80ff574fc1
MVP-CARD-002,1.6.0-open-mvp-truth-repair-draft,zh-CN,犬静息或睡眠呼吸变快,"[""dog""]",cardiac,common_disease_health_education_and_triage,"[""狗睡觉呼吸很快"", ""心脏病狗喘得快""]","[""安静或睡眠时呼吸频率持续高于平时"", ""呼吸用力""]","[""心衰犬可能出现静息呼吸增快或呼吸困难"", ""环境温度、疼痛和呼吸道疾病也会影响呼吸""]","[""是否出现呼吸困难的紧急表现，如张口呼吸或牙龈发灰发紫？"", ""这次呼吸快是在完全安静或睡眠时测量，还是刚运动或兴奋后？"", ""是否已确诊心脏病？""]",保持安静、减少搬动并尽快联系宠物医院；明显呼吸困难按急症处理；若出现上述任一红旗表现，请立即就医或急诊。,"[""张口呼吸或明显用力"", ""牙龈发灰发紫"", ""无法平卧或倒地""]",犬静息或睡眠呼吸变快；狗睡觉呼吸很快；心脏病狗喘得快；安静或睡眠时呼吸频率持续高于平时；呼吸用力；心衰犬可能出现静息呼吸增快或呼吸困难；环境温度、疼痛和呼吸道疾病也会影响呼吸；张口呼吸或明显用力；牙龈发灰发紫；无法平卧或倒地,"[{""source_id"": ""DOI-10.3390-ani12020209"", ""title"": ""Management of Chronic Congestive Heart Failure Caused by Myxomatous Mitral Valve Disease in Dogs"", ""url"": ""https://www.mdpi.com/2076-2615/12/2/209"", ""license"": ""CC BY 4.0"", ""page_or_section"": ""Abstract"", ""verification_status"": ""source_identity_license_and_locator_verified_2026-08-12; veterinary_claim_review_pending"", ""support_note"": ""中文内容为保守概括；来源用于支持主题、物种和风险边界，不代表个体诊断。"", ""change_note"": ""已在 v1.4 核对来源身份、商业许可、题名和定位；未逐字复制。""}]",Only verified CC BY/CC0 evidence is retained; attribution and change notices are mandatory.,true,adversarial_review_fixes_applied_v1_6,blocked_pending_mainland_China_licensed_veterinarian_review,true,test,false,67157e14185d1179e658ad8c318e2f08a53f405e846a0129da26dfed500e0d0b
MVP-CARD-003,1.6.0-open-mvp-truth-repair-draft,zh-CN,犬咳嗽不一定都是心脏病,"[""dog""]",cardiac,common_disease_health_education_and_triage,"[""狗咳嗽是不是心脏不好"", ""老狗咳嗽""]","[""咳嗽"", ""可能伴活动耐力下降或呼吸变化""]","[""咳嗽可来自心脏、气道和其他原因"", ""需要结合呼吸频率、听诊和影像等判断""]","[""咳嗽是在夜间还是运动后更明显？"", ""是否有鼻分泌物？"", ""静息呼吸频率是否持续超过30次/分？""]",若出现任一红旗（如明显呼吸困难、咳血、倒地或牙龈变色），应立即就医或急诊；若无红旗，记录症状出现时间、频率、饮水、食欲和活动变化，并尽快由兽医结合体检及必要检查判断；不要仅凭本卡自行确诊或用药。,"[""明显呼吸困难"", ""咳血"", ""倒地或牙龈变色""]",犬咳嗽不一定都是心脏病；狗咳嗽是不是心脏不好；老狗咳嗽；咳嗽；可能伴活动耐力下降或呼吸变化；咳嗽可来自心脏、气道和其他原因；需要结合呼吸频率、听诊和影像等判断；明显呼吸困难；咳血；倒地或牙龈变色,"[{""source_id"": ""DOI-10.3390-ani12020209"", ""title"": ""Management of Chronic Congestive Heart Failure Caused by Myxomatous Mitral Valve Disease in Dogs"", ""url"": ""https://www.mdpi.com/2076-2615/12/2/209"", ""license"": ""CC BY 4.0"", ""page_or_section"": ""Abstract"", ""verification_status"": ""source_identity_license_and_locator_verified_2026-08-12; veterinary_claim_review_pending"", ""support_note"": ""中文内容为保守概括；来源用于支持主题、物种和风险边界，不代表个体诊断。"", ""change_note"": ""已在 v1.4 核对来源身份、商业许可、题名和定位；未逐字复制。""}]",Only verified CC BY/CC0 evidence is retained; attribution and change notices are mandatory.,true,adversarial_review_fixes_applied_v1_6,blocked_pending_mainland_China_licensed_veterinarian_review,true,test,false,38aa179f3cf9e14f3503098571113ab56db409d8c3319e0b2501d27278d31562
MVP-CARD-004,1.6.0-open-mvp-truth-repair-draft,zh-CN,猫肥厚型心肌病可能没有明显症状,"[""cat""]",cardiac,common_disease_health_education_and_triage,"[""猫心肌肥厚有什么表现"", ""猫心脏病平时看得出来吗""]","[""可能长期没有明显外观异常"", ""也可能出现呼吸或活动变化""]","[""肥厚型心肌病是猫常见心脏病"", ""部分猫在并发症出现前可能没有明显症状""]","[""猫咪是否出现呼吸急促、费力或张口呼吸？"", ""猫咪是否突然倒地、晕厥或出现意识丧失？"", ""猫咪是否有后肢突然疼痛、无力或无法站立行走？""]",若出现呼吸困难、突然倒地或后肢突然疼痛无力等任一红旗表现，请立即联系急诊兽医，不要等待；若没有这些紧急表现，记录症状出现时间、频率、饮水、食欲和活动变化，并尽快预约兽医结合体检及必要检查判断。不要仅凭本卡自行确诊或用药。,"[""呼吸困难"", ""突然倒地"", ""后肢突然疼痛无力""]",猫肥厚型心肌病可能没有明显症状；猫心肌肥厚有什么表现；猫心脏病平时看得出来吗；可能长期没有明显外观异常；也可能出现呼吸或活动变化；肥厚型心肌病是猫常见心脏病；部分猫在并发症出现前可能没有明显症状；呼吸困难；突然倒地；后肢突然疼痛无力,"[{""source_id"": ""DOI-10.3390-vetsci12030289"", ""title"": ""Clinical-Diagnostic and Therapeutic Advances in Feline Hypertrophic Cardiomyopathy"", ""url"": ""https://www.mdpi.com/2306-7381/12/3/289"", ""license"": ""CC BY 4.0"", ""page_or_section"": ""Abstract"", ""verification_status"": ""source_identity_license_and_locator_verified_2026-08-12; veterinary_claim_review_pending"", ""support_note"": ""中文内容为保守概括；来源用于支持主题、物种和风险边界，不代表个体诊断。"", ""change_note"": ""已在 v1.4 核对来源身份、商业许可、题名和定位；未逐字复制。""}]",Only verified CC BY/CC0 evidence is retained; attribution and change notices are mandatory.,true,adversarial_review_fixes_applied_v1_6,blocked_pending_mainland_China_licensed_veterinarian_review,true,test,false,c3d5f96859dba3ff770fa3763e65b1a46e731ad254f5791f4972c98dcafa1e28
MVP-CARD-005,1.6.0-open-mvp-truth-repair-draft,zh-CN,猫静息呼吸加快需要警惕心肺问题,"[""cat""]",cardiac,common_disease_health_education_and_triage,"[""猫睡觉呼吸快"", ""猫肚子起伏很大""]","[""静息呼吸频率持续增加"", ""胸腹部呼吸用力""]","[""猫心肌病和多种呼吸系统疾病都可能引起呼吸异常"", ""家庭无法仅凭次数判断具体病因""]","[""猫咪是否有已知心脏病、哮喘或其他心肺疾病史？"", ""猫咪近期活动量是否明显减少？"", ""猫咪是否比平时更容易躲藏？""]",尽量减少应激；若出现任一红旗（张口呼吸、牙龈发灰发紫、无法舒适卧下）应立即就医或急诊。,"[""张口呼吸"", ""牙龈发灰发紫"", ""无法舒适卧下""]",猫静息呼吸加快需要警惕心肺问题；猫睡觉呼吸快；猫肚子起伏很大；静息呼吸频率持续增加；胸腹部呼吸用力；猫心肌病和多种呼吸系统疾病都可能引起呼吸异常；家庭无法仅凭次数判断具体病因；张口呼吸；牙龈发灰发紫；无法舒适卧下,"[{""source_id"": ""DOI-10.3390-vetsci12030289"", ""title"": ""Clinical-Diagnostic and Therapeutic Advances in Feline Hypertrophic Cardiomyopathy"", ""url"": ""https://www.mdpi.com/2306-7381/12/3/289"", ""license"": ""CC BY 4.0"", ""page_or_section"": ""Abstract"", ""verification_status"": ""source_identity_license_and_locator_verified_2026-08-12; veterinary_claim_review_pending"", ""support_note"": ""中文内容为保守概括；来源用于支持主题、物种和风险边界，不代表个体诊断。"", ""change_note"": ""已在 v1.4 核对来源身份、商业许可、题名和定位；未逐字复制。""}]",Only verified CC BY/CC0 evidence is retained; attribution and change notices are mandatory.,true,adversarial_review_fixes_applied_v1_6,blocked_pending_mainland_China_licensed_veterinarian_review,true,test,false,05e74f6a2738a6affd9e11de2ef949bc8008f1b1ec08160abaf5a30c9cd992cd
MVP-CARD-006,1.6.0-open-mvp-truth-repair-draft,zh-CN,猫突然后肢疼痛或无法站立,"[""cat""]",cardiac,common_disease_health_education_and_triage,"[""猫后腿突然瘫了"", ""猫后腿冰凉很痛""]","[""突然尖叫或疼痛"", ""一侧或双侧后肢无力"", ""后肢可能发凉""]","[""猫心脏病可并发主动脉血栓栓塞并导致突然疼痛和瘫痪"", ""也需排除创伤和神经系统急症""]","[""猫咪现在是否有呼吸困难？"", ""后肢摸起来是否明显发凉或冰凉？"", ""猫咪是否有剧烈疼痛表现（如尖叫）？""]",立即前往宠物急诊，减少搬动和应激，不要按摩或热敷后肢。,"[""突然瘫痪"", ""剧烈疼痛"", ""呼吸困难"", ""后肢发凉/明显变凉""]",猫突然后肢疼痛或无法站立；猫后腿突然瘫了；猫后腿冰凉很痛；突然尖叫或疼痛；一侧或双侧后肢无力；后肢可能发凉；猫心脏病可并发主动脉血栓栓塞并导致突然疼痛和瘫痪；也需排除创伤和神经系统急症；突然瘫痪；剧烈疼痛；呼吸困难；后肢发凉/明显变凉,"[{""source_id"": ""DOI-10.3390-vetsci12030289"", ""title"": ""Clinical-Diagnostic and Therapeutic Advances in Feline Hypertrophic Cardiomyopathy"", ""url"": ""https://www.mdpi.com/2306-7381/12/3/289"", ""license"": ""CC BY 4.0"", ""page_or_section"": ""Abstract"", ""verification_status"": ""source_identity_license_and_locator_verified_2026-08-12; veterinary_claim_review_pending"", ""support_note"": ""中文内容为保守概括；来源用于支持主题、物种和风险边界，不代表个体诊断。"", ""change_note"": ""已在 v1.4 核对来源身份、商业许可、题名和定位；未逐字复制。""}]",Only verified CC BY/CC0 evidence is retained; attribution and change notices are mandatory.,true,adversarial_review_fixes_applied_v1_6,blocked_pending_mainland_China_licensed_veterinarian_review,true,test,false,37f76e4c3827140b1cafc942757f98e4c740602b569e1a804d1ce3c38ad7ed72
MVP-CARD-007,1.6.0-open-mvp-truth-repair-draft,zh-CN,犬短暂晕厥或倒地,"[""dog""]",cardiac,common_disease_health_education_and_triage,"[""狗突然晕倒又醒了"", ""走路时突然倒下""]","[""短暂失去姿势或意识"", ""可能很快恢复""]","[""晕厥可能与心律或心血管问题有关"", ""癫痫发作、低血糖和神经系统疾病等也可表现为倒地或类似晕厥""]","[""狗狗现在意识是否已完全恢复并能正常回应你？"", ""狗狗现在是否有呼吸困难或呼吸费力？"", ""狗狗现在牙龈颜色是否发白、发紫或异常？""]",即使已经恢复也应尽快就医；持续意识异常、呼吸困难或反复倒地按急症处理；若出现上述任一红旗表现，请立即就医或急诊。,"[""未恢复正常意识"", ""反复发作"", ""呼吸困难或牙龈变色""]",犬短暂晕厥或倒地；狗突然晕倒又醒了；走路时突然倒下；短暂失去姿势或意识；可能很快恢复；晕厥可能与心律或心血管问题有关；癫痫发作、低血糖和神经系统疾病等也可表现为倒地或类似晕厥；未恢复正常意识；反复发作；呼吸困难或牙龈变色,"[{""source_id"": ""DOI-10.3390-ani12020209"", ""title"": ""Management of Chronic Congestive Heart Failure Caused by Myxomatous Mitral Valve Disease in Dogs"", ""url"": ""https://www.mdpi.com/2076-2615/12/2/209"", ""license"": ""CC BY 4.0"", ""page_or_section"": ""Abstract"", ""verification_status"": ""source_identity_license_and_locator_verified_2026-08-12; veterinary_claim_review_pending"", ""support_note"": ""中文内容为保守概括；来源用于支持主题、物种和风险边界，不代表个体诊断。"", ""change_note"": ""已在 v1.4 核对来源身份、商业许可、题名和定位；未逐字复制。""}]",Only verified CC BY/CC0 evidence is retained; attribution and change notices are mandatory.,true,adversarial_review_fixes_applied_v1_6,blocked_pending_mainland_China_licensed_veterinarian_review,true,test,false,d5f908653e89bc52514f2c5726616c24772788297b4a2091f48091a99cfae04c
MVP-CARD-008,1.6.0-open-mvp-truth-repair-draft,zh-CN,犬心脏病药物不能因症状变化自行增减,"[""dog""]",cardiac,common_disease_health_education_and_triage,"[""狗心脏药能自己加量吗"", ""狗喘能不能多吃药""]","[""已被诊断心脏病"", ""呼吸、食欲或精神发生变化""]","[""心脏病管理需要结合分期、肾功能和临床反应"", ""自行调整药物可能掩盖恶化或增加风险""]","[""目前服用的心脏病药物名称和最近一次用药时间是什么？"", ""安静休息时呼吸频率有没有比之前快？"", ""最近有没有呕吐、拒食、腹泻或明显无力？""]",记录症状出现时间、频率、饮水、食欲和活动变化，尽快由兽医结合体检及必要检查判断；不要仅凭本卡自行确诊或用药；若出现上述任一红旗表现，请立即就医或急诊。,"[""呼吸困难"", ""晕厥"", ""无法进食饮水""]",犬心脏病药物不能因症状变化自行增减；狗心脏药能自己加量吗；狗喘能不能多吃药；已被诊断心脏病；呼吸、食欲或精神发生变化；心脏病管理需要结合分期、肾功能和临床反应；自行调整药物可能掩盖恶化或增加风险；呼吸困难；晕厥；无法进食饮水,"[{""source_id"": ""DOI-10.3390-ani12020209"", ""title"": ""Management of Chronic Congestive Heart Failure Caused by Myxomatous Mitral Valve Disease in Dogs"", ""url"": ""https://www.mdpi.com/2076-2615/12/2/209"", ""license"": ""CC BY 4.0"", ""page_or_section"": ""Abstract"", ""verification_status"": ""source_identity_license_and_locator_verified_2026-08-12; veterinary_claim_review_pending"", ""support_note"": ""中文内容为保守概括；来源用于支持主题、物种和风险边界，不代表个体诊断。"", ""change_note"": ""已在 v1.4 核对来源身份、商业许可、题名和定位；未逐字复制。""}]",Only verified CC BY/CC0 evidence is retained; attribution and change notices are mandatory.,true,adversarial_review_fixes_applied_v1_6,blocked_pending_mainland_China_licensed_veterinarian_review,true,test,false,312201fea38acd2efe669b8806eace7686f0e1c4830fa7ebaa93d029f65a0814
MVP-PH-001,1.6.0-open-mvp-truth-repair-draft,zh-CN,犬胰腺炎可能出现哪些表现,"[""dog""]",pancreatic_hepatobiliary,common_disease_health_education_and_triage,"[""狗胰腺炎有什么表现"", ""狗又吐又不吃""]","[""食欲下降"", ""呕吐"", ""腹泻"", ""精神下降"", ""可能腹部疼痛""]","[""犬胰腺炎表现差异较大且没有单一特异症状"", ""需要结合检查判断，不能只凭呕吐确诊""]","[""现在精神是不是明显变差，比如趴着不动、站不稳或倒地？"", ""它还能自己喝水吗？喝完会不会很快吐出来？"", ""有没有弓背、前低后高的祈祷姿势，或者一碰肚子就躲、叫？""]",记录症状出现时间、频率、饮水、食欲和活动变化，尽快由兽医结合体检及必要检查判断；不要仅凭本卡自行确诊或用药；若出现上述任一红旗表现，请立即就医或急诊。,"[""反复呕吐无法饮水"", ""剧烈腹痛"", ""倒地或明显脱水""]",犬胰腺炎可能出现哪些表现；狗胰腺炎有什么表现；狗又吐又不吃；食欲下降；呕吐；腹泻；精神下降；可能腹部疼痛；犬胰腺炎表现差异较大且没有单一特异症状；需要结合检查判断，不能只凭呕吐确诊；反复呕吐无法饮水；剧烈腹痛；倒地或明显脱水,"[{""source_id"": ""DOI-10.3390-ani12121581"", ""title"": ""Risk Factors and Clinical Presentation in Dogs with Increased Pancreatic Lipase Immunoreactivity Concentrations"", ""url"": ""https://www.mdpi.com/2076-2615/12/12/1581"", ""license"": ""CC BY 4.0"", ""page_or_section"": ""Abstract"", ""verification_status"": ""source_identity_license_and_locator_verified_2026-08-12; veterinary_claim_review_pending"", ""support_note"": ""中文内容为保守概括；来源用于支持主题、物种和风险边界，不代表个体诊断。"", ""change_note"": ""已在 v1.4 核对来源身份、商业许可、题名和定位；未逐字复制。""}]",Only verified CC BY/CC0 evidence is retained; attribution and change notices are mandatory.,true,adversarial_review_fixes_applied_v1_6,blocked_pending_mainland_China_licensed_veterinarian_review,true,test,false,a3a9a40c81b6c803280551930afd3d2523dee612d1d15e15b58af931e759bd55
MVP-PH-002,1.6.0-open-mvp-truth-repair-draft,zh-CN,犬胰腺炎不一定都有明显腹痛,"[""dog""]",pancreatic_hepatobiliary,common_disease_health_education_and_triage,"[""狗不肚子疼会是胰腺炎吗"", ""只是不吃和拉稀""]","[""可能主要表现为不吃、腹泻或呕吐"", ""腹痛可能不明显""]","[""研究中的犬胰腺相关病例表现范围较广"", ""缺少明显腹痛不能排除胰腺问题""]","[""不吃的情况持续多久了？"", ""有没有腹泻或大便异常？"", ""喝水比平时少吗？""]",记录症状出现时间、频率、饮水、食欲和活动变化，尽快由兽医结合体检及必要检查判断；若出现任一红旗（持续拒食、反复呕吐、虚弱或脱水），应立即就医或急诊；不要仅凭本卡自行确诊或用药。,"[""持续拒食"", ""反复呕吐"", ""虚弱或脱水""]",犬胰腺炎不一定都有明显腹痛；狗不肚子疼会是胰腺炎吗；只是不吃和拉稀；可能主要表现为不吃、腹泻或呕吐；腹痛可能不明显；研究中的犬胰腺相关病例表现范围较广；缺少明显腹痛不能排除胰腺问题；持续拒食；反复呕吐；虚弱或脱水,"[{""source_id"": ""DOI-10.3390-ani12121581"", ""title"": ""Risk Factors and Clinical Presentation in Dogs with Increased Pancreatic Lipase Immunoreactivity Concentrations"", ""url"": ""https://www.mdpi.com/2076-2615/12/12/1581"", ""license"": ""CC BY 4.0"", ""page_or_section"": ""Abstract"", ""verification_status"": ""source_identity_license_and_locator_verified_2026-08-12; veterinary_claim_review_pending"", ""support_note"": ""中文内容为保守概括；来源用于支持主题、物种和风险边界，不代表个体诊断。"", ""change_note"": ""已在 v1.4 核对来源身份、商业许可、题名和定位；未逐字复制。""}]",Only verified CC BY/CC0 evidence is retained; attribution and change notices are mandatory.,true,adversarial_review_fixes_applied_v1_6,blocked_pending_mainland_China_licensed_veterinarian_review,true,test,false,ea1c49fac9c312f43559636dac8df58d96be1a9bc7dbda23db28057d3cccb5e9
MVP-PH-003,1.6.0-open-mvp-truth-repair-draft,zh-CN,犬长期消瘦并且粪便量多,"[""dog""]",pancreatic_hepatobiliary,common_disease_health_education_and_triage,"[""狗吃很多还消瘦拉很多"", ""狗大便量特别多""]","[""体重下降"", ""粪便量增加或稀软"", ""食欲可能增加""]","[""犬胰外分泌功能不全可导致消化吸收异常和体重下降"", ""慢性肠病和寄生虫等也可出现类似表现""]","[""狗狗的食欲与平时相比是正常、增加还是下降？"", ""粪便颜色、性状或排便频率是否出现异常？持续多久了？"", ""近期是否做过驱虫？日常饮食主要喂什么？""]",记录症状出现时间、频率、食欲、饮水、粪便性状和活动变化，尽快由兽医结合体检及必要检查判断；不要仅凭本卡自行确诊或用药。如出现任一红旗症状，应立即就医或前往急诊。,"[""快速消瘦"", ""持续呕吐"", ""明显虚弱或脱水""]",犬长期消瘦并且粪便量多；狗吃很多还消瘦拉很多；狗大便量特别多；体重下降；粪便量增加或稀软；食欲可能增加；犬胰外分泌功能不全可导致消化吸收异常和体重下降；慢性肠病和寄生虫等也可出现类似表现；快速消瘦；持续呕吐；明显虚弱或脱水,"[{""source_id"": ""PMC10376357"", ""title"": ""Untargeted Analysis of Serum Metabolomes in Dogs with Exocrine Pancreatic Insufficiency"", ""url"": ""https://pmc.ncbi.nlm.nih.gov/articles/PMC10376357/"", ""license"": ""CC BY 4.0"", ""page_or_section"": ""Abstract"", ""verification_status"": ""source_identity_license_and_locator_verified_2026-08-12; veterinary_claim_review_pending"", ""support_note"": ""中文内容为保守概括；来源用于支持主题、物种和风险边界，不代表个体诊断。"", ""change_note"": ""已在 v1.4 核对来源身份、商业许可、题名和定位；未逐字复制。""}]",Only verified CC BY/CC0 evidence is retained; attribution and change notices are mandatory.,true,adversarial_review_fixes_applied_v1_6,blocked_pending_mainland_China_licensed_veterinarian_review,true,test,false,a6ae7d5506b70aa444b80ec17be4d6edc2c5c84818ebee3f665a15c8947322ea
MVP-PH-004,1.6.0-open-mvp-truth-repair-draft,zh-CN,犬肝胆疾病的非特异性表现,"[""dog""]",pancreatic_hepatobiliary,common_disease_health_education_and_triage,"[""狗肝不好有什么表现"", ""狗不吃没精神会是肝病吗""]","[""食欲下降"", ""精神差"", ""呕吐或腹泻"", ""饮水变化""]","[""犬肝胆疾病早期表现可能缺乏特异性"", ""需要血液和影像检查区分胃肠、胰腺和其他疾病""]","[""尿色是否明显变深（如浓茶色或酱油色）？"", ""腹部是否看起来比平时膨大或变圆？"", ""是否出现呕吐？""]",记录症状出现时间、频率、饮水、食欲和活动变化；若出现呕血、黑便、意识混乱/异常嗜睡或明显黄疸等任一红旗表现，应立即急诊。未出现上述红旗时，也需尽快由兽医结合体检及必要检查判断；不要仅凭本卡自行确诊或用药。,"[""黄疸"", ""意识或行为异常"", ""呕血黑便""]",犬肝胆疾病的非特异性表现；狗肝不好有什么表现；狗不吃没精神会是肝病吗；食欲下降；精神差；呕吐或腹泻；饮水变化；犬肝胆疾病早期表现可能缺乏特异性；需要血液和影像检查区分胃肠、胰腺和其他疾病；黄疸；意识或行为异常；呕血黑便,"[{""source_id"": ""DOI-10.3390-ani14192886"", ""title"": ""Exploring the Relationship between Canine Paraoxonase-1 and Liver Disease"", ""url"": ""https://www.mdpi.com/2076-2615/14/19/2886"", ""license"": ""CC BY 4.0"", ""page_or_section"": ""Abstract"", ""verification_status"": ""source_identity_license_and_locator_verified_2026-08-12; veterinary_claim_review_pending"", ""support_note"": ""中文内容为保守概括；来源用于支持主题、物种和风险边界，不代表个体诊断。"", ""change_note"": ""已在 v1.4 核对来源身份、商业许可、题名和定位；未逐字复制。""}]",Only verified CC BY/CC0 evidence is retained; attribution and change notices are mandatory.,true,adversarial_review_fixes_applied_v1_6,blocked_pending_mainland_China_licensed_veterinarian_review,true,test,false,d3f7f0ac5afc01461150fe5ad818138b4908e38d37b95e1cd5b84e45384ebd19
MVP-PH-005,1.6.0-open-mvp-truth-repair-draft,zh-CN,犬出现黄疸,"[""dog""]",pancreatic_hepatobiliary,common_disease_health_education_and_triage,"[""狗眼白发黄"", ""狗牙龈或皮肤变黄""]","[""眼白、牙龈或耳廓皮肤发黄"", ""尿色可能加深""]","[""黄疸可能与肝胆、溶血或其他严重疾病有关"", ""需要尽快确定原因而不能在家观察多日""]","[""狗狗现在有没有明显虚弱、意识异常、反复呕吐或出血？"", ""皮肤或眼白发黄出现多久了？"", ""最近是否接触过药物、毒物或变质食物？""]",当天就医评估；若伴明显虚弱、意识异常、出血或持续呕吐，立即急诊。,"[""明显虚弱"", ""意识异常"", ""反复呕吐或出血""]",犬出现黄疸；狗眼白发黄；狗牙龈或皮肤变黄；眼白、牙龈或耳廓皮肤发黄；尿色可能加深；黄疸可能与肝胆、溶血或其他严重疾病有关；需要尽快确定原因而不能在家观察多日；明显虚弱；意识异常；反复呕吐或出血,"[{""source_id"": ""DOI-10.3390-ani14192886"", ""title"": ""Exploring the Relationship between Canine Paraoxonase-1 and Liver Disease"", ""url"": ""https://www.mdpi.com/2076-2615/14/19/2886"", ""license"": ""CC BY 4.0"", ""page_or_section"": ""Abstract"", ""verification_status"": ""source_identity_license_and_locator_verified_2026-08-12; veterinary_claim_review_pending"", ""support_note"": ""中文内容为保守概括；来源用于支持主题、物种和风险边界，不代表个体诊断。"", ""change_note"": ""已在 v1.4 核对来源身份、商业许可、题名和定位；未逐字复制。""}]",Only verified CC BY/CC0 evidence is retained; attribution and change notices are mandatory.,true,adversarial_review_fixes_applied_v1_6,blocked_pending_mainland_China_licensed_veterinarian_review,true,test,false,20e2bd18f1e4331f15649f5af6c931c0bcf9ce0767618aa18e0b1724a11536d4
MVP-PH-006,1.6.0-open-mvp-truth-repair-draft,zh-CN,犬腹部逐渐膨大疑似腹水,"[""dog""]",pancreatic_hepatobiliary,common_disease_health_education_and_triage,"[""狗肚子越来越大"", ""狗肚子像有水""]","[""腹围增加"", ""可能活动下降或呼吸受影响""]","[""腹部积液可与肝脏、心脏、低蛋白或其他疾病有关"", ""不能通过触摸自行判断液体或肥胖""]","[""它现在呼吸是否变快、费力或张口呼吸？"", ""肚子变大是突然出现的，还是逐渐变大的？"", ""有没有牙龈发白、站不稳或突然倒地？""]",记录症状出现时间、频率、饮水、食欲和活动变化，尽快由兽医结合体检及必要检查判断；不要仅凭本卡自行确诊或用药；若出现上述任一红旗表现，请立即就医或急诊。,"[""呼吸困难"", ""腹部突然快速增大"", ""倒地或牙龈苍白""]",犬腹部逐渐膨大疑似腹水；狗肚子越来越大；狗肚子像有水；腹围增加；可能活动下降或呼吸受影响；腹部积液可与肝脏、心脏、低蛋白或其他疾病有关；不能通过触摸自行判断液体或肥胖；呼吸困难；腹部突然快速增大；倒地或牙龈苍白,"[{""source_id"": ""DOI-10.3390-ani14192886"", ""title"": ""Exploring the Relationship between Canine Paraoxonase-1 and Liver Disease"", ""url"": ""https://www.mdpi.com/2076-2615/14/19/2886"", ""license"": ""CC BY 4.0"", ""page_or_section"": ""Abstract"", ""verification_status"": ""source_identity_license_and_locator_verified_2026-08-12; veterinary_claim_review_pending"", ""support_note"": ""中文内容为保守概括；来源用于支持主题、物种和风险边界，不代表个体诊断。"", ""change_note"": ""已在 v1.4 核对来源身份、商业许可、题名和定位；未逐字复制。""}]",Only verified CC BY/CC0 evidence is retained; attribution and change notices are mandatory.,true,adversarial_review_fixes_applied_v1_6,blocked_pending_mainland_China_licensed_veterinarian_review,true,test,false,a52dc401b7a781b587054822ae36ce78e758850d43cecb5ca52f31df49b22c85
MVP-PH-007,1.6.0-open-mvp-truth-repair-draft,zh-CN,犬持续呕吐并伴腹部疼痛,"[""dog""]",pancreatic_hepatobiliary,common_disease_health_education_and_triage,"[""狗一直吐还肚子疼"", ""趴着不让碰肚子""]","[""反复呕吐"", ""弓背或拒绝触碰腹部"", ""食欲下降""]","[""持续呕吐和腹痛可见于胰腺、胃肠异物等多种疾病"", ""需要及时排除危及生命的问题""]","[""呕吐物里是否有血或呈咖啡色？"", ""能否喝水并保持不吐？"", ""腹部是否明显胀大或变硬？""]",尽快到医院检查；无法饮水、腹部膨大、呕血或明显虚弱时按急症处理。若出现任一红旗症状，应立即前往急诊。,"[""无法饮水"", ""腹部明显膨大"", ""虚弱倒地或呕血""]",犬持续呕吐并伴腹部疼痛；狗一直吐还肚子疼；趴着不让碰肚子；反复呕吐；弓背或拒绝触碰腹部；食欲下降；持续呕吐和腹痛可见于胰腺、胃肠异物等多种疾病；需要及时排除危及生命的问题；无法饮水；腹部明显膨大；虚弱倒地或呕血,"[{""source_id"": ""DOI-10.3390-ani12121581"", ""title"": ""Risk Factors and Clinical Presentation in Dogs with Increased Pancreatic Lipase Immunoreactivity Concentrations"", ""url"": ""https://www.mdpi.com/2076-2615/12/12/1581"", ""license"": ""CC BY 4.0"", ""page_or_section"": ""Abstract"", ""verification_status"": ""source_identity_license_and_locator_verified_2026-08-12; veterinary_claim_review_pending"", ""support_note"": ""中文内容为保守概括；来源用于支持主题、物种和风险边界，不代表个体诊断。"", ""change_note"": ""已在 v1.4 核对来源身份、商业许可、题名和定位；未逐字复制。""}]",Only verified CC BY/CC0 evidence is retained; attribution and change notices are mandatory.,true,adversarial_review_fixes_applied_v1_6,blocked_pending_mainland_China_licensed_veterinarian_review,true,test,false,304daeeb20aa42353d9279a94cdd08758b09e70f88963250584c4882cec456a2
MVP-INF-001,1.6.0-open-mvp-truth-repair-draft,zh-CN,未完成免疫幼犬突然呕吐腹泻,"[""dog""]",infectious,common_disease_health_education_and_triage,"[""幼犬又吐又拉"", ""小狗可能得细小""]","[""急性呕吐"", ""腹泻可能带血"", ""食欲和精神下降""]","[""犬细小病毒可引起急性胃肠炎，幼犬和免疫不全犬风险更高"", ""仅凭便血不能确诊但需要尽快检测和支持治疗""]","[""是否频繁呕吐，甚至喝水也吐？"", ""腹泻是否带血或呈番茄酱样？"", ""精神是否明显变差、虚弱或站立不稳？""]",尽快就医并与其他犬隔离；明显虚弱、持续呕吐或血样腹泻按急症处理；若出现上述任一红旗表现，请立即就医或急诊。,"[""频繁呕吐"", ""血样腹泻"", ""明显脱水或虚弱""]",未完成免疫幼犬突然呕吐腹泻；幼犬又吐又拉；小狗可能得细小；急性呕吐；腹泻可能带血；食欲和精神下降；犬细小病毒可引起急性胃肠炎，幼犬和免疫不全犬风险更高；仅凭便血不能确诊但需要尽快检测和支持治疗；频繁呕吐；血样腹泻；明显脱水或虚弱,"[{""source_id"": ""DOI-10.3390-microorganisms13010047"", ""title"": ""Overview of Recent Advances in Canine Parvovirus Research"", ""url"": ""https://www.mdpi.com/2076-2607/13/1/47"", ""license"": ""CC BY 4.0"", ""page_or_section"": ""Abstract"", ""verification_status"": ""source_identity_license_and_locator_verified_2026-08-12; veterinary_claim_review_pending"", ""support_note"": ""中文内容为保守概括；来源用于支持主题、物种和风险边界，不代表个体诊断。"", ""change_note"": ""已在 v1.4 核对来源身份、商业许可、题名和定位；未逐字复制。""}]",Only verified CC BY/CC0 evidence is retained; attribution and change notices are mandatory.,true,adversarial_review_fixes_applied_v1_6,blocked_pending_mainland_China_licensed_veterinarian_review,true,test,false,180f2e559fc94f5cafc005f2c256f40fffc828f4d5d564f9ea952fb76c137f14
MVP-INF-002,1.6.0-open-mvp-truth-repair-draft,zh-CN,犬细小病毒的家庭隔离注意,"[""dog""]",infectious,common_disease_health_education_and_triage,"[""怀疑细小要隔离吗"", ""家里还有别的狗""]","[""呕吐腹泻的未免疫或幼龄犬""]","[""犬细小病毒具有传染性并能污染环境"", ""疑似病例应严格隔离，避免与其他犬直接或间接接触，并提前通知接诊医院""]","[""病犬当前是否出现血便、持续呕吐或明显虚弱等紧急症状？"", ""家中其他犬是否已出现呕吐、腹泻或精神变差等症状？"", ""是否已提前联系接诊医院并告知怀疑细小病毒感染？""]",立即将疑似犬与其他犬分开，单独使用食盆和排泄区域；避免接触粪便和呕吐物，并用对细小病毒有效的消毒剂（如稀释漂白水）清洁污染区域。提前通知接诊医院，同时记录症状出现时间、频率、饮水、食欲和活动变化，尽快由兽医判断。出现任一红旗表现时应立即就医或急诊，不要仅凭本卡自行确诊或用药。,"[""病犬持续呕吐或虚弱"", ""其他幼犬开始出现症状"", ""血便或出血性腹泻"", ""明显嗜睡或精神沉郁"", ""无法进水或明显脱水"", ""虚脱"", ""体温过高或过低""]",犬细小病毒的家庭隔离注意；怀疑细小要隔离吗；家里还有别的狗；呕吐腹泻的未免疫或幼龄犬；犬细小病毒具有传染性并能污染环境；疑似病例应严格隔离，避免与其他犬直接或间接接触，并提前通知接诊医院；病犬持续呕吐或虚弱；其他幼犬开始出现症状；血便或出血性腹泻；明显嗜睡或精神沉郁；无法进水或明显脱水；虚脱；体温过高或过低,"[{""source_id"": ""DOI-10.3390-microorganisms13010047"", ""title"": ""Overview of Recent Advances in Canine Parvovirus Research"", ""url"": ""https://www.mdpi.com/2076-2607/13/1/47"", ""license"": ""CC BY 4.0"", ""page_or_section"": ""Abstract"", ""verification_status"": ""source_identity_license_and_locator_verified_2026-08-12; veterinary_claim_review_pending"", ""support_note"": ""中文内容为保守概括；来源用于支持主题、物种和风险边界，不代表个体诊断。"", ""change_note"": ""已在 v1.4 核对来源身份、商业许可、题名和定位；未逐字复制。""}]",Only verified CC BY/CC0 evidence is retained; attribution and change notices are mandatory.,true,adversarial_review_fixes_applied_v1_6,blocked_pending_mainland_China_licensed_veterinarian_review,true,test,false,7fc0c848c6f7798bcd30b7f56d07c118690fa3c4050e4422d595314b2158ebe1
MVP-INF-003,1.6.0-open-mvp-truth-repair-draft,zh-CN,幼犬疫苗未完成时的高风险接触,"[""dog""]",infectious,common_disease_health_education_and_triage,"[""幼犬没打完疫苗能出门吗"", ""接触病狗怎么办""]","[""呕吐"", ""腹泻"", ""精神下降或活动减少"", ""食欲下降"", ""饮水减少""]","[""免疫未完成的幼犬对犬细小等感染风险更高"", ""风险管理应结合当地流行情况和兽医疫苗计划""]","[""现在精神和活动状态是否明显变差或虚弱？"", ""目前有没有呕吐？"", ""目前有没有腹泻？""]",记录症状出现时间、频率、饮水、食欲和活动变化，尽快由兽医结合体检及必要检查判断；不要仅凭本卡自行确诊或用药。若出现呕吐、腹泻、精神下降或明显虚弱中的任一红旗表现，应立即就医或急诊。,"[""呕吐"", ""腹泻"", ""精神下降或明显虚弱""]",幼犬疫苗未完成时的高风险接触；幼犬没打完疫苗能出门吗；接触病狗怎么办；可能接触犬只排泄物或高犬流量环境；免疫未完成的幼犬对犬细小等感染风险更高；风险管理应结合当地流行情况和兽医疫苗计划；出现呕吐腹泻和精神下降；接触后快速虚弱,"[{""source_id"": ""DOI-10.3390-microorganisms13010047"", ""title"": ""Overview of Recent Advances in Canine Parvovirus Research"", ""url"": ""https://www.mdpi.com/2076-2607/13/1/47"", ""license"": ""CC BY 4.0"", ""page_or_section"": ""Abstract"", ""verification_status"": ""source_identity_license_and_locator_verified_2026-08-12; veterinary_claim_review_pending"", ""support_note"": ""中文内容为保守概括；来源用于支持主题、物种和风险边界，不代表个体诊断。"", ""change_note"": ""已在 v1.4 核对来源身份、商业许可、题名和定位；未逐字复制。""}]",Only verified CC BY/CC0 evidence is retained; attribution and change notices are mandatory.,true,adversarial_review_fixes_applied_v1_6,blocked_pending_mainland_China_licensed_veterinarian_review,true,test,false,81d064006b30acacc3ad552b14ef790ab9f07bf7005e64fe0f1c8d9a2b39e864
MVP-INF-004,1.6.0-open-mvp-truth-repair-draft,zh-CN,幼猫突然发热、呕吐和严重腹泻,"[""cat""]",infectious,common_disease_health_education_and_triage,"[""幼猫又吐又拉没精神"", ""猫瘟有什么表现""]","[""发热或体温异常"", ""呕吐"", ""腹泻"", ""明显精神差""]","[""猫泛白细胞减少症可引起严重全身和胃肠症状，幼猫风险更高"", ""需要检测和临床检查确认""]","[""它现在是否明显虚弱、站不稳或倒地？"", ""它是否持续呕吐，完全无法喝水？"", ""它有没有接种过猫瘟疫苗？""]",立即与其他猫隔离并尽快就医；明显虚弱或无法饮水按急症处理；若出现上述任一红旗表现，请立即就医或急诊。,"[""明显虚弱"", ""持续呕吐无法饮水"", ""体温异常或倒地""]",幼猫突然发热、呕吐和严重腹泻；幼猫又吐又拉没精神；猫瘟有什么表现；发热或体温异常；呕吐；腹泻；明显精神差；猫泛白细胞减少症可引起严重全身和胃肠症状，幼猫风险更高；需要检测和临床检查确认；明显虚弱；持续呕吐无法饮水；体温异常或倒地,"[{""source_id"": ""PMC9227120"", ""title"": ""Feline Panleukopenia Outbreaks and Risk Factors in Cats in Animal Shelters"", ""url"": ""https://pmc.ncbi.nlm.nih.gov/articles/PMC9227120/"", ""license"": ""CC BY 4.0"", ""page_or_section"": ""Abstract"", ""verification_status"": ""source_identity_license_and_locator_verified_2026-08-12; veterinary_claim_review_pending"", ""support_note"": ""中文内容为保守概括；来源用于支持主题、物种和风险边界，不代表个体诊断。"", ""change_note"": ""已在 v1.4 核对来源身份、商业许可、题名和定位；未逐字复制。""}]",Only verified CC BY/CC0 evidence is retained; attribution and change notices are mandatory.,true,adversarial_review_fixes_applied_v1_6,blocked_pending_mainland_China_licensed_veterinarian_review,true,test,false,a6191804c53c8dac16064c68f6eb81b8949b8235e65f3735b52bbe5bcc83ef13
MVP-INF-005,1.6.0-open-mvp-truth-repair-draft,zh-CN,新领养猫什么时候考虑FeLV/FIV检测,"[""cat""]",infectious,common_disease_health_education_and_triage,"[""新猫要查猫白血病吗"", ""新猫需要查猫艾滋吗""]","[""可能没有症状""]","[""FeLV和FIV感染可以在无明显症状时存在"", ""是否检测及复检应结合来源、年龄、暴露风险和兽医建议""]","[""猫咪目前是否有持续发热、严重虚弱、呼吸困难、抽搐或显著消瘦等红旗表现？"", ""猫咪是否有外出史或与其他猫打斗史？"", ""猫咪是否会与其他猫共同生活？""]",新猫首次兽医检查时建议进行 FeLV/FIV 检测，尤其多猫家庭、来源不明、有外出或打斗史；若已有异常症状，记录变化并尽快就医；出现任一红旗表现时，立即就医或急诊。不要仅凭本卡自行确诊或用药。,"[""持续发热或严重虚弱"", ""贫血样牙龈苍白"", ""呼吸困难"", ""抽搐或共济失调"", ""显著消瘦/体重下降"", ""反复或慢性感染""]",新领养猫什么时候考虑FeLV/FIV检测；新猫要查猫白血病吗；新猫需要查猫艾滋吗；可能没有症状；FeLV和FIV感染可以在无明显症状时存在；是否检测及复检应结合来源、年龄、暴露风险和兽医建议；持续发热或严重虚弱；贫血样牙龈苍白；呼吸困难；抽搐或共济失调；显著消瘦/体重下降；反复或慢性感染,"[{""source_id"": ""DOI-10.3390-v4112684"", ""title"": ""Clinical Aspects of Feline Retroviruses: A Review"", ""url"": ""https://www.mdpi.com/1999-4915/4/11/2684"", ""license"": ""CC BY 3.0"", ""page_or_section"": ""Abstract"", ""verification_status"": ""source_identity_license_and_locator_verified_2026-08-12; veterinary_claim_review_pending"", ""support_note"": ""中文内容为保守概括；来源用于支持主题、物种和风险边界，不代表个体诊断。"", ""change_note"": ""已在 v1.4 核对来源身份、商业许可、题名和定位；未逐字复制。""}]",Only verified CC BY/CC0 evidence is retained; attribution and change notices are mandatory.,true,adversarial_review_fixes_applied_v1_6,blocked_pending_mainland_China_licensed_veterinarian_review,true,test,false,ae1dade7ac6e8e79ad7aae1089216507538b10a9236c4f28fb9ad56e0823b47e
MVP-INF-006,1.6.0-open-mvp-truth-repair-draft,zh-CN,猫白血病病毒感染可能表现很不典型,"[""cat""]",infectious,common_disease_health_education_and_triage,"[""FeLV猫有什么表现"", ""猫总是生病是不是白血病""]","[""反复感染"", ""体重下降"", ""食欲和精神下降"", ""牙龈可能苍白""]","[""FeLV相关临床表现可以涉及贫血、免疫抑制和肿瘤等多个方面"", ""症状不能替代病毒检测""]","[""猫目前是否出现呼吸困难、明显牙龈苍白、持续高热或倒地等紧急表现？"", ""猫是否做过FeLV检测？"", ""猫是否与确诊FeLV阳性的猫接触过？""]",若猫出现任一红旗表现（明显牙龈苍白、呼吸困难、持续高热或倒地），请立即带猫前往急诊就医；无这些红旗表现时，可记录症状出现时间、频率、饮水、食欲和活动变化，并尽快预约兽医检查；不要仅凭本卡自行确诊或用药。,"[""明显牙龈苍白"", ""呼吸困难"", ""持续高热或倒地""]",猫白血病病毒感染可能表现很不典型；FeLV猫有什么表现；猫总是生病是不是白血病；反复感染；体重下降；食欲和精神下降；牙龈可能苍白；FeLV相关临床表现可以涉及贫血、免疫抑制和肿瘤等多个方面；症状不能替代病毒检测；明显牙龈苍白；呼吸困难；持续高热或倒地,"[{""source_id"": ""DOI-10.3390-ani14071051"", ""title"": ""Epidemiological Insights into Feline Leukemia Virus Infection"", ""url"": ""https://www.mdpi.com/2076-2615/14/7/1051"", ""license"": ""CC BY 4.0"", ""page_or_section"": ""Abstract"", ""verification_status"": ""source_identity_license_and_locator_verified_2026-08-12; veterinary_claim_review_pending"", ""support_note"": ""中文内容为保守概括；来源用于支持主题、物种和风险边界，不代表个体诊断。"", ""change_note"": ""已在 v1.4 核对来源身份、商业许可、题名和定位；未逐字复制。""}]",Only verified CC BY/CC0 evidence is retained; attribution and change notices are mandatory.,true,adversarial_review_fixes_applied_v1_6,blocked_pending_mainland_China_licensed_veterinarian_review,true,test,false,95746deb01f56b70dd604327d43fce76d3fd2f7560978d21a4317856c594059a
MVP-INF-007,1.6.0-open-mvp-truth-repair-draft,zh-CN,猫打斗和FIV暴露风险,"[""cat""]",infectious,common_disease_health_education_and_triage,"[""猫打架会得猫艾滋吗"", ""被外面的猫咬了""]","[""伤口局部红肿、流脓或形成脓肿"", ""发热"", ""跛行或不愿活动"", ""精神萎靡、食欲下降""]","[""FIV主要与咬伤等血液暴露相关"", ""一次检测的解释与暴露时间和猫龄有关，应由兽医安排""]","[""打斗/咬伤发生在什么时候？"", ""对方猫的健康状况是否已知（如 FIV/FeLV 状态）？"", ""伤口在什么位置、有多深？""]",记录症状出现时间、频率、饮水、食欲和活动变化，尽快由兽医结合体检及必要检查判断；不要仅凭本卡自行确诊或用药。若出现任一红旗（咬伤累及胸腹、持续出血、发热虚弱或伤口迅速肿胀），应立即就医或急诊。,"[""咬伤累及胸腹"", ""持续出血"", ""发热虚弱或伤口迅速肿胀""]",猫打斗和FIV暴露风险；猫打架会得猫艾滋吗；被外面的猫咬了；有深部咬伤或打斗史；FIV主要与咬伤等血液暴露相关；一次检测的解释与暴露时间和猫龄有关，应由兽医安排；咬伤累及胸腹；持续出血；发热虚弱或伤口迅速肿胀,"[{""source_id"": ""DOI-10.3390-v4112684"", ""title"": ""Clinical Aspects of Feline Retroviruses: A Review"", ""url"": ""https://www.mdpi.com/1999-4915/4/11/2684"", ""license"": ""CC BY 3.0"", ""page_or_section"": ""Abstract"", ""verification_status"": ""source_identity_license_and_locator_verified_2026-08-12; veterinary_claim_review_pending"", ""support_note"": ""中文内容为保守概括；来源用于支持主题、物种和风险边界，不代表个体诊断。"", ""change_note"": ""已在 v1.4 核对来源身份、商业许可、题名和定位；未逐字复制。""}]",Only verified CC BY/CC0 evidence is retained; attribution and change notices are mandatory.,true,adversarial_review_fixes_applied_v1_6,blocked_pending_mainland_China_licensed_veterinarian_review,true,test,false,50593ff5a930c58d033df73229970353f0cf49f07479a46d559c1e11ec5a0b6e
MVP-INF-008,1.6.0-open-mvp-truth-repair-draft,zh-CN,不能根据外观判断猫是否感染FeLV或FIV,"[""cat""]",infectious,common_disease_health_education_and_triage,"[""看起来健康会有猫白血病吗"", ""猫艾滋能看出来吗""]","[""外观可能完全正常""]","[""FeLV或FIV感染猫可能在一段时间内无明显症状"", ""确诊依赖恰当检测及必要时复核""]","[""猫咪是否为新领养、外出或来源/接触史不明？"", ""猫咪是否与确诊或可能感染 FeLV/FIV 的猫（如流浪猫、户外猫）共同生活，或与未知感染状况的猫有过咬伤/打架？"", ""猫咪最近一次 FeLV/FIV 检测结果是什么？""]",出现任一红旗表现（持续发热、明显消瘦、反复感染或牙龈苍白）应立即就医或急诊；记录症状出现时间、频率、饮水、食欲和活动变化，尽快由兽医结合体检及必要检查判断；不要仅凭本卡自行确诊或用药。,"[""持续发热"", ""明显消瘦"", ""反复感染或牙龈苍白""]",不能根据外观判断猫是否感染FeLV或FIV；看起来健康会有猫白血病吗；猫艾滋能看出来吗；外观可能完全正常；FeLV或FIV感染猫可能在一段时间内无明显症状；确诊依赖恰当检测及必要时复核；持续发热；明显消瘦；反复感染或牙龈苍白,"[{""source_id"": ""DOI-10.3390-v4112684"", ""title"": ""Clinical Aspects of Feline Retroviruses: A Review"", ""url"": ""https://www.mdpi.com/1999-4915/4/11/2684"", ""license"": ""CC BY 3.0"", ""page_or_section"": ""Abstract"", ""verification_status"": ""source_identity_license_and_locator_verified_2026-08-12; veterinary_claim_review_pending"", ""support_note"": ""中文内容为保守概括；来源用于支持主题、物种和风险边界，不代表个体诊断。"", ""change_note"": ""已在 v1.4 核对来源身份、商业许可、题名和定位；未逐字复制。""}]",Only verified CC BY/CC0 evidence is retained; attribution and change notices are mandatory.,true,adversarial_review_fixes_applied_v1_6,blocked_pending_mainland_China_licensed_veterinarian_review,true,test,false,c79d8a13dbbd2ce9de62d206c6db0fe31dc0f5ffadd577b88d90f8c240d4b772
MVP-INF-009,1.6.0-open-mvp-truth-repair-draft,zh-CN,犬发热呕吐并出现黄疸,"[""dog""]",infectious,common_disease_health_education_and_triage,"[""狗发烧吐还黄"", ""狗会不会钩端螺旋体""]","[""发热/体温升高"", ""食欲下降"", ""呕吐"", ""精神差"", ""可能黄疸""]","[""犬钩端螺旋体病可影响肾脏和肝脏且表现多样"", ""属于需要及时就医评估的人畜共患病""]","[""最近是否接触过积水、鼠类或野生动物？"", ""狗狗是否按时接种过钩端螺旋体疫苗？"", ""尿液颜色是否明显变深或呈茶色？""]",尽快就医并告知可能的环境暴露；处理尿液时注意手卫生，避免儿童和免疫低下者接触。出现任一红旗（黄疸伴虚弱、尿量减少、反复呕吐或出血）应立即急诊就医。,"[""黄疸伴虚弱"", ""尿量减少"", ""反复呕吐或出血""]",犬发热呕吐并出现黄疸；狗发烧吐还黄；狗会不会钩端螺旋体；发热/体温升高；食欲下降；呕吐；精神差；可能黄疸；犬钩端螺旋体病可影响肾脏和肝脏且表现多样；属于需要及时就医评估的人畜共患病；黄疸伴虚弱；尿量减少；反复呕吐或出血,"[{""source_id"": ""DOI-10.3390-ani11123405"", ""title"": ""Risk and Predictive Factors of Leptospirosis in Dogs"", ""url"": ""https://www.mdpi.com/2076-2615/11/12/3405"", ""license"": ""CC BY 4.0"", ""page_or_section"": ""Abstract"", ""verification_status"": ""source_identity_license_and_locator_verified_2026-08-12; veterinary_claim_review_pending"", ""support_note"": ""中文内容为保守概括；来源用于支持主题、物种和风险边界，不代表个体诊断。"", ""change_note"": ""已在 v1.4 核对来源身份、商业许可、题名和定位；未逐字复制。""}]",Only verified CC BY/CC0 evidence is retained; attribution and change notices are mandatory.,true,adversarial_review_fixes_applied_v1_6,blocked_pending_mainland_China_licensed_veterinarian_review,true,test,false,77cd0afefd45c8d8c2a59ed499305d6fee3413370c535c03c1f7d0460d9cc4bf
MVP-INF-010,1.6.0-open-mvp-truth-repair-draft,zh-CN,疑似钩端螺旋体病时的家庭防护,"[""dog""]",infectious,common_disease_health_education_and_triage,"[""狗钩体会传人吗"", ""狗尿要怎么处理""]","[""犬出现疑似感染且可能有尿液暴露""]","[""钩端螺旋体病具有人宠共同健康意义"", ""确诊和具体消毒隔离措施应遵循兽医及当地公共卫生建议""]","[""接触犬或尿液后，您或家人是否出现发热、乏力、头痛等不适？"", ""犬是否出现尿量减少、皮肤黄疸、虚弱或精神萎靡？"", ""犬只是否已由兽医确诊为钩端螺旋体病，还是仅疑似？""]",记录症状出现时间、频率、饮水、食欲和活动变化，尽快由兽医结合体检及必要检查判断；不要仅凭本卡自行确诊或用药；若出现上述任一红旗表现，请立即就医或急诊。,"[""人出现发热等不适"", ""犬尿量减少、黄疸或虚弱""]",疑似钩端螺旋体病时的家庭防护；狗钩体会传人吗；狗尿要怎么处理；犬出现疑似感染且可能有尿液暴露；钩端螺旋体病具有人宠共同健康意义；确诊和具体消毒隔离措施应遵循兽医及当地公共卫生建议；人出现发热等不适；犬尿量减少、黄疸或虚弱,"[{""source_id"": ""DOI-10.3390-ani11123405"", ""title"": ""Risk and Predictive Factors of Leptospirosis in Dogs"", ""url"": ""https://www.mdpi.com/2076-2615/11/12/3405"", ""license"": ""CC BY 4.0"", ""page_or_section"": ""Abstract"", ""verification_status"": ""source_identity_license_and_locator_verified_2026-08-12; veterinary_claim_review_pending"", ""support_note"": ""中文内容为保守概括；来源用于支持主题、物种和风险边界，不代表个体诊断。"", ""change_note"": ""已在 v1.4 核对来源身份、商业许可、题名和定位；未逐字复制。""}]",Only verified CC BY/CC0 evidence is retained; attribution and change notices are mandatory.,true,adversarial_review_fixes_applied_v1_6,blocked_pending_mainland_China_licensed_veterinarian_review,true,test,false,514b4664b01f5ab9dcabb62d86931a57523f161b23eb46f3ac6e1eaec453ae9d
MVP-RESP-004,1.6.0-open-mvp-truth-repair-draft,zh-CN,猫反复咳嗽或喘鸣可能与哮喘有关,"[""cat""]",respiratory,common_disease_health_education_and_triage,"[""猫像咳毛一样一直咳"", ""猫喘鸣""]","[""反复咳嗽"", ""喘鸣"", ""可能蹲伏伸颈呼吸""]","[""猫哮喘可出现咳嗽和喘鸣"", ""心脏病、感染和其他气道疾病也可能相似""]","[""每次咳嗽或喘鸣发作大约持续多久？"", ""咳嗽或喘鸣大概多久发作一次？"", ""最近家中是否有烟雾、香薰或粉尘暴露？""]",记录症状出现时间、频率、饮水、食欲和活动变化；若出现任一红旗（张口呼吸、牙龈发灰发紫、发作持续不缓解），应立即就医或急诊。不要仅凭本卡自行确诊或用药。,"[""张口呼吸"", ""牙龈发灰发紫"", ""发作持续不缓解""]",猫反复咳嗽或喘鸣可能与哮喘有关；猫像咳毛一样一直咳；猫喘鸣；反复咳嗽；喘鸣；可能蹲伏伸颈呼吸；猫哮喘可出现咳嗽和喘鸣；心脏病、感染和其他气道疾病也可能相似；张口呼吸；牙龈发灰发紫；发作持续不缓解,"[{""source_id"": ""PMC9492960"", ""title"": ""Respiratory dysbiosis in cats with spontaneous allergic asthma"", ""url"": ""https://pmc.ncbi.nlm.nih.gov/articles/PMC9492960/"", ""license"": ""CC BY 4.0"", ""page_or_section"": ""Abstract"", ""verification_status"": ""source_identity_license_and_locator_verified_2026-08-12; veterinary_claim_review_pending"", ""support_note"": ""中文内容为保守概括；来源用于支持主题、物种和风险边界，不代表个体诊断。"", ""change_note"": ""已在 v1.4 核对来源身份、商业许可、题名和定位；未逐字复制。""}]",Only verified CC BY/CC0 evidence is retained; attribution and change notices are mandatory.,true,adversarial_review_fixes_applied_v1_6,blocked_pending_mainland_China_licensed_veterinarian_review,true,test,false,2df529d5dabf7c23212b6fecafb9f9a433059372a3a3a4ab9124ba916bbbdb6d
MVP-RESP-005,1.6.0-open-mvp-truth-repair-draft,zh-CN,猫哮喘样发作时不能只等拍视频,"[""cat""]",respiratory,common_disease_health_education_and_triage,"[""猫喘得厉害要不要先录像"", ""猫呼吸急促""]","[""呼吸快速或用力"", ""可能咳嗽喘鸣""]","[""猫呼吸困难病因多样且可能迅速恶化"", ""影像记录不能延误就医""]","[""猫咪现在是否张口呼吸？"", ""牙龈或舌头颜色是否发紫、发白或苍白？"", ""是否无法安静卧下或已经倒地？""]",尽量减少应激并立即前往急诊；不要为了继续录像或等待更多表现而延迟。,"[""张口呼吸"", ""牙龈变色"", ""倒地或无法安静""]",猫哮喘样发作时不能只等拍视频；猫喘得厉害要不要先录像；猫呼吸急促；呼吸快速或用力；可能咳嗽喘鸣；猫呼吸困难病因多样且可能迅速恶化；影像记录不能延误就医；张口呼吸；牙龈变色；倒地或无法安静,"[{""source_id"": ""PMC11946846"", ""title"": ""Emergency Dyspnea in 258 Cats: Insights from the French RAPID CAT Study"", ""url"": ""https://pmc.ncbi.nlm.nih.gov/articles/PMC11946846/"", ""license"": ""CC BY 4.0"", ""page_or_section"": ""Abstract"", ""verification_status"": ""source_identity_license_and_locator_verified_2026-08-12; veterinary_claim_review_pending"", ""support_note"": ""中文内容为保守概括；来源用于支持主题、物种和风险边界，不代表个体诊断。"", ""change_note"": ""已在 v1.4 核对来源身份、商业许可、题名和定位；未逐字复制。""}]",Only verified CC BY/CC0 evidence is retained; attribution and change notices are mandatory.,true,adversarial_review_fixes_applied_v1_6,blocked_pending_mainland_China_licensed_veterinarian_review,true,test,false,c8aaf98fac26f8a3a1ced5cc87937bf90d648ef36ebd163398c3cd8e6fd8ff3c
MVP-RESP-006,1.6.0-open-mvp-truth-repair-draft,zh-CN,短头犬长期打鼾和呼吸噪音不是完全正常,"[""dog""]",respiratory,common_disease_health_education_and_triage,"[""法斗打呼噜正常吗"", ""巴哥呼吸声音很大""]","[""清醒时也有明显呼吸噪音"", ""打鼾"", ""运动耐力差""]","[""短头犬阻塞性气道问题可表现为鼾声、喘鸣和运动不耐受"", ""常见不代表没有健康影响""]","[""它是否在睡眠中突然惊醒？"", ""它是否在睡眠中喘气？"", ""它是否在睡眠中出现呼吸暂停？""]",若出现任一红旗（呼吸困难、牙龈发紫、晕厥或体温过高），应立即就医或急诊；若无红旗，记录症状出现时间、频率、饮水、食欲和活动变化，尽快由兽医结合体检及必要检查判断；不要仅凭本卡自行确诊或用药。,"[""呼吸困难"", ""牙龈发紫"", ""晕厥或体温过高""]",短头犬长期打鼾和呼吸噪音不是完全正常；法斗打呼噜正常吗；巴哥呼吸声音很大；清醒时也有明显呼吸噪音；打鼾；运动耐力差；短头犬阻塞性气道问题可表现为鼾声、喘鸣和运动不耐受；常见不代表没有健康影响；呼吸困难；牙龈发紫；晕厥或体温过高,"[{""source_id"": ""DOI-10.3390-ani9010003"", ""title"": ""Consequences and Management of Canine Brachycephaly in Veterinary Practice"", ""url"": ""https://www.mdpi.com/2076-2615/9/1/3"", ""license"": ""CC BY 4.0"", ""page_or_section"": ""Abstract"", ""verification_status"": ""source_identity_license_and_locator_verified_2026-08-12; veterinary_claim_review_pending"", ""support_note"": ""中文内容为保守概括；来源用于支持主题、物种和风险边界，不代表个体诊断。"", ""change_note"": ""已在 v1.4 核对来源身份、商业许可、题名和定位；未逐字复制。""}]",Only verified CC BY/CC0 evidence is retained; attribution and change notices are mandatory.,true,adversarial_review_fixes_applied_v1_6,blocked_pending_mainland_China_licensed_veterinarian_review,true,test,false,83f3053cec656d4dcf783442f64878d3e41a9e1cb222bbb37883c0acc36c3db3
MVP-RESP-007,1.6.0-open-mvp-truth-repair-draft,zh-CN,短头犬运动和高温耐受差,"[""dog""]",respiratory,common_disease_health_education_and_triage,"[""法斗一运动就喘"", ""短鼻狗怕热""]","[""轻微运动后过度喘气"", ""恢复时间长"", ""高温时更明显""]","[""短头犬气道阻力会影响散热和运动耐受"", ""肥胖和高温可进一步增加风险""]","[""是否出现牙龈或舌头发紫？"", ""是否曾因喘气晕厥？"", ""喘气后恢复需要多久？""]",记录症状出现时间、频率、饮水、食欲和活动变化，尽快由兽医结合体检及必要检查判断；不要仅凭本卡自行确诊或用药；若出现上述任一红旗表现，请立即就医或急诊。,"[""体温过高"", ""牙龈发紫"", ""无法站立或持续呼吸困难""]",短头犬运动和高温耐受差；法斗一运动就喘；短鼻狗怕热；轻微运动后过度喘气；恢复时间长；高温时更明显；短头犬气道阻力会影响散热和运动耐受；肥胖和高温可进一步增加风险；体温过高；牙龈发紫；无法站立或持续呼吸困难,"[{""source_id"": ""DOI-10.3390-ani9010003"", ""title"": ""Consequences and Management of Canine Brachycephaly in Veterinary Practice"", ""url"": ""https://www.mdpi.com/2076-2615/9/1/3"", ""license"": ""CC BY 4.0"", ""page_or_section"": ""Abstract"", ""verification_status"": ""source_identity_license_and_locator_verified_2026-08-12; veterinary_claim_review_pending"", ""support_note"": ""中文内容为保守概括；来源用于支持主题、物种和风险边界，不代表个体诊断。"", ""change_note"": ""已在 v1.4 核对来源身份、商业许可、题名和定位；未逐字复制。""}]",Only verified CC BY/CC0 evidence is retained; attribution and change notices are mandatory.,true,adversarial_review_fixes_applied_v1_6,blocked_pending_mainland_China_licensed_veterinarian_review,true,test,false,d451931d71d97bc2a68a53c51cf5996c154d7f2ce64f95f5c4e2b89f8500b780
MVP-RESP-008,1.6.0-open-mvp-truth-repair-draft,zh-CN,短头犬睡眠中出现憋气或频繁惊醒,"[""dog""]",respiratory,common_disease_health_education_and_triage,"[""狗睡觉像憋住了"", ""法斗睡觉总惊醒""]","[""睡眠呼吸噪音"", ""疑似呼吸暂停"", ""频繁变换姿势或惊醒""]","[""短头犬气道问题可能影响睡眠呼吸"", ""需要兽医评估严重程度而不应仅视为品种习惯""]","[""睡觉憋气或惊醒时，牙龈或舌头是否发紫？"", ""是否出现过叫不醒的情况？"", ""白天清醒时是否也呼吸费力？""]",记录症状出现时间、频率、饮水、食欲和活动变化，尽快由兽医结合体检及必要检查判断；不要仅凭本卡自行确诊或用药；若出现上述任一红旗表现，请立即就医或急诊。,"[""持续呼吸困难"", ""牙龈发紫"", ""无法唤醒或倒地""]",短头犬睡眠中出现憋气或频繁惊醒；狗睡觉像憋住了；法斗睡觉总惊醒；睡眠呼吸噪音；疑似呼吸暂停；频繁变换姿势或惊醒；短头犬气道问题可能影响睡眠呼吸；需要兽医评估严重程度而不应仅视为品种习惯；持续呼吸困难；牙龈发紫；无法唤醒或倒地,"[{""source_id"": ""DOI-10.3390-ani9010003"", ""title"": ""Consequences and Management of Canine Brachycephaly in Veterinary Practice"", ""url"": ""https://www.mdpi.com/2076-2615/9/1/3"", ""license"": ""CC BY 4.0"", ""page_or_section"": ""Abstract"", ""verification_status"": ""source_identity_license_and_locator_verified_2026-08-12; veterinary_claim_review_pending"", ""support_note"": ""中文内容为保守概括；来源用于支持主题、物种和风险边界，不代表个体诊断。"", ""change_note"": ""已在 v1.4 核对来源身份、商业许可、题名和定位；未逐字复制。""}]",Only verified CC BY/CC0 evidence is retained; attribution and change notices are mandatory.,true,adversarial_review_fixes_applied_v1_6,blocked_pending_mainland_China_licensed_veterinarian_review,true,test,false,e65d4b3879d1c0209e52810240248e4ac9999a3b335db861ed669c44db23a02b
MVP-RESP-009,1.6.0-open-mvp-truth-repair-draft,zh-CN,猫呼吸困难的原因不能只按哮喘处理,"[""cat""]",respiratory,common_disease_health_education_and_triage,"[""猫喘就是哮喘吗"", ""猫呼吸很费力""]","[""呼吸频率或呼吸努力增加"", ""可能躲藏和减少活动""]","[""猫急性呼吸困难可能由心脏、胸腔、肺部或气道等多种原因引起"", ""家庭观察不能安全区分病因""]","[""猫咪之前是否被诊断过心脏问题或正在用心脏药？"", ""呼吸困难是突然发生还是逐渐加重？"", ""猫咪在安静或休息时是否也呼吸费力？""]",记录症状出现时间、频率、饮水、食欲和活动变化，尽快由兽医结合体检及必要检查判断；不要仅凭本卡自行确诊或用药。若出现张口呼吸、牙龈变色、倒地或极度虚弱等任一红旗，应立即就医或急诊。,"[""张口呼吸"", ""牙龈变色"", ""倒地或极度虚弱""]",猫呼吸困难的原因不能只按哮喘处理；猫喘就是哮喘吗；猫呼吸很费力；呼吸频率或呼吸努力增加；可能躲藏和减少活动；猫急性呼吸困难可能由心脏、胸腔、肺部或气道等多种原因引起；家庭观察不能安全区分病因；张口呼吸；牙龈变色；倒地或极度虚弱,"[{""source_id"": ""PMC11946846"", ""title"": ""Emergency Dyspnea in 258 Cats: Insights from the French RAPID CAT Study"", ""url"": ""https://pmc.ncbi.nlm.nih.gov/articles/PMC11946846/"", ""license"": ""CC BY 4.0"", ""page_or_section"": ""Abstract"", ""verification_status"": ""source_identity_license_and_locator_verified_2026-08-12; veterinary_claim_review_pending"", ""support_note"": ""中文内容为保守概括；来源用于支持主题、物种和风险边界，不代表个体诊断。"", ""change_note"": ""已在 v1.4 核对来源身份、商业许可、题名和定位；未逐字复制。""}]",Only verified CC BY/CC0 evidence is retained; attribution and change notices are mandatory.,true,adversarial_review_fixes_applied_v1_6,blocked_pending_mainland_China_licensed_veterinarian_review,true,test,false,09168740bb1696a0eeed95049dc057be5cbe90587a483d1d7e513934441a8e9a
MVP-RESP-010,1.6.0-open-mvp-truth-repair-draft,zh-CN,如何记录犬的静息呼吸变化,"[""dog""]",respiratory,common_disease_health_education_and_triage,"[""怎么数狗呼吸"", ""狗睡觉呼吸多少算异常""]","[""安静睡眠时胸腹部起伏可被计数""]","[""与犬自身平时基线相比的持续变化很重要"", ""计数结果不能替代对呼吸努力、牙龈颜色和整体状态的判断""]","[""测量前犬是否刚运动、兴奋或处于高温环境？"", ""这次呼吸计数是否在犬真正睡眠或安静休息时进行？""]",记录症状出现时间、频率、饮水、食欲和活动变化；若出现任一红旗表现，应立即就医或急诊。尽快由兽医结合体检及必要检查判断；不要仅凭本卡自行确诊或用药。,"[""静息/睡眠呼吸频率持续超过 30 次/分钟；或较稳定基线持续增加 >30% 且超出正常范围，并在标准静息状态下复测仍持续升高（即使暂无其他体征，也应尽快联系兽医）"", ""张口呼吸或明显用力"", ""牙龈发灰发紫"", ""无法舒适休息""]",如何记录犬的静息呼吸变化；怎么数狗呼吸；狗睡觉呼吸多少算异常；安静睡眠时胸腹部起伏可被计数；与犬自身平时基线相比的持续变化很重要；计数结果不能替代对呼吸努力、牙龈颜色和整体状态的判断；静息/睡眠呼吸频率持续超过 30 次/分钟，或较自身基线持续增加超过 20%（即使暂无其他体征，也应尽快联系兽医）；张口呼吸或明显用力；牙龈发灰发紫；无法舒适休息,"[{""source_id"": ""DOI-10.3390-ani12020209"", ""title"": ""Management of Chronic Congestive Heart Failure Caused by Myxomatous Mitral Valve Disease in Dogs"", ""url"": ""https://www.mdpi.com/2076-2615/12/2/209"", ""license"": ""CC BY 4.0"", ""page_or_section"": ""Abstract"", ""verification_status"": ""source_identity_license_and_locator_verified_2026-08-12; veterinary_claim_review_pending"", ""support_note"": ""中文内容为保守概括；来源用于支持主题、物种和风险边界，不代表个体诊断。"", ""change_note"": ""已在 v1.4 核对来源身份、商业许可、题名和定位；未逐字复制。""}]",Only verified CC BY/CC0 evidence is retained; attribution and change notices are mandatory.,true,adversarial_review_fixes_applied_v1_6,blocked_pending_mainland_China_licensed_veterinarian_review,true,test,false,6918953c7c2dde96a15b7ac11ad0d608b7d4c07270127ea325493fc98661db3b
MVP-REPRO-001,1.6.0-open-mvp-truth-repair-draft,zh-CN,未绝育母犬发情后精神差并喝水增多,"[""dog""]",reproductive,common_disease_health_education_and_triage,"[""母狗发情后不吃没精神"", ""没绝育母狗喝水多""]","[""精神下降"", ""食欲下降"", ""多饮多尿"", ""可能阴道分泌物""]","[""子宫蓄脓常发生于未绝育母犬并可从轻微表现进展为全身感染"", ""发情后的异常变化需要及时检查""]","[""最近一次发情是什么时候结束的？"", ""是否有阴道分泌物？什么颜色或性状？"", ""是否出现虚弱或倒地？""]",当天尽快就医；伴虚弱、持续呕吐、腹痛或倒地时立即急诊。,"[""虚弱倒地"", ""持续呕吐"", ""腹部疼痛或明显膨大""]",未绝育母犬发情后精神差并喝水增多；母狗发情后不吃没精神；没绝育母狗喝水多；精神下降；食欲下降；多饮多尿；可能阴道分泌物；子宫蓄脓常发生于未绝育母犬并可从轻微表现进展为全身感染；发情后的异常变化需要及时检查；虚弱倒地；持续呕吐；腹部疼痛或明显膨大,"[{""source_id"": ""DOI-10.3390-ani13213310"", ""title"": ""Canine Pyometra: A Short Review of Current Advances"", ""url"": ""https://www.mdpi.com/2076-2615/13/21/3310"", ""license"": ""CC BY 4.0"", ""page_or_section"": ""Abstract"", ""verification_status"": ""source_identity_license_and_locator_verified_2026-08-12; veterinary_claim_review_pending"", ""support_note"": ""中文内容为保守概括；来源用于支持主题、物种和风险边界，不代表个体诊断。"", ""change_note"": ""已在 v1.4 核对来源身份、商业许可、题名和定位；未逐字复制。""}]",Only verified CC BY/CC0 evidence is retained; attribution and change notices are mandatory.,true,adversarial_review_fixes_applied_v1_6,blocked_pending_mainland_China_licensed_veterinarian_review,true,test,false,5a5dbb1aa281bbda9bb14618d317ed8239e1dec2244a6c76b7b8f08a344cad18
MVP-REPRO-002,1.6.0-open-mvp-truth-repair-draft,zh-CN,未绝育母犬出现脓性阴道分泌物,"[""dog""]",reproductive,common_disease_health_education_and_triage,"[""母狗下面流脓"", ""发情后有臭味分泌物""]","[""脓性或异常有味分泌物"", ""可能多饮、食欲下降""]","[""开放型子宫蓄脓可出现阴道分泌物"", ""也需排除阴道和泌尿系统问题""]","[""狗狗是否精神明显变差或虚弱无力？"", ""狗狗是否呕吐？"", ""狗狗是否有腹部疼痛表现（如弓背、抗拒触碰、哀叫）？""]",记录症状出现时间、频率、饮水、食欲和活动变化，尽快由兽医结合体检及必要检查判断；不要仅凭本卡自行确诊或用药；若出现上述任一红旗表现，请立即就医或急诊。,"[""精神明显下降"", ""呕吐"", ""腹部疼痛或虚弱""]",未绝育母犬出现脓性阴道分泌物；母狗下面流脓；发情后有臭味分泌物；脓性或异常有味分泌物；可能多饮、食欲下降；开放型子宫蓄脓可出现阴道分泌物；也需排除阴道和泌尿系统问题；精神明显下降；呕吐；腹部疼痛或虚弱,"[{""source_id"": ""DOI-10.3390-ani13213310"", ""title"": ""Canine Pyometra: A Short Review of Current Advances"", ""url"": ""https://www.mdpi.com/2076-2615/13/21/3310"", ""license"": ""CC BY 4.0"", ""page_or_section"": ""Abstract"", ""verification_status"": ""source_identity_license_and_locator_verified_2026-08-12; veterinary_claim_review_pending"", ""support_note"": ""中文内容为保守概括；来源用于支持主题、物种和风险边界，不代表个体诊断。"", ""change_note"": ""已在 v1.4 核对来源身份、商业许可、题名和定位；未逐字复制。""}]",Only verified CC BY/CC0 evidence is retained; attribution and change notices are mandatory.,true,adversarial_review_fixes_applied_v1_6,blocked_pending_mainland_China_licensed_veterinarian_review,true,test,false,79b6a54467a59eb395fa90bdb74467d015d00b47deef2f29128b14188e6a810e
MVP-REPRO-003,1.6.0-open-mvp-truth-repair-draft,zh-CN,子宫蓄脓可能没有阴道分泌物,"[""dog""]",reproductive,common_disease_health_education_and_triage,"[""母狗没流脓会有子宫蓄脓吗"", ""没绝育母狗突然不吃""]","[""未绝育母犬精神和食欲下降"", ""多饮多尿"", ""腹部可能膨大但无分泌物""]","[""闭合型子宫蓄脓可能没有可见阴道分泌物"", ""不能因为没有流脓就排除""]","[""最近一次发情是什么时候？"", ""是否出现多饮多尿？"", ""是否出现虚弱、倒地或精神反应极差？""]",记录症状出现时间、频率、饮水、食欲和活动变化，尽快由兽医结合体检及必要检查判断；不要仅凭本卡自行确诊或用药。出现任一红旗症状应立即就医或急诊。,"[""明显腹胀疼痛"", ""持续呕吐"", ""虚弱倒地""]",子宫蓄脓可能没有阴道分泌物；母狗没流脓会有子宫蓄脓吗；没绝育母狗突然不吃；未绝育母犬精神和食欲下降；多饮多尿；腹部可能膨大但无分泌物；闭合型子宫蓄脓可能没有可见阴道分泌物；不能因为没有流脓就排除；明显腹胀疼痛；持续呕吐；虚弱倒地,"[{""source_id"": ""DOI-10.3390-ani13213310"", ""title"": ""Canine Pyometra: A Short Review of Current Advances"", ""url"": ""https://www.mdpi.com/2076-2615/13/21/3310"", ""license"": ""CC BY 4.0"", ""page_or_section"": ""Abstract"", ""verification_status"": ""source_identity_license_and_locator_verified_2026-08-12; veterinary_claim_review_pending"", ""support_note"": ""中文内容为保守概括；来源用于支持主题、物种和风险边界，不代表个体诊断。"", ""change_note"": ""已在 v1.4 核对来源身份、商业许可、题名和定位；未逐字复制。""}]",Only verified CC BY/CC0 evidence is retained; attribution and change notices are mandatory.,true,adversarial_review_fixes_applied_v1_6,blocked_pending_mainland_China_licensed_veterinarian_review,true,test,false,a686db45970991d71cfc6c66422b5963b2e40be7d28b3b103302e738a2f5afac
MVP-REPRO-004,1.6.0-open-mvp-truth-repair-draft,zh-CN,未绝育母猫出现发热、分泌物或腹部异常,"[""cat""]",reproductive,common_disease_health_education_and_triage,"[""母猫下面有分泌物"", ""母猫没绝育突然不吃""]","[""食欲下降"", ""精神差"", ""阴道分泌物或腹部异常"", ""发热/直肠温度升高""]","[""未绝育母猫也可能发生子宫感染"", ""症状缺乏特异性且可能没有明显分泌物""]","[""是否可能怀孕或近期有发情表现？"", ""是否有阴道分泌物？"", ""是否呕吐？""]",出现任一红旗（持续呕吐、腹部疼痛、明显虚弱或倒地、持续高热或体温过低、呼吸急促或困难）应立即就医或急诊；暂未出现时记录症状出现时间、频率、饮水、食欲和活动变化，尽快由兽医结合体检及必要检查判断；不要仅凭本卡自行确诊或用药。,"[""持续呕吐"", ""腹部疼痛"", ""明显虚弱或倒地"", ""持续高热或体温过低（如直肠温度 >39.5°C 或 <37.5°C）"", ""呼吸急促或困难""]",未绝育母猫出现发热、分泌物或腹部异常；母猫下面有分泌物；母猫没绝育突然不吃；食欲下降；精神差；阴道分泌物或腹部异常；发热/直肠温度升高；未绝育母猫也可能发生子宫感染；症状缺乏特异性且可能没有明显分泌物；持续呕吐；腹部疼痛；明显虚弱或倒地；持续高热或体温过低（如直肠温度 >39.5°C 或 <37.5°C）；呼吸急促或困难,"[{""source_id"": ""PMC9608983"", ""title"": ""Effectiveness of a Modified Administration Protocol for the Medical Treatment of Feline Pyometra"", ""url"": ""https://pmc.ncbi.nlm.nih.gov/articles/PMC9608983/"", ""license"": ""CC BY 4.0"", ""page_or_section"": ""Abstract"", ""verification_status"": ""source_identity_license_and_locator_verified_2026-08-12; veterinary_claim_review_pending"", ""support_note"": ""中文内容为保守概括；来源用于支持主题、物种和风险边界，不代表个体诊断。"", ""change_note"": ""已在 v1.4 核对来源身份、商业许可、题名和定位；未逐字复制。""}]",Only verified CC BY/CC0 evidence is retained; attribution and change notices are mandatory.,true,adversarial_review_fixes_applied_v1_6,blocked_pending_mainland_China_licensed_veterinarian_review,true,test,false,234afabe3750ed33717155c5a20a70170549ae386daf170f942fadfd7ec6edb1
MVP-DERM-008,1.6.0-open-mvp-truth-repair-draft,zh-CN,猫狗出现圆形脱毛和皮屑,"[""cat"", ""dog""]",dermatology,common_disease_health_education_and_triage,"[""宠物身上圆形掉毛"", ""猫狗像长癣""]","[""局灶或多灶脱毛"", ""皮屑"", ""红斑或结痂""]","[""皮肤癣菌病可导致脱毛、鳞屑和红斑"", ""细菌感染、寄生虫和过敏也可能相似""]","[""宠物是否会频繁抓挠、舔舐或摩擦皮肤？"", ""脱毛或皮损范围是否在近几天内明显扩大？"", ""近期是否新领养、寄养或接触过其他动物？""]",记录症状出现时间、频率、饮水、食欲和活动变化；若出现任一红旗（快速扩散并伴全身不适、眼周严重病变、幼龄动物明显虚弱），应立即就医或急诊。不要仅凭本卡自行确诊或用药，尽快由兽医结合体检及必要检查判断。,"[""快速扩散并伴全身不适"", ""眼周严重病变"", ""幼龄动物明显虚弱""]",猫狗出现圆形脱毛和皮屑；宠物身上圆形掉毛；猫狗像长癣；局灶或多灶脱毛；皮屑；红斑或结痂；皮肤癣菌病可导致脱毛、鳞屑和红斑；细菌感染、寄生虫和过敏也可能相似；快速扩散并伴全身不适；眼周严重病变；幼龄动物明显虚弱,"[{""source_id"": ""DOI-10.3390-microorganisms12081727"", ""title"": ""Dermatophytosis in Companion Animals in Portugal"", ""url"": ""https://www.mdpi.com/2076-2607/12/8/1727"", ""license"": ""CC BY 4.0"", ""page_or_section"": ""Abstract"", ""verification_status"": ""source_identity_license_and_locator_verified_2026-08-12; veterinary_claim_review_pending"", ""support_note"": ""中文内容为保守概括；来源用于支持主题、物种和风险边界，不代表个体诊断。"", ""change_note"": ""已在 v1.4 核对来源身份、商业许可、题名和定位；未逐字复制。""}]",Only verified CC BY/CC0 evidence is retained; attribution and change notices are mandatory.,true,adversarial_review_fixes_applied_v1_6,blocked_pending_mainland_China_licensed_veterinarian_review,true,test,false,1d760d14cb8cfa61b2cceb05965e65f4fb0f15b3994541732c7ee840491f2cc5
MVP-DERM-009,1.6.0-open-mvp-truth-repair-draft,zh-CN,疑似宠物皮肤癣菌病需要注意人宠传播,"[""cat"", ""dog""]",dermatology,common_disease_health_education_and_triage,"[""猫癣会传人吗"", ""狗癣家里怎么防""]","[""宠物出现脱毛、鳞屑或结痂"", ""家庭成员可能出现皮损""]","[""皮肤癣菌病具有人宠共同健康意义"", ""确诊后环境和接触管理应遵循兽医及医生建议""]","[""家庭成员中是否有儿童、老人或免疫低下者？"", ""家庭成员是否已出现皮肤红斑、脱屑、瘙痒或环形皮损？"", ""家中是否还有其他宠物，或宠物是否与其他动物有接触？""]",记录症状出现时间、频率、饮水、食欲和活动变化，尽快由兽医结合体检及必要检查判断；不要仅凭本卡自行确诊或用药；若出现上述任一红旗表现，请立即就医或急诊。,"[""人出现快速扩散或严重皮损"", ""宠物出现广泛病变或全身不适""]",疑似宠物皮肤癣菌病需要注意人宠传播；猫癣会传人吗；狗癣家里怎么防；宠物出现脱毛、鳞屑或结痂；家庭成员可能出现皮损；皮肤癣菌病具有人宠共同健康意义；确诊后环境和接触管理应遵循兽医及医生建议；人出现快速扩散或严重皮损；宠物出现广泛病变或全身不适,"[{""source_id"": ""DOI-10.3390-microorganisms12081727"", ""title"": ""Dermatophytosis in Companion Animals in Portugal"", ""url"": ""https://www.mdpi.com/2076-2607/12/8/1727"", ""license"": ""CC BY 4.0"", ""page_or_section"": ""Abstract"", ""verification_status"": ""source_identity_license_and_locator_verified_2026-08-12; veterinary_claim_review_pending"", ""support_note"": ""中文内容为保守概括；来源用于支持主题、物种和风险边界，不代表个体诊断。"", ""change_note"": ""已在 v1.4 核对来源身份、商业许可、题名和定位；未逐字复制。""}]",Only verified CC BY/CC0 evidence is retained; attribution and change notices are mandatory.,true,adversarial_review_fixes_applied_v1_6,blocked_pending_mainland_China_licensed_veterinarian_review,true,test,false,8cf499db8cce55358a90c62a50a7a4fdf91bdffc4c4b304d7b1a888ce336d669
MVP-DERM-010,1.6.0-open-mvp-truth-repair-draft,zh-CN,不能只凭照片确定猫癣或狗癣,"[""cat"", ""dog""]",dermatology,common_disease_health_education_and_triage,"[""看照片能确定猫癣吗"", ""圆形掉毛一定是真菌吗""]","[""圆形或不规则脱毛"", ""皮屑或结痂""]","[""皮肤癣菌病外观变化较大且可与多种皮肤病相似"", ""可能需要伍德灯、毛发或真菌相关检查""]","[""宠物是否有频繁抓挠或舔舐病灶的瘙痒表现？"", ""皮肤病灶范围是否在逐渐扩大？"", ""家中其他宠物或家人是否也有类似皮肤问题？""]",记录症状出现时间、频率、饮水、食欲和活动变化，尽快由兽医结合体检及必要检查判断；不要仅凭本卡自行确诊或用药。若出现任一红旗（病变迅速扩散、伴发热虚弱、眼周或大面积破损），应立即就医或急诊。,"[""病变迅速扩散"", ""伴发热虚弱"", ""眼周或大面积破损""]",不能只凭照片确定猫癣或狗癣；看照片能确定猫癣吗；圆形掉毛一定是真菌吗；圆形或不规则脱毛；皮屑或结痂；皮肤癣菌病外观变化较大且可与多种皮肤病相似；可能需要伍德灯、毛发或真菌相关检查；病变迅速扩散；伴发热虚弱；眼周或大面积破损,"[{""source_id"": ""DOI-10.3390-microorganisms12081727"", ""title"": ""Dermatophytosis in Companion Animals in Portugal"", ""url"": ""https://www.mdpi.com/2076-2607/12/8/1727"", ""license"": ""CC BY 4.0"", ""page_or_section"": ""Abstract"", ""verification_status"": ""source_identity_license_and_locator_verified_2026-08-12; veterinary_claim_review_pending"", ""support_note"": ""中文内容为保守概括；来源用于支持主题、物种和风险边界，不代表个体诊断。"", ""change_note"": ""已在 v1.4 核对来源身份、商业许可、题名和定位；未逐字复制。""}]",Only verified CC BY/CC0 evidence is retained; attribution and change notices are mandatory.,true,adversarial_review_fixes_applied_v1_6,blocked_pending_mainland_China_licensed_veterinarian_review,true,test,false,6b0788a27ad4dcddc4302ba0614eaeaea021d7d9b9fe93e720a7a3cbc6c1e7bf
MVP-NEURO-001,1.6.0-open-mvp-truth-repair-draft,zh-CN,犬猫第一次出现抽搐,"[""cat"", ""dog""]",neurologic,common_disease_health_education_and_triage,"[""宠物第一次抽搐"", ""猫狗突然倒地抽动""]","[""倒地"", ""四肢抽动"", ""意识或反应异常"", ""可能流涎排尿""]","[""首次抽搐需要评估中毒、代谢、结构性脑病等多种原因"", ""发作停止不代表无需检查""]","[""抽搐持续了多长时间？"", ""是否在短时间内再次抽搐？"", ""现在是否已经恢复清醒？""]",保持周围安全、不要把手伸进口中并计时；首次抽搐应尽快就医，持续或重复发作立即急诊。,"[""持续超过数分钟"", ""短时间重复发作"", ""无法恢复意识或呼吸异常""]",犬猫第一次出现抽搐；宠物第一次抽搐；猫狗突然倒地抽动；倒地；四肢抽动；意识或反应异常；可能流涎排尿；首次抽搐需要评估中毒、代谢、结构性脑病等多种原因；发作停止不代表无需检查；持续超过数分钟；短时间重复发作；无法恢复意识或呼吸异常,"[{""source_id"": ""PMC11209469"", ""title"": ""Emergency Approach to Acute Seizures in Dogs and Cats"", ""url"": ""https://pmc.ncbi.nlm.nih.gov/articles/PMC11209469/"", ""license"": ""CC BY 4.0"", ""page_or_section"": ""Abstract"", ""verification_status"": ""source_identity_license_and_locator_verified_2026-08-12; veterinary_claim_review_pending"", ""support_note"": ""中文内容为保守概括；来源用于支持主题、物种和风险边界，不代表个体诊断。"", ""change_note"": ""已在 v1.4 核对来源身份、商业许可、题名和定位；未逐字复制。""}]",Only verified CC BY/CC0 evidence is retained; attribution and change notices are mandatory.,true,adversarial_review_fixes_applied_v1_6,blocked_pending_mainland_China_licensed_veterinarian_review,true,test,false,14ed271803ad006ca9f70d4052ee83111b6f6aeeee096429d42326c1d14cc7ae
MVP-NEURO-002,1.6.0-open-mvp-truth-repair-draft,zh-CN,宠物抽搐时应该记录什么,"[""cat"", ""dog""]",neurologic,common_disease_health_education_and_triage,"[""抽搐怎么记录给医生"", ""癫痫发作要拍什么""]","[""抽搐发作和恢复过程"", ""肢体抽动、意识反应、流涎、尿失禁、发作后步态或精神状态""]","[""发作持续时间、动作特点、发作前后状态和可能暴露史有助于兽医判断"", ""安全情况下的视频可辅助描述但不能延误急救""]","[""这次抽搐持续了多长时间？"", ""抽搐时肢体动作、有无流涎或尿失禁、意识状态如何？"", ""发作前有无异常行为或可能接触毒物、药物？""]",记录症状出现时间、频率、饮水、食欲和活动变化，尽快由兽医结合体检及必要检查判断；出现发作持续不止、连续多次、呼吸异常或意识不恢复等任一红旗症状时，应立即就医或前往急诊。不要仅凭本卡自行确诊或用药。,"[""发作持续不止"", ""连续多次"", ""呼吸异常或意识不恢复""]",宠物抽搐时应该记录什么；抽搐怎么记录给医生；癫痫发作要拍什么；抽搐发作和恢复过程；发作持续时间、动作特点、发作前后状态和可能暴露史有助于兽医判断；安全情况下的视频可辅助描述但不能延误急救；发作持续不止；连续多次；呼吸异常或意识不恢复,"[{""source_id"": ""PMC11209469"", ""title"": ""Emergency Approach to Acute Seizures in Dogs and Cats"", ""url"": ""https://pmc.ncbi.nlm.nih.gov/articles/PMC11209469/"", ""license"": ""CC BY 4.0"", ""page_or_section"": ""Abstract"", ""verification_status"": ""source_identity_license_and_locator_verified_2026-08-12; veterinary_claim_review_pending"", ""support_note"": ""中文内容为保守概括；来源用于支持主题、物种和风险边界，不代表个体诊断。"", ""change_note"": ""已在 v1.4 核对来源身份、商业许可、题名和定位；未逐字复制。""}]",Only verified CC BY/CC0 evidence is retained; attribution and change notices are mandatory.,true,adversarial_review_fixes_applied_v1_6,blocked_pending_mainland_China_licensed_veterinarian_review,true,test,false,5a3835f17a78066b74f8487ed5c2c1898509aad8bc95a534f596491de602e2ea
MVP-NEURO-003,1.6.0-open-mvp-truth-repair-draft,zh-CN,短时间内连续多次抽搐,"[""cat"", ""dog""]",neurologic,common_disease_health_education_and_triage,"[""一天抽了好几次"", ""刚抽完又抽""]","[""短时间内重复抽搐"", ""发作间可能恢复不完全""]","[""簇集性抽搐或持续性抽搐属于兽医急症"", ""反复发作会增加并发症风险""]","[""是否已使用兽医处方的应急药物（如地西泮）？"", ""如已使用，最近一次用药是什么时间？"", ""如已使用，用药剂量是多少？""]",立即前往宠物急诊，并在安全前提下记录发作次数和持续时间。,"[""任何持续或密集重复发作"", ""意识不恢复"", ""体温升高或呼吸异常""]",短时间内连续多次抽搐；一天抽了好几次；刚抽完又抽；短时间内重复抽搐；发作间可能恢复不完全；簇集性抽搐或持续性抽搐属于兽医急症；反复发作会增加并发症风险；任何持续或密集重复发作；意识不恢复；体温升高或呼吸异常,"[{""source_id"": ""PMC11209469"", ""title"": ""Emergency Approach to Acute Seizures in Dogs and Cats"", ""url"": ""https://pmc.ncbi.nlm.nih.gov/articles/PMC11209469/"", ""license"": ""CC BY 4.0"", ""page_or_section"": ""Abstract"", ""verification_status"": ""source_identity_license_and_locator_verified_2026-08-12; veterinary_claim_review_pending"", ""support_note"": ""中文内容为保守概括；来源用于支持主题、物种和风险边界，不代表个体诊断。"", ""change_note"": ""已在 v1.4 核对来源身份、商业许可、题名和定位；未逐字复制。""}]",Only verified CC BY/CC0 evidence is retained; attribution and change notices are mandatory.,true,adversarial_review_fixes_applied_v1_6,blocked_pending_mainland_China_licensed_veterinarian_review,true,test,false,6df9da48797e72b25c2469bed23916ce0a82a5c293e16da3d099a897b46623bc
MVP-ORAL-005,1.6.0-open-mvp-truth-repair-draft,zh-CN,猫吃东西时突然掉食或偏一侧咀嚼,"[""cat""]",oral,common_disease_health_education_and_triage,"[""猫吃饭总掉出来"", ""猫只用一边吃""]","[""掉食"", ""偏侧咀嚼"", ""可能减少干粮摄入""]","[""口腔疼痛可能让猫改变咀嚼方式"", ""牙吸收、牙周病和龈口炎都需要口腔检查区分""]","[""是否比平时更容易流口水？"", ""口腔是否有明显异味？"", ""体重是否明显下降？""]",记录出现时间、频率、照片或视频以及食欲、饮水、排尿排便和活动变化；若出现任一红旗（完全拒食超过24小时、口腔持续出血、面部明显肿胀），应立即就医或急诊；其他情况由兽医结合体检及必要检查判断，不要仅凭知识卡自行确诊或用药。,"[""完全拒食超过24小时"", ""口腔持续出血"", ""面部明显肿胀""]",猫吃东西时突然掉食或偏一侧咀嚼；猫吃饭总掉出来；猫只用一边吃；掉食；偏侧咀嚼；可能减少干粮摄入；口腔疼痛可能让猫改变咀嚼方式；牙吸收、牙周病和龈口炎都需要口腔检查区分；完全拒食；口腔持续出血；面部明显肿胀,"[{""source_id"": ""PMC7146962"", ""title"": ""Pain behaviors before and after treatment of oral disease in cats using video assessment: a prospective, blinded, randomized clinical trial"", ""url"": ""https://pmc.ncbi.nlm.nih.gov/articles/PMC7146962/"", ""license"": ""CC BY 4.0"", ""page_or_section"": ""Abstract"", ""verification_status"": ""source_identity_license_and_locator_verified_2026-08-12; veterinary_claim_review_pending"", ""support_note"": ""中文内容为保守概括；来源用于支持主题、物种和风险边界，不代表个体诊断。"", ""change_note"": ""已在 v1.4 核对来源身份、商业许可、题名和定位；未逐字复制。""}]",Only verified CC BY/CC0 evidence is retained; attribution and change notices are mandatory.,true,adversarial_review_fixes_applied_v1_6,blocked_pending_mainland_China_licensed_veterinarian_review,true,test,false,3400eadc630d0ac57e4e13aaf8d79c5c0cd910d25baed6522fd16b3231ef3d66
MVP-ORAL-006,1.6.0-open-mvp-truth-repair-draft,zh-CN,猫牙吸收可能有哪些表现,"[""cat""]",oral,common_disease_health_education_and_triage,"[""猫牙齿像缺了一块"", ""猫牙吸收症状""]","[""吃东西犹豫"", ""碰到牙齿疼痛"", ""流口水或掉食""]","[""猫牙吸收是常见且可能疼痛的进行性牙体病变"", ""部分病灶仅靠肉眼不能完整评估""]","[""猫咪目前是否完全不吃东西？"", ""口腔或牙齿是否有持续出血或血性唾液？"", ""面部或嘴周是否有明显肿胀？""]",记录出现时间、频率、照片或视频以及食欲、饮水、排尿排便和活动变化；由兽医结合体检及必要检查判断，不要仅凭知识卡自行确诊或用药；若出现上述任一红旗表现，请立即就医或急诊。,"[""完全拒食"", ""持续出血"", ""明显面部肿胀""]",猫牙吸收可能有哪些表现；猫牙齿像缺了一块；猫牙吸收症状；吃东西犹豫；碰到牙齿疼痛；流口水或掉食；猫牙吸收是常见且可能疼痛的进行性牙体病变；部分病灶仅靠肉眼不能完整评估；完全拒食；持续出血；明显面部肿胀,"[{""source_id"": ""PMC10417119"", ""title"": ""Feline Tooth Resorption: A Description of the Severity of the Disease in Regard to Animal’s Age, Sex, Breed and Clinical Presentation"", ""url"": ""https://pmc.ncbi.nlm.nih.gov/articles/PMC10417119/"", ""license"": ""CC BY 4.0"", ""page_or_section"": ""Abstract"", ""verification_status"": ""source_identity_license_and_locator_verified_2026-08-12; veterinary_claim_review_pending"", ""support_note"": ""中文内容为保守概括；来源用于支持主题、物种和风险边界，不代表个体诊断。"", ""change_note"": ""已在 v1.4 核对来源身份、商业许可、题名和定位；未逐字复制。""}]",Only verified CC BY/CC0 evidence is retained; attribution and change notices are mandatory.,true,adversarial_review_fixes_applied_v1_6,blocked_pending_mainland_China_licensed_veterinarian_review,true,test,false,fb57c79dd7c91deafcc18f97db562611829ca69cf479424d82aed077cae39023
MVP-ORAL-007,1.6.0-open-mvp-truth-repair-draft,zh-CN,猫口腔大面积发红并流口水,"[""cat""]",oral,common_disease_health_education_and_triage,"[""猫嘴巴很红一直流口水"", ""猫口炎""]","[""流涎"", ""口臭"", ""口腔后部或牙龈发红"", ""进食疼痛""]","[""猫慢性龈口炎是疼痛性炎症问题"", ""需要与牙周病、牙吸收和其他口腔病变区分""]","[""是否完全无法进食或饮水？"", ""是否出现呼吸困难或吞咽困难？"", ""口腔是否有大量出血？""]",记录出现时间、频率、照片或视频以及食欲、饮水、排尿排便和活动变化；由兽医结合体检及必要检查判断，不要仅凭知识卡自行确诊或用药；若出现上述任一红旗表现，请立即就医或急诊。,"[""无法进食饮水"", ""口腔大量出血"", ""呼吸或吞咽困难""]",猫口腔大面积发红并流口水；猫嘴巴很红一直流口水；猫口炎；流涎；口臭；口腔后部或牙龈发红；进食疼痛；猫慢性龈口炎是疼痛性炎症问题；需要与牙周病、牙吸收和其他口腔病变区分；无法进食饮水；口腔大量出血；呼吸或吞咽困难,"[{""source_id"": ""PMC10668797"", ""title"": ""The Oral Microbiome across Oral Sites in Cats with Chronic Gingivostomatitis, Periodontal Disease, and Tooth Resorption Compared with Healthy Cats"", ""url"": ""https://pmc.ncbi.nlm.nih.gov/articles/PMC10668797/"", ""license"": ""CC BY 4.0"", ""page_or_section"": ""Abstract"", ""verification_status"": ""source_identity_license_and_locator_verified_2026-08-12; veterinary_claim_review_pending"", ""support_note"": ""中文内容为保守概括；来源用于支持主题、物种和风险边界，不代表个体诊断。"", ""change_note"": ""已在 v1.4 核对来源身份、商业许可、题名和定位；未逐字复制。""}]",Only verified CC BY/CC0 evidence is retained; attribution and change notices are mandatory.,true,adversarial_review_fixes_applied_v1_6,blocked_pending_mainland_China_licensed_veterinarian_review,true,test,false,0950931e4c3a38c16edf8c5b21aedbe7db09c2bda64ccfee7c0243328d31cb41
MVP-ORAL-008,1.6.0-open-mvp-truth-repair-draft,zh-CN,犬牙齿松动或牙龈退缩,"[""dog""]",oral,common_disease_health_education_and_triage,"[""狗牙齿松了"", ""狗牙根露出来""]","[""牙齿松动"", ""牙龈退缩"", ""牙结石或口臭""]","[""犬牙周病可破坏牙齿支持组织"", ""松动牙需要专业牙科评估而不是自行拔除""]","[""它是否拒绝吃硬食？"", ""它是否只用一侧咀嚼？"", ""牙龈出血是在什么时候出现，比如咀嚼后、触碰后或没有明显诱因？""]",记录出现时间、频率、照片或视频以及食欲、饮水、排尿排便和活动变化；由兽医结合体检及必要检查判断，不要仅凭知识卡自行确诊或用药；若出现任一红旗（持续出血、面部肿胀、完全不能进食）应立即就医或急诊。,"[""持续出血"", ""面部肿胀"", ""完全不能进食""]",犬牙齿松动或牙龈退缩；狗牙齿松了；狗牙根露出来；牙齿松动；牙龈退缩；牙结石或口臭；犬牙周病可破坏牙齿支持组织；松动牙需要专业牙科评估而不是自行拔除；持续出血；面部肿胀；完全不能进食,"[{""source_id"": ""PMC9774197"", ""title"": ""Revisiting Periodontal Disease in Dogs: How to Manage This New Old Problem?"", ""url"": ""https://pmc.ncbi.nlm.nih.gov/articles/PMC9774197/"", ""license"": ""CC BY 4.0"", ""page_or_section"": ""Abstract"", ""verification_status"": ""source_identity_license_and_locator_verified_2026-08-12; veterinary_claim_review_pending"", ""support_note"": ""中文内容为保守概括；来源用于支持主题、物种和风险边界，不代表个体诊断。"", ""change_note"": ""已在 v1.4 核对来源身份、商业许可、题名和定位；未逐字复制。""}]",Only verified CC BY/CC0 evidence is retained; attribution and change notices are mandatory.,true,adversarial_review_fixes_applied_v1_6,blocked_pending_mainland_China_licensed_veterinarian_review,true,test,false,07e49570cb8f271e9a589428aea785709cf30d162c2caf791ff3a4ed7a0a1ac0
MVP-ORAL-009,1.6.0-open-mvp-truth-repair-draft,zh-CN,犬猫口腔外伤或牙齿缺损伴疼痛,"[""cat"", ""dog""]",oral,common_disease_health_education_and_triage,"[""宠物牙断了"", ""犬齿崩了一块""]","[""牙冠缺损"", ""可能露出粉红或黑色中心"", ""碰触疼痛""]","[""口腔或颌面外伤可引起明显疼痛并影响进食"", ""仅凭外观不能判断牙髓、牙根或颌骨是否受损""]","[""口腔是否正在持续出血？"", ""面部是否有明显肿胀？"", ""宠物是否无法闭口？""]",记录出现时间、频率、照片或视频以及食欲、饮水、排尿排便和活动变化；由兽医结合体检及必要检查判断，不要仅凭知识卡自行确诊或用药；若出现上述任一红旗表现，请立即就医或急诊。,"[""口腔持续出血"", ""面部肿胀"", ""无法闭口或合并严重外伤""]",犬猫口腔外伤或牙齿缺损伴疼痛；宠物牙断了；犬齿崩了一块；牙冠缺损；可能露出粉红或黑色中心；碰触疼痛；口腔或颌面外伤可引起明显疼痛并影响进食；仅凭外观不能判断牙髓、牙根或颌骨是否受损；口腔持续出血；面部肿胀；无法闭口或合并严重外伤,"[{""source_id"": ""PMC6714595"", ""title"": ""Development, Preliminary Validation, and Refinement of the Composite Oral and Maxillofacial Pain Scale-Canine/Feline (COPS-C/F)"", ""url"": ""https://pmc.ncbi.nlm.nih.gov/articles/PMC6714595/"", ""license"": ""CC BY 4.0"", ""page_or_section"": ""Abstract"", ""verification_status"": ""source_identity_license_and_locator_verified_2026-08-12; veterinary_claim_review_pending"", ""support_note"": ""中文内容为保守概括；来源用于支持主题、物种和风险边界，不代表个体诊断。"", ""change_note"": ""已在 v1.4 核对来源身份、商业许可、题名和定位；未逐字复制。""}]",Only verified CC BY/CC0 evidence is retained; attribution and change notices are mandatory.,true,adversarial_review_fixes_applied_v1_6,blocked_pending_mainland_China_licensed_veterinarian_review,true,test,false,6442708a9eef7de21e5f5e702a28e80bc009901a3f1cd0f4453e49ca55453c4f
MVP-ORAL-010,1.6.0-open-mvp-truth-repair-draft,zh-CN,幼犬乳牙没有脱落,"[""dog""]",oral,common_disease_health_education_and_triage,"[""狗双排牙"", ""幼犬乳牙还在""]","[""同一位置可见乳牙和恒牙"", ""牙齿排列拥挤""]","[""乳牙滞留可影响恒牙位置并增加食物残留"", ""应由兽医检查而不是在家摇拔""]","[""幼犬目前能否正常进食？"", ""牙龈或牙齿是否有明显红肿、疼痛或出血？"", ""幼犬现在多大月龄了？""]",记录出现时间、频率、照片或视频以及食欲、饮水、排尿排便和活动变化；由兽医结合体检及必要检查判断，不要仅凭知识卡自行确诊或用药；若出现上述任一红旗表现，请立即就医或急诊。,"[""牙龈明显肿痛"", ""无法进食"", ""牙齿外伤出血""]",幼犬乳牙没有脱落；狗双排牙；幼犬乳牙还在；同一位置可见乳牙和恒牙；牙齿排列拥挤；乳牙滞留可影响恒牙位置并增加食物残留；应由兽医检查而不是在家摇拔；牙龈明显肿痛；无法进食；牙齿外伤出血,"[{""source_id"": ""PMC11980702"", ""title"": ""Functional significance and welfare implications of chewing in dogs ( Canis familiaris )"", ""url"": ""https://pmc.ncbi.nlm.nih.gov/articles/PMC11980702/"", ""license"": ""CC BY 4.0"", ""page_or_section"": ""Abstract"", ""verification_status"": ""source_identity_license_and_locator_verified_2026-08-12; veterinary_claim_review_pending"", ""support_note"": ""中文内容为保守概括；来源用于支持主题、物种和风险边界，不代表个体诊断。"", ""change_note"": ""已在 v1.4 核对来源身份、商业许可、题名和定位；未逐字复制。""}]",Only verified CC BY/CC0 evidence is retained; attribution and change notices are mandatory.,true,adversarial_review_fixes_applied_v1_6,blocked_pending_mainland_China_licensed_veterinarian_review,true,test,false,01f070f161ffbf3d4d393f35c8628c51e2905fbc16cc366b1fd8bb8318c6e4c2
MVP-ORAL-011,1.6.0-open-mvp-truth-repair-draft,zh-CN,犬刷牙时牙龈出血,"[""dog""]",oral,common_disease_health_education_and_triage,"[""给宠物刷牙出血"", ""牙龈一碰就流血""]","[""刷牙或咀嚼时少量出血"", ""牙龈红肿""]","[""牙龈出血可提示炎症或牙周问题"", ""持续或明显出血也需排除创伤和凝血异常""]","[""牙龈出血能否在几分钟内自行停止？"", ""除牙龈外，是否还有鼻出血或皮下瘀斑？"", ""牙龈是否比平时苍白，或宠物是否虚弱无力？""]",记录出现时间、频率、照片或视频以及食欲、饮水、排尿排便和活动变化；若出现任一警示信号（如出血不止、鼻出血或皮下瘀斑、牙龈苍白虚弱），请立即联系兽医或前往急诊。由兽医结合体检及必要检查判断，不要仅凭知识卡自行确诊或用药。,"[""出血不止"", ""同时鼻出血或皮下瘀斑"", ""牙龈苍白虚弱""]",犬刷牙时牙龈出血；给宠物刷牙出血；牙龈一碰就流血；刷牙或咀嚼时少量出血；牙龈红肿；牙龈出血可提示炎症或牙周问题；持续或明显出血也需排除创伤和凝血异常；出血不止；同时鼻出血或皮下瘀斑；牙龈苍白虚弱,"[{""source_id"": ""PMC9774197"", ""title"": ""Revisiting Periodontal Disease in Dogs: How to Manage This New Old Problem?"", ""url"": ""https://pmc.ncbi.nlm.nih.gov/articles/PMC9774197/"", ""license"": ""CC BY 4.0"", ""page_or_section"": ""Abstract"", ""verification_status"": ""source_identity_license_and_locator_verified_2026-08-12; veterinary_claim_review_pending"", ""support_note"": ""中文内容为保守概括；来源用于支持主题、物种和风险边界，不代表个体诊断。"", ""change_note"": ""已在 v1.4 核对来源身份、商业许可、题名和定位；未逐字复制。""}]",Only verified CC BY/CC0 evidence is retained; attribution and change notices are mandatory.,true,adversarial_review_fixes_applied_v1_6,blocked_pending_mainland_China_licensed_veterinarian_review,true,test,false,6fd619099d96c0590a8d89c406e8310c8b5e1c64066be2fc5e8612fde119f38d
MVP-ORAL-012,1.6.0-open-mvp-truth-repair-draft,zh-CN,犬猫口腔里发现肿块,"[""cat"", ""dog""]",oral,common_disease_health_education_and_triage,"[""宠物嘴里长包"", ""牙龈有个肉球""]","[""牙龈、舌下或口腔黏膜出现新生物"", ""可能出血或影响进食""]","[""口腔肿块可由炎症、增生或肿瘤等多种原因造成"", ""外观和照片不能确定性质""]","[""肿块出现多久了？近期是否快速增大？"", ""是否有持续出血或明显口臭？"", ""是否影响进食、咀嚼，或近期出现掉食、体重下降？""]",记录出现时间、频率、照片或视频以及食欲、饮水、排尿排便和活动变化；由兽医结合体检及必要检查判断，不要仅凭知识卡自行确诊或用药；若出现上述任一红旗表现，请立即就医或急诊。,"[""呼吸吞咽困难"", ""持续出血"", ""短期快速增大""]",犬猫口腔里发现肿块；宠物嘴里长包；牙龈有个肉球；牙龈、舌下或口腔黏膜出现新生物；可能出血或影响进食；口腔肿块可由炎症、增生或肿瘤等多种原因造成；外观和照片不能确定性质；呼吸吞咽困难；持续出血；短期快速增大,"[{""source_id"": ""PMC11861943"", ""title"": ""Association Between Cytological and Histopathological Diagnoses of Neoplastic and Non-Neoplastic Lesions in Oral Cavity from Dogs and Cats"", ""url"": ""https://pmc.ncbi.nlm.nih.gov/articles/PMC11861943/"", ""license"": ""CC BY 4.0"", ""page_or_section"": ""Abstract"", ""verification_status"": ""source_identity_license_and_locator_verified_2026-08-12; veterinary_claim_review_pending"", ""support_note"": ""中文内容为保守概括；来源用于支持主题、物种和风险边界，不代表个体诊断。"", ""change_note"": ""已在 v1.4 核对来源身份、商业许可、题名和定位；未逐字复制。""}]",Only verified CC BY/CC0 evidence is retained; attribution and change notices are mandatory.,true,adversarial_review_fixes_applied_v1_6,blocked_pending_mainland_China_licensed_veterinarian_review,true,test,false,9695e018b0aa760cd3733df44c4d6108c04d9fbf77d1ea74e393bfa99897dcc4
MVP-ORAL-013,1.6.0-open-mvp-truth-repair-draft,zh-CN,犬频繁啃硬物导致牙齿风险,"[""dog""]",oral,common_disease_health_education_and_triage,"[""狗爱咬很硬的骨头"", ""咬硬玩具会断牙吗""]","[""频繁咀嚼极硬物品"", ""牙齿可能磨损或断裂""]","[""咀嚼是犬正常行为但材料硬度和形状会影响牙齿及误食风险"", ""牙齿异常或疼痛时应停止相关物品""]","[""狗狗是否出现吞咽困难或窒息？"", ""是否疑似吞下尖锐碎片或大块硬物？"", ""是否看到牙齿断裂、牙髓暴露或牙龈持续出血？""]",在兽医评估前暂停提供过硬咀嚼物、硬骨头和硬玩具，避免继续啃咬；记录出现时间、频率、照片或视频以及食欲、饮水、排尿排便和活动变化；若出现任一红旗表现（如吞咽困难或窒息、口腔大量出血、疑似吞下尖锐碎片、牙齿断裂或牙髓暴露、牙龈持续出血、面部肿胀或牙根脓肿等），请立即就医或急诊；由兽医结合体检及必要检查判断，不要仅凭知识卡自行确诊或用药。,"[""吞咽困难或窒息"", ""口腔大量出血"", ""疑似吞下尖锐碎片"", ""牙齿断裂或牙髓暴露"", ""牙龈持续出血"", ""面部肿胀或牙根脓肿""]",犬频繁啃硬物导致牙齿风险；狗爱咬很硬的骨头；咬硬玩具会断牙吗；频繁咀嚼极硬物品；牙齿可能磨损或断裂；咀嚼是犬正常行为但材料硬度和形状会影响牙齿及误食风险；牙齿异常或疼痛时应停止相关物品；吞咽困难或窒息；口腔大量出血；疑似吞下尖锐碎片；牙齿断裂或牙髓暴露；牙龈持续出血；面部肿胀或牙根脓肿,"[{""source_id"": ""PMC11980702"", ""title"": ""Functional significance and welfare implications of chewing in dogs ( Canis familiaris )"", ""url"": ""https://pmc.ncbi.nlm.nih.gov/articles/PMC11980702/"", ""license"": ""CC BY 4.0"", ""page_or_section"": ""Abstract"", ""verification_status"": ""source_identity_license_and_locator_verified_2026-08-12; veterinary_claim_review_pending"", ""support_note"": ""中文内容为保守概括；来源用于支持主题、物种和风险边界，不代表个体诊断。"", ""change_note"": ""已在 v1.4 核对来源身份、商业许可、题名和定位；未逐字复制。""}]",Only verified CC BY/CC0 evidence is retained; attribution and change notices are mandatory.,true,adversarial_review_fixes_applied_v1_6,blocked_pending_mainland_China_licensed_veterinarian_review,true,test,false,0b78f8b4617b8b0b05268311f54dcd76e212952d4cd1fb77048527711ac44ea6
MVP-ORAL-014,1.6.0-open-mvp-truth-repair-draft,zh-CN,宠物口臭突然明显加重,"[""cat"", ""dog""]",oral,common_disease_health_education_and_triage,"[""宠物突然特别口臭"", ""嘴巴臭得不正常""]","[""口腔异味加重"", ""可能伴流涎、牙龈红或食欲变化""]","[""明显口臭常与口腔疾病有关但也可能伴随其他系统性问题"", ""单靠清洁产品不能替代检查""]","[""是否出现呼吸困难或张口呼吸？"", ""是否完全不吃东西？"", ""是否有牙龈或口腔出血？""]",记录出现时间、频率、照片或视频以及食欲、饮水、排尿排便和活动变化；由兽医结合体检及必要检查判断，不要仅凭知识卡自行确诊或用药；若出现上述任一红旗表现，请立即就医或急诊。,"[""完全拒食"", ""面部肿胀"", ""吞咽困难或口腔出血"", ""呼吸困难或张口呼吸"", ""严重嗜睡或虚弱"", ""持续呕吐或腹泻"", ""多饮多尿伴体重下降"", ""黄疸""]",宠物口臭突然明显加重；宠物突然特别口臭；嘴巴臭得不正常；口腔异味加重；可能伴流涎、牙龈红或食欲变化；明显口臭常与口腔疾病有关但也可能伴随其他系统性问题；单靠清洁产品不能替代检查；完全拒食；面部肿胀；吞咽困难或口腔出血；呼吸困难或张口呼吸；严重嗜睡或虚弱；持续呕吐或腹泻；多饮多尿伴体重下降；黄疸,"[{""source_id"": ""PMC8469879"", ""title"": ""Dental Problems and Prophylactic Care in Cats—Knowledge and Perceptions among Swedish Cat Owners and Communication by Veterinary Care Staff"", ""url"": ""https://pmc.ncbi.nlm.nih.gov/articles/PMC8469879/"", ""license"": ""CC BY 4.0"", ""page_or_section"": ""Abstract"", ""verification_status"": ""source_identity_license_and_locator_verified_2026-08-12; veterinary_claim_review_pending"", ""support_note"": ""中文内容为保守概括；来源用于支持主题、物种和风险边界，不代表个体诊断。"", ""change_note"": ""已在 v1.4 核对来源身份、商业许可、题名和定位；未逐字复制。""}, {""source_id"": ""PMC9774197"", ""title"": ""Revisiting Periodontal Disease in Dogs: How to Manage This New Old Problem?"", ""url"": ""https://pmc.ncbi.nlm.nih.gov/articles/PMC9774197/"", ""license"": ""CC BY 4.0"", ""page_or_section"": ""Abstract"", ""verification_status"": ""source_identity_license_and_locator_verified_2026-08-12; veterinary_claim_review_pending"", ""support_note"": ""中文内容为保守概括；来源用于支持主题、物种和风险边界，不代表个体诊断。"", ""change_note"": ""已在 v1.4 核对来源身份、商业许可、题名和定位；未逐字复制。""}]",Only verified CC BY/CC0 evidence is retained; attribution and change notices are mandatory.,true,adversarial_review_fixes_applied_v1_6,blocked_pending_mainland_China_licensed_veterinarian_review,true,test,false,8485c5a0f32b0d56fe8c4d34bc4bada46caf10b14ef032f5d87edd324e6fcd17
MVP-DERM-011,1.6.0-open-mvp-truth-repair-draft,zh-CN,犬皮肤出现脓疱和环形皮屑,"[""dog""]",dermatology,common_disease_health_education_and_triage,"[""狗身上有小脓包"", ""皮肤一圈圈脱屑""]","[""丘疹或脓疱"", ""表皮环状脱屑"", ""局部脱毛""]","[""犬浅表脓皮症可出现脓疱、结痂和表皮环"", ""常继发于过敏、寄生虫或内分泌问题""]","[""皮肤病灶是否瘙痒？"", ""类似皮肤问题是否反复发生？"", ""近期是否使用过药物（包括抗生素）？""]",记录出现时间、频率、照片或视频以及食欲、饮水、排尿排便和活动变化；若出现任一红旗表现（如病变快速扩散、发热或精神差、深部疼痛和流脓），应立即就医或急诊；由兽医结合体检及必要检查判断，不要仅凭知识卡自行确诊或用药。,"[""病变快速扩散"", ""发热或精神差"", ""深部疼痛和流脓""]",犬皮肤出现脓疱和环形皮屑；狗身上有小脓包；皮肤一圈圈脱屑；丘疹或脓疱；表皮环状脱屑；局部脱毛；犬浅表脓皮症可出现脓疱、结痂和表皮环；常继发于过敏、寄生虫或内分泌问题；病变快速扩散；发热或精神差；深部疼痛和流脓,"[{""source_id"": ""PMC4313009"", ""title"": ""Survey of dermatological conditions in a population of domestic dogs in Mashhad, northeast of Iran (2007-2011)"", ""url"": ""https://pmc.ncbi.nlm.nih.gov/articles/PMC4313009/"", ""license"": ""CC BY 3.0"", ""page_or_section"": ""Abstract"", ""verification_status"": ""source_identity_license_and_locator_verified_2026-08-12; veterinary_claim_review_pending"", ""support_note"": ""中文内容为保守概括；来源用于支持主题、物种和风险边界，不代表个体诊断。"", ""change_note"": ""已在 v1.4 核对来源身份、商业许可、题名和定位；未逐字复制。""}]",Only verified CC BY/CC0 evidence is retained; attribution and change notices are mandatory.,true,adversarial_review_fixes_applied_v1_6,blocked_pending_mainland_China_licensed_veterinarian_review,true,test,false,9f4957f37b30b937c48d39a94ce4d08b307563b26e7612160d191b2615cbe105
MVP-DERM-012,1.6.0-open-mvp-truth-repair-draft,zh-CN,犬反复脓皮症不能只重复用药,"[""dog""]",dermatology,common_disease_health_education_and_triage,"[""狗皮肤感染总复发"", ""脓皮症好了又来""]","[""皮疹反复"", ""脱毛结痂"", ""可能瘙痒""]","[""犬脓皮症经常继发于基础疾病"", ""反复时需要重新评估过敏、寄生虫、内分泌和耐药风险""]","[""每次治疗是否完全消退？"", ""是否同时有皮肤瘙痒？"", ""是否做过皮肤细胞学或细菌培养？""]",记录出现时间、频率、照片或视频以及食欲、饮水、排尿排便和活动变化；如出现任一红旗（深部溃烂疼痛、发热虚弱、短期广泛扩散），应立即就医或急诊；由兽医结合体检及必要检查判断，不要仅凭知识卡自行确诊或用药。,"[""深部溃烂疼痛"", ""发热虚弱"", ""短期广泛扩散""]",犬反复脓皮症不能只重复用药；狗皮肤感染总复发；脓皮症好了又来；皮疹反复；脱毛结痂；可能瘙痒；犬脓皮症经常继发于基础疾病；反复时需要重新评估过敏、寄生虫、内分泌和耐药风险；深部溃烂疼痛；发热虚弱；短期广泛扩散,"[{""source_id"": ""PMC12291705"", ""title"": ""Canine Pyoderma and Otitis Externa: A Retrospective Analysis of Multidrug-Resistant Bacterial Carriage in Hong Kong"", ""url"": ""https://pmc.ncbi.nlm.nih.gov/articles/PMC12291705/"", ""license"": ""CC BY 4.0"", ""page_or_section"": ""Abstract"", ""verification_status"": ""source_identity_license_and_locator_verified_2026-08-12; veterinary_claim_review_pending"", ""support_note"": ""中文内容为保守概括；来源用于支持主题、物种和风险边界，不代表个体诊断。"", ""change_note"": ""已在 v1.4 核对来源身份、商业许可、题名和定位；未逐字复制。""}]",Only verified CC BY/CC0 evidence is retained; attribution and change notices are mandatory.,true,adversarial_review_fixes_applied_v1_6,blocked_pending_mainland_China_licensed_veterinarian_review,true,test,false,ff64f4705e009d4b8101fce13e068462add1e2bd81a25ba676e55ee8d3ad5540
MVP-DERM-013,1.6.0-open-mvp-truth-repair-draft,zh-CN,犬皮肤油腻有酸臭味,"[""dog""]",dermatology,common_disease_health_education_and_triage,"[""狗身上油油的很臭"", ""皮肤像有酵母味""]","[""皮肤油腻"", ""红斑"", ""异味"", ""瘙痒""]","[""马拉色菌可在犬皮肤过度增殖并与皮炎相关"", ""过敏、皮褶和内分泌问题可能增加复发""]","[""它现在精神好不好？"", ""皮肤有没有大面积破损、渗液或快速肿胀？"", ""它最近耳朵有没有异味、频繁甩头或抓挠耳朵？""]",记录出现时间、频率、照片或视频以及食欲、饮水、排尿排便和活动变化；由兽医结合体检及必要检查判断，不要仅凭知识卡自行确诊或用药；若出现上述任一红旗表现，请立即就医或急诊。,"[""大面积渗液破损"", ""发热精神差"", ""面部快速肿胀""]",犬皮肤油腻有酸臭味；狗身上油油的很臭；皮肤像有酵母味；皮肤油腻；红斑；异味；瘙痒；马拉色菌可在犬皮肤过度增殖并与皮炎相关；过敏、皮褶和内分泌问题可能增加复发；大面积渗液破损；发热精神差；面部快速肿胀,"[{""source_id"": ""PMC8951134"", ""title"": ""Allergy to Fungi in Veterinary Medicine: Alternaria , Dermatophytes and Malassezia Pay the Bill!"", ""url"": ""https://pmc.ncbi.nlm.nih.gov/articles/PMC8951134/"", ""license"": ""CC BY 4.0"", ""page_or_section"": ""Abstract"", ""verification_status"": ""source_identity_license_and_locator_verified_2026-08-12; veterinary_claim_review_pending"", ""support_note"": ""中文内容为保守概括；来源用于支持主题、物种和风险边界，不代表个体诊断。"", ""change_note"": ""已在 v1.4 核对来源身份、商业许可、题名和定位；未逐字复制。""}]",Only verified CC BY/CC0 evidence is retained; attribution and change notices are mandatory.,true,adversarial_review_fixes_applied_v1_6,blocked_pending_mainland_China_licensed_veterinarian_review,true,test,false,bf0d625c438a079e29f7ed0f081a5c6489291e94e270b139b52f9fdde6086b4d
MVP-DERM-014,1.6.0-open-mvp-truth-repair-draft,zh-CN,犬脚趾间红肿并反复舔咬,"[""dog""]",dermatology,common_disease_health_education_and_triage,"[""狗趾间红一直舔"", ""脚缝肿了""]","[""趾间红肿"", ""舔咬"", ""可能有结节或渗液""]","[""趾间病变可与过敏、感染、异物或深部炎症有关"", ""只抹止痒药可能掩盖异物或感染""]","[""是突然出现还是逐渐加重？"", ""近期有无草地或户外活动后出现或加重？"", ""是一只脚还是多只脚出现红肿？""]",记录出现时间、频率、照片或视频以及食欲、饮水、排尿排便和活动变化；若出现迅速肿大剧痛、无法负重、深部流脓或发热等任一红旗表现，应立即就医或急诊；其他情况由兽医结合体检及必要检查判断，不要仅凭知识卡自行确诊或用药。,"[""迅速肿大剧痛"", ""无法负重"", ""深部流脓或发热""]",犬脚趾间红肿并反复舔咬；狗趾间红一直舔；脚缝肿了；趾间红肿；舔咬；可能有结节或渗液；趾间病变可与过敏、感染、异物或深部炎症有关；只抹止痒药可能掩盖异物或感染；迅速肿大剧痛；无法负重；深部流脓或发热,"[{""source_id"": ""PMC4531508"", ""title"": ""Canine atopic dermatitis: detailed guidelines for diagnosis and allergen identification"", ""url"": ""https://pmc.ncbi.nlm.nih.gov/articles/PMC4531508/"", ""license"": ""CC BY 4.0"", ""page_or_section"": ""Abstract"", ""verification_status"": ""source_identity_license_and_locator_verified_2026-08-12; veterinary_claim_review_pending"", ""support_note"": ""中文内容为保守概括；来源用于支持主题、物种和风险边界，不代表个体诊断。"", ""change_note"": ""已在 v1.4 核对来源身份、商业许可、题名和定位；未逐字复制。""}]",Only verified CC BY/CC0 evidence is retained; attribution and change notices are mandatory.,true,adversarial_review_fixes_applied_v1_6,blocked_pending_mainland_China_licensed_veterinarian_review,true,test,false,29af3e5b51c45e1e5cf9bdbbec19fbba77cbe747a381f95e0e3f5072917b561a
MVP-DERM-015,1.6.0-open-mvp-truth-repair-draft,zh-CN,犬突然出现湿润渗液的热斑,"[""dog""]",dermatology,common_disease_health_education_and_triage,"[""狗皮肤突然湿烂一块"", ""狗热斑""]","[""局部红、湿、渗液"", ""剧烈舔抓"", ""毛发黏连""]","[""急性湿性皮炎常因自我抓咬迅速扩大"", ""需要寻找跳蚤、耳病、过敏或疼痛等诱因""]","[""皮肤附近是否有耳病、跳蚤或过敏迹象？"", ""狗狗是否会持续舔抓该处？"", ""是否出现护痛、不让碰、低吼、躲避或尖叫等疼痛表现？""]",记录出现时间、频率、照片或视频以及食欲、饮水、排尿排便和活动变化；若出现任一红旗（快速扩散并剧痛、发热精神差、深部坏死或大量脓液），应立即就医或急诊。由兽医结合体检及必要检查判断，不要仅凭知识卡自行确诊或用药。,"[""快速扩散并剧痛"", ""发热精神差"", ""深部坏死或大量脓液""]",犬突然出现湿润渗液的热斑；狗皮肤突然湿烂一块；狗热斑；局部红、湿、渗液；剧烈舔抓；毛发黏连；急性湿性皮炎常因自我抓咬迅速扩大；需要寻找跳蚤、耳病、过敏或疼痛等诱因；快速扩散并剧痛；发热精神差；深部坏死或大量脓液,"[{""source_id"": ""PMC12291705"", ""title"": ""Canine Pyoderma and Otitis Externa: A Retrospective Analysis of Multidrug-Resistant Bacterial Carriage in Hong Kong"", ""url"": ""https://pmc.ncbi.nlm.nih.gov/articles/PMC12291705/"", ""license"": ""CC BY 4.0"", ""page_or_section"": ""Abstract"", ""verification_status"": ""source_identity_license_and_locator_verified_2026-08-12; veterinary_claim_review_pending"", ""support_note"": ""中文内容为保守概括；来源用于支持主题、物种和风险边界，不代表个体诊断。"", ""change_note"": ""已在 v1.4 核对来源身份、商业许可、题名和定位；未逐字复制。""}]",Only verified CC BY/CC0 evidence is retained; attribution and change notices are mandatory.,true,adversarial_review_fixes_applied_v1_6,blocked_pending_mainland_China_licensed_veterinarian_review,true,test,false,bec7f3288147dd84293f642bed2171f40adc099bac781e0fa66e2b030d183152
MVP-DERM-016,1.6.0-open-mvp-truth-repair-draft,zh-CN,犬尾根部剧烈瘙痒和掉毛,"[""dog""]",dermatology,common_disease_health_education_and_triage,"[""狗尾巴根一直咬"", ""尾根掉毛很痒""]","[""尾根和后背瘙痒"", ""结痂或脱毛""]","[""尾根瘙痒常需要评估跳蚤及跳蚤过敏"", ""看不到成蚤不能完全排除暴露""]","[""是否出现牙龈苍白或虚弱无力？"", ""尾根或后背皮肤是否有大面积破损、流脓或出血？"", ""家中其他宠物是否也有瘙痒或皮肤问题？""]",记录出现时间、频率、照片或视频以及食欲、饮水、排尿排便和活动变化；由兽医结合体检及必要检查判断，不要仅凭知识卡自行确诊或用药；若出现上述任一红旗表现，请立即就医或急诊。,"[""皮肤大面积破损感染"", ""牙龈苍白虚弱"", ""幼龄动物严重寄生虫负担""]",犬尾根部剧烈瘙痒和掉毛；狗尾巴根一直咬；尾根掉毛很痒；尾根和后背瘙痒；结痂或脱毛；尾根瘙痒常需要评估跳蚤及跳蚤过敏；看不到成蚤不能完全排除暴露；皮肤大面积破损感染；牙龈苍白虚弱；幼龄动物严重寄生虫负担,"[{""source_id"": ""PMC5746801"", ""title"": ""The Biology and Ecology of Cat Fleas and Advancements in Their Pest Management: A Review"", ""url"": ""https://pmc.ncbi.nlm.nih.gov/articles/PMC5746801/"", ""license"": ""CC BY"", ""page_or_section"": ""Abstract"", ""verification_status"": ""source_identity_license_and_locator_verified_2026-08-12; veterinary_claim_review_pending"", ""support_note"": ""中文内容为保守概括；来源用于支持主题、物种和风险边界，不代表个体诊断。"", ""change_note"": ""已在 v1.4 核对来源身份、商业许可、题名和定位；未逐字复制。""}]",Only verified CC BY/CC0 evidence is retained; attribution and change notices are mandatory.,true,adversarial_review_fixes_applied_v1_6,blocked_pending_mainland_China_licensed_veterinarian_review,true,test,false,13af9393be2053aaa0be785d5e99c00b55ab8298440386a945b0cb5db531e62a
MVP-DERM-017,1.6.0-open-mvp-truth-repair-draft,zh-CN,猫身体出现粟粒样小结痂,"[""cat""]",dermatology,common_disease_health_education_and_triage,"[""猫背上很多小痂"", ""摸起来一粒一粒的""]","[""背部、颈部或躯干散在小结痂"", ""可能瘙痒和脱毛""]","[""猫粟粒样皮炎是一种反应模式而不是单一诊断"", ""跳蚤过敏、其他过敏和寄生虫等都可能相关""]","[""结痂主要集中在哪些部位？是头颈部、背腰部还是全身散在？"", ""猫咪是否频繁舔抓、摩擦或啃咬这些结痂部位？"", ""最近一次体外驱虫用的是什么产品、具体使用日期？是否按说明书规律使用？""]",记录出现时间、频率、照片或视频以及食欲、饮水、排尿排便和活动变化；若出现任一红旗（大面积破损感染、明显消瘦拒食、面部肿胀或呼吸异常）应立即就医或急诊；由兽医结合体检及必要检查判断，不要仅凭知识卡自行确诊或用药。,"[""大面积破损感染"", ""明显消瘦拒食"", ""面部肿胀或呼吸异常""]",猫身体出现粟粒样小结痂；猫背上很多小痂；摸起来一粒一粒的；背部、颈部或躯干散在小结痂；可能瘙痒和脱毛；猫粟粒样皮炎是一种反应模式而不是单一诊断；跳蚤过敏、其他过敏和寄生虫等都可能相关；大面积破损感染；明显消瘦拒食；面部肿胀或呼吸异常,"[{""source_id"": ""PMC6172809"", ""title"": ""Atopic dermatitis in cats and dogs: a difficult disease for animals and owners"", ""url"": ""https://pmc.ncbi.nlm.nih.gov/articles/PMC6172809/"", ""license"": ""CC BY"", ""page_or_section"": ""Abstract"", ""verification_status"": ""source_identity_license_and_locator_verified_2026-08-12; veterinary_claim_review_pending"", ""support_note"": ""中文内容为保守概括；来源用于支持主题、物种和风险边界，不代表个体诊断。"", ""change_note"": ""已在 v1.4 核对来源身份、商业许可、题名和定位；未逐字复制。""}]",Only verified CC BY/CC0 evidence is retained; attribution and change notices are mandatory.,true,adversarial_review_fixes_applied_v1_6,blocked_pending_mainland_China_licensed_veterinarian_review,true,test,false,a240ce1b6cb4f5fb82d12fa8be33c434e79e3456a5e66e1bb100f7e88f8bbcd9
MVP-DERM-018,1.6.0-open-mvp-truth-repair-draft,zh-CN,猫脸部耳缘圆形脱毛结痂需检查,"[""cat""]",dermatology,common_disease_health_education_and_triage,"[""猫耳朵脸上很多痂"", ""猫脸掉毛结痂""]","[""耳缘、鼻梁或面部结痂脱毛"", ""可能瘙痒""]","[""皮肤癣菌病可出现脱毛、鳞屑和结痂，但外观并不特异"", ""需要与寄生虫、过敏和其他皮肤病区分，并注意潜在人宠传播""]","[""猫咪最近是否使用过外用药、驱虫药或任何皮肤外用产品？"", ""猫咪是否有室外活动或接触其他动物/环境？"", ""脱毛结痂出现多久了？""]",记录出现时间、频率、照片或视频以及食欲、饮水、排尿排便和活动变化；若出现眼周严重损伤、快速扩散伴发热、拒食或明显疼痛等任一红旗表现，应立即就医或急诊；由兽医结合体检及必要检查判断，不要仅凭知识卡自行确诊或用药。,"[""眼周严重损伤"", ""快速扩散伴发热"", ""拒食或明显疼痛""]",猫脸部耳缘圆形脱毛结痂需检查；猫耳朵脸上很多痂；猫脸掉毛结痂；耳缘、鼻梁或面部结痂脱毛；可能瘙痒；皮肤癣菌病可出现脱毛、鳞屑和结痂，但外观并不特异；需要与寄生虫、过敏和其他皮肤病区分，并注意潜在人宠传播；眼周严重损伤；快速扩散伴发热；拒食或明显疼痛,"[{""source_id"": ""DOI-10.3390-microorganisms12081727"", ""title"": ""Dermatophytosis in Companion Animals in Portugal"", ""url"": ""https://www.mdpi.com/2076-2607/12/8/1727"", ""license"": ""CC BY 4.0"", ""page_or_section"": ""Abstract"", ""verification_status"": ""source_identity_license_and_locator_verified_2026-08-12; veterinary_claim_review_pending"", ""support_note"": ""中文内容为保守概括；来源用于支持主题、物种和风险边界，不代表个体诊断。"", ""change_note"": ""已在 v1.4 核对来源身份、商业许可、题名和定位；未逐字复制。""}]",Only verified CC BY/CC0 evidence is retained; attribution and change notices are mandatory.,true,adversarial_review_fixes_applied_v1_6,blocked_pending_mainland_China_licensed_veterinarian_review,true,test,false,a13b931241b399e41f22c3d1fd0db316bbccd20799c83e2e41d3d74b3794b87f
MVP-DERM-019,1.6.0-open-mvp-truth-repair-draft,zh-CN,犬皮肤反复感染时为什么要做细胞学,"[""dog""]",dermatology,common_disease_health_education_and_triage,"[""皮肤感染为什么要取样"", ""能不能直接吃消炎药""]","[""皮疹、脓疱、异味或复发性瘙痒""]","[""细胞学等检查有助于区分细菌、酵母和炎症类型"", ""反复经验性使用抗菌药会增加误治和耐药风险""]","[""之前是否做过皮肤采样、显微镜检查或病原培养？"", ""治疗结束后皮肤问题是完全好转，还是好转后又复发？"", ""之前是否用过抗生素、抗真菌药或止痒药？""]",出现任一红旗（如深部感染/深部溃烂流脓、发热虚弱、病变快速扩散），应立即就医或急诊；若无上述情况，可记录发作时间、频率、照片/视频及食欲、饮水、排尿排便和活动变化，由兽医结合体检及必要检查判断，不要自行确诊或用药。,"[""深部感染"", ""发热虚弱"", ""病变快速扩散""]",犬皮肤反复感染时为什么要做细胞学；皮肤感染为什么要取样；能不能直接吃消炎药；皮疹、脓疱、异味或复发性瘙痒；细胞学等检查有助于区分细菌、酵母和炎症类型；反复经验性使用抗菌药会增加误治和耐药风险；深部感染；发热虚弱；病变快速扩散,"[{""source_id"": ""PMC12291705"", ""title"": ""Canine Pyoderma and Otitis Externa: A Retrospective Analysis of Multidrug-Resistant Bacterial Carriage in Hong Kong"", ""url"": ""https://pmc.ncbi.nlm.nih.gov/articles/PMC12291705/"", ""license"": ""CC BY 4.0"", ""page_or_section"": ""Abstract"", ""verification_status"": ""source_identity_license_and_locator_verified_2026-08-12; veterinary_claim_review_pending"", ""support_note"": ""中文内容为保守概括；来源用于支持主题、物种和风险边界，不代表个体诊断。"", ""change_note"": ""已在 v1.4 核对来源身份、商业许可、题名和定位；未逐字复制。""}]",Only verified CC BY/CC0 evidence is retained; attribution and change notices are mandatory.,true,adversarial_review_fixes_applied_v1_6,blocked_pending_mainland_China_licensed_veterinarian_review,true,test,false,dab5bdba65dea5b7f674e6e292a655dd8d8d3c22bfb9c59f8823db590e367507
MVP-DERM-020,1.6.0-open-mvp-truth-repair-draft,zh-CN,怀疑食物过敏不能只靠一次换粮,"[""cat"", ""dog""]",dermatology,common_disease_health_education_and_triage,"[""换个粮能测食物过敏吗"", ""宠物是不是对鸡肉过敏""]","[""长期或非季节性瘙痒"", ""可能伴耳炎或胃肠症状""]","[""食物不良反应与环境过敏临床表现可重叠"", ""规范饮食试验需要控制所有食物来源并由兽医设计""]","[""是否有腹泻、软便或呕吐？"", ""是否出现过面部肿胀或呼吸困难？"", ""是否出现快速消瘦或拒食？""]",记录出现时间、频率、照片或视频以及食欲、饮水、排尿排便和活动变化；由兽医结合体检及必要检查判断，不要仅凭知识卡自行确诊或用药；出现任一红旗症状应立即就医或急诊。,"[""面部肿胀或呼吸困难"", ""严重继发感染"", ""快速消瘦拒食""]",怀疑食物过敏不能只靠一次换粮；换个粮能测食物过敏吗；宠物是不是对鸡肉过敏；长期或非季节性瘙痒；可能伴耳炎或胃肠症状；食物不良反应与环境过敏临床表现可重叠；规范饮食试验需要控制所有食物来源并由兽医设计；面部肿胀或呼吸困难；严重继发感染；快速消瘦拒食,"[{""source_id"": ""PMC4531508"", ""title"": ""Canine atopic dermatitis: detailed guidelines for diagnosis and allergen identification"", ""url"": ""https://pmc.ncbi.nlm.nih.gov/articles/PMC4531508/"", ""license"": ""CC BY 4.0"", ""page_or_section"": ""Abstract"", ""verification_status"": ""source_identity_license_and_locator_verified_2026-08-12; veterinary_claim_review_pending"", ""support_note"": ""中文内容为保守概括；来源用于支持主题、物种和风险边界，不代表个体诊断。"", ""change_note"": ""已在 v1.4 核对来源身份、商业许可、题名和定位；未逐字复制。""}]",Only verified CC BY/CC0 evidence is retained; attribution and change notices are mandatory.,true,adversarial_review_fixes_applied_v1_6,blocked_pending_mainland_China_licensed_veterinarian_review,true,test,false,bf9dcb0e3291836ebb7edcea6956bd0ab6c36f9bfe27aa84d1d73baea86fa122
MVP-DERM-021,1.6.0-open-mvp-truth-repair-draft,zh-CN,犬腹部腋下反复发红瘙痒,"[""dog""]",dermatology,common_disease_health_education_and_triage,"[""狗肚皮红一直挠"", ""腋下反复红""]","[""腹部、腋下或腹股沟红斑"", ""舔抓"", ""可能色素加深""]","[""犬特应性皮炎常累及特定部位并呈慢性复发"", ""寄生虫、感染和食物反应需同时排查""]","[""瘙痒或皮疹是否有季节性变化？"", ""是否同时有反复耳炎、频繁舔爪或趾间红肿？请分别说明有无及表现。"", ""最近是否定期进行体外驱虫？使用什么产品？环境中是否有跳蚤或经常接触其他动物？""]",记录出现时间、频率、照片或视频以及食欲、饮水、排尿排便和活动变化；如出现任一红旗症状（大面积渗液感染、面部肿胀呼吸困难、发热精神差），应立即就医或急诊；由兽医结合体检及必要检查判断，不要仅凭知识卡自行确诊或用药。,"[""大面积渗液感染"", ""面部肿胀呼吸困难"", ""发热精神差""]",犬腹部腋下反复发红瘙痒；狗肚皮红一直挠；腋下反复红；腹部、腋下或腹股沟红斑；舔抓；可能色素加深；犬特应性皮炎常累及特定部位并呈慢性复发；寄生虫、感染和食物反应需同时排查；大面积渗液感染；面部肿胀呼吸困难；发热精神差,"[{""source_id"": ""PMC4531508"", ""title"": ""Canine atopic dermatitis: detailed guidelines for diagnosis and allergen identification"", ""url"": ""https://pmc.ncbi.nlm.nih.gov/articles/PMC4531508/"", ""license"": ""CC BY 4.0"", ""page_or_section"": ""Abstract"", ""verification_status"": ""source_identity_license_and_locator_verified_2026-08-12; veterinary_claim_review_pending"", ""support_note"": ""中文内容为保守概括；来源用于支持主题、物种和风险边界，不代表个体诊断。"", ""change_note"": ""已在 v1.4 核对来源身份、商业许可、题名和定位；未逐字复制。""}]",Only verified CC BY/CC0 evidence is retained; attribution and change notices are mandatory.,true,adversarial_review_fixes_applied_v1_6,blocked_pending_mainland_China_licensed_veterinarian_review,true,test,false,0320da998ce4f58bee12e4d433cd98e6dd4108d0fd45174cd50c26b683efe739
MVP-DERM-022,1.6.0-open-mvp-truth-repair-draft,zh-CN,猫接种或用药后突然脸肿或出现全身反应,"[""cat""]",dermatology,common_disease_health_education_and_triage,"[""宠物突然起包脸肿"", ""全身像荨麻疹""]","[""突发风团"", ""眼睑或口鼻肿胀"", ""可能瘙痒""]","[""急性过敏反应可从皮肤表现进展到呼吸或循环异常"", ""需要密切观察全身状态""]","[""呼吸是否困难或费力？"", ""牙龈颜色是否苍白或发紫？"", ""是否持续呕吐？""]",出现面部肿胀应立即联系宠物医院；伴呼吸困难、呕吐或倒地时立即急诊。,"[""呼吸困难"", ""持续呕吐"", ""倒地或牙龈苍白发紫""]",猫接种或用药后突然脸肿或出现全身反应；宠物突然起包脸肿；全身像荨麻疹；突发风团；眼睑或口鼻肿胀；可能瘙痒；急性过敏反应可从皮肤表现进展到呼吸或循环异常；需要密切观察全身状态；呼吸困难；持续呕吐；倒地或牙龈苍白发紫,"[{""source_id"": ""PMC10459272"", ""title"": ""Feline Injection-Site Sarcoma and Other Adverse Reactions to Vaccination in Cats"", ""url"": ""https://pmc.ncbi.nlm.nih.gov/articles/PMC10459272/"", ""license"": ""CC BY 4.0"", ""page_or_section"": ""Abstract"", ""verification_status"": ""source_identity_license_and_locator_verified_2026-08-12; veterinary_claim_review_pending"", ""support_note"": ""中文内容为保守概括；来源用于支持主题、物种和风险边界，不代表个体诊断。"", ""change_note"": ""已在 v1.4 核对来源身份、商业许可、题名和定位；未逐字复制。""}]",Only verified CC BY/CC0 evidence is retained; attribution and change notices are mandatory.,true,adversarial_review_fixes_applied_v1_6,blocked_pending_mainland_China_licensed_veterinarian_review,true,test,false,780ba95553f428c8beeff7143d1d6e69336acbfe6711700c7c38e1a0cf61da76
MVP-EYE-007,1.6.0-open-mvp-truth-repair-draft,zh-CN,猫眼睛突然大量流泪并眯眼,"[""cat""]",eye,common_disease_health_education_and_triage,"[""猫一只眼一直流泪"", ""猫突然睁不开眼""]","[""单眼流泪"", ""眯眼"", ""畏光或揉眼""]","[""眯眼和流泪提示眼部疼痛，角膜损伤是需要排除的重要原因"", ""不能仅按普通结膜炎观察""]","[""这只眼睛是否有分泌物？如果有，是清亮、黄绿色黏稠，还是多到封眼？"", ""黑眼珠是否发白、浑浊，或眼睛表面看起来有凹坑/不平？"", ""最近这只眼睛是否被撞到、抓挠或进入过异物？""]",记录出现时间、频率、照片或视频以及食欲、饮水、排尿排便和活动变化；若出现任一红旗（角膜浑浊或凹陷、眼球外伤、突然看不见），应立即就医或急诊；由兽医结合体检及必要检查判断，不要仅凭知识卡自行确诊或用药。,"[""角膜浑浊或凹陷"", ""眼球外伤"", ""突然看不见""]",猫眼睛突然大量流泪并眯眼；猫一只眼一直流泪；猫突然睁不开眼；单眼流泪；眯眼；畏光或揉眼；眯眼和流泪提示眼部疼痛，角膜损伤是需要排除的重要原因；不能仅按普通结膜炎观察；角膜浑浊或凹陷；眼球外伤；突然看不见,"[{""source_id"": ""PMC12291713"", ""title"": ""Recurrent vs. Nonrecurrent Superficial Non-Healing Corneal Ulcers in Cats: A Multifactorial Retrospective Analysis"", ""url"": ""https://pmc.ncbi.nlm.nih.gov/articles/PMC12291713/"", ""license"": ""CC BY 4.0"", ""page_or_section"": ""Abstract"", ""verification_status"": ""source_identity_license_and_locator_verified_2026-08-12; veterinary_claim_review_pending"", ""support_note"": ""中文内容为保守概括；来源用于支持主题、物种和风险边界，不代表个体诊断。"", ""change_note"": ""已在 v1.4 核对来源身份、商业许可、题名和定位；未逐字复制。""}]",Only verified CC BY/CC0 evidence is retained; attribution and change notices are mandatory.,true,adversarial_review_fixes_applied_v1_6,blocked_pending_mainland_China_licensed_veterinarian_review,true,test,false,cce45b3006299d04a506aa01a729946185f5c927f6f57fb1d394716ca5c80e3c
MVP-EYE-008,1.6.0-open-mvp-truth-repair-draft,zh-CN,猫角膜溃疡需要按时复查,"[""cat""]",eye,common_disease_health_education_and_triage,"[""猫角膜溃疡多久复查"", ""眼睛好点能停药吗""]","[""已诊断角膜溃疡"", ""眯眼可能改善但未完全消失""]","[""猫角膜溃疡可能复发或愈合延迟"", ""症状改善不等于角膜已经完全愈合""]","[""是否出现疼痛突然加重、角膜明显浑浊或凹陷、视力下降等任一紧急表现？"", ""是否已经自行停用或减少眼部药物？"", ""是否按约定时间完成复查？""]",请遵医嘱继续使用眼部药物，不要因为症状减轻就自行停药，并按约定时间复查。居家重点记录眼部分泌物、眯眼频率和角膜外观变化。若出现疼痛突然加重、角膜明显浑浊或凹陷、视力下降等任一红旗表现，立即前往兽医急诊。,"[""疼痛突然加重"", ""角膜明显浑浊或凹陷"", ""视力下降""]",猫角膜溃疡需要按时复查；猫角膜溃疡多久复查；眼睛好点能停药吗；已诊断角膜溃疡；眯眼可能改善但未完全消失；猫角膜溃疡可能复发或愈合延迟；症状改善不等于角膜已经完全愈合；疼痛突然加重；角膜明显浑浊或凹陷；视力下降,"[{""source_id"": ""PMC12291713"", ""title"": ""Recurrent vs. Nonrecurrent Superficial Non-Healing Corneal Ulcers in Cats: A Multifactorial Retrospective Analysis"", ""url"": ""https://pmc.ncbi.nlm.nih.gov/articles/PMC12291713/"", ""license"": ""CC BY 4.0"", ""page_or_section"": ""Abstract"", ""verification_status"": ""source_identity_license_and_locator_verified_2026-08-12; veterinary_claim_review_pending"", ""support_note"": ""中文内容为保守概括；来源用于支持主题、物种和风险边界，不代表个体诊断。"", ""change_note"": ""已在 v1.4 核对来源身份、商业许可、题名和定位；未逐字复制。""}]",Only verified CC BY/CC0 evidence is retained; attribution and change notices are mandatory.,true,adversarial_review_fixes_applied_v1_6,blocked_pending_mainland_China_licensed_veterinarian_review,true,test,false,73117ccff1a30112d992e5d715c916680b7a23a3443af7d7a0164d00e7ff4767
MVP-EYE-009,1.6.0-open-mvp-truth-repair-draft,zh-CN,短头犬眼球突出容易受伤,"[""dog""]",eye,common_disease_health_education_and_triage,"[""巴哥眼睛容易受伤吗"", ""法斗总揉眼""]","[""眼球较突出"", ""可能频繁揉眼或流泪""]","[""短头犬角膜暴露和眼表疾病风险较高"", ""揉眼或眯眼需要及时排除溃疡""]","[""眼球是否比平时更突出、无法完全闭眼或眼周肿胀？"", ""是否突然眯眼、频繁眨眼或流泪？"", ""是否突然失明或走路撞东西？""]",记录出现时间、频率、照片或视频以及食欲、饮水、排尿排便和活动变化；由兽医结合体检及必要检查判断，不要仅凭知识卡自行确诊或用药；若出现上述任一红旗表现，请立即就医或急诊。,"[""眼球脱出或裂伤"", ""角膜凹陷浑浊"", ""突然失明""]",短头犬眼球突出容易受伤；巴哥眼睛容易受伤吗；法斗总揉眼；眼球较突出；可能频繁揉眼或流泪；短头犬角膜暴露和眼表疾病风险较高；揉眼或眯眼需要及时排除溃疡；眼球脱出或裂伤；角膜凹陷浑浊；突然失明,"[{""source_id"": ""PMC11851709"", ""title"": ""The Prevalence of Corneal Disorders in Pugs Attending Primary Care Veterinary Practices in Australia"", ""url"": ""https://pmc.ncbi.nlm.nih.gov/articles/PMC11851709/"", ""license"": ""CC BY 4.0"", ""page_or_section"": ""Abstract"", ""verification_status"": ""source_identity_license_and_locator_verified_2026-08-12; veterinary_claim_review_pending"", ""support_note"": ""中文内容为保守概括；来源用于支持主题、物种和风险边界，不代表个体诊断。"", ""change_note"": ""已在 v1.4 核对来源身份、商业许可、题名和定位；未逐字复制。""}]",Only verified CC BY/CC0 evidence is retained; attribution and change notices are mandatory.,true,adversarial_review_fixes_applied_v1_6,blocked_pending_mainland_China_licensed_veterinarian_review,true,test,false,6f3f6b2d00df8465e30964e1cd735f7298d15616052bc73f075ca9afa3f67239
MVP-EYE-010,1.6.0-open-mvp-truth-repair-draft,zh-CN,犬眼睛干涩并有黏稠分泌物,"[""dog""]",eye,common_disease_health_education_and_triage,"[""狗眼睛很干有黄绿色眼屎"", ""狗干眼症""]","[""黏稠分泌物"", ""结膜发红"", ""角膜表面暗淡""]","[""干眼可导致眼表炎症并增加角膜损伤风险"", ""需要泪液检查等确认，不能长期自行点抗生素眼药""]","[""症状是单眼还是双眼出现？"", ""这种干涩和黏稠分泌物的情况持续多久了？"", ""是否有长期或近期用药史（包括眼药和口服药）？""]",记录出现时间、频率、照片或视频以及食欲、饮水、排尿排便和活动变化；若出现角膜浑浊/溃疡、明显眼痛或视力突然下降等任一红旗，应立即就医或急诊；由兽医结合体检及必要检查判断，不要仅凭知识卡自行确诊或用药。,"[""角膜浑浊或溃疡"", ""明显眼痛"", ""视力突然下降""]",犬眼睛干涩并有黏稠分泌物；狗眼睛很干有黄绿色眼屎；狗干眼症；黏稠分泌物；结膜发红；角膜表面暗淡；干眼可导致眼表炎症并增加角膜损伤风险；需要泪液检查等确认，不能长期自行点抗生素眼药；角膜浑浊或溃疡；明显眼痛；视力突然下降,"[{""source_id"": ""PMC11851709"", ""title"": ""The Prevalence of Corneal Disorders in Pugs Attending Primary Care Veterinary Practices in Australia"", ""url"": ""https://pmc.ncbi.nlm.nih.gov/articles/PMC11851709/"", ""license"": ""CC BY 4.0"", ""page_or_section"": ""Abstract"", ""verification_status"": ""source_identity_license_and_locator_verified_2026-08-12; veterinary_claim_review_pending"", ""support_note"": ""中文内容为保守概括；来源用于支持主题、物种和风险边界，不代表个体诊断。"", ""change_note"": ""已在 v1.4 核对来源身份、商业许可、题名和定位；未逐字复制。""}]",Only verified CC BY/CC0 evidence is retained; attribution and change notices are mandatory.,true,adversarial_review_fixes_applied_v1_6,blocked_pending_mainland_China_licensed_veterinarian_review,true,test,false,e6d948c7715f0107e17bb75cc2a7ace6b24da25f2eb6eb839c87bef69db573fa
MVP-EYE-011,1.6.0-open-mvp-truth-repair-draft,zh-CN,猫两只瞳孔大小突然不一样,"[""cat""]",eye,common_disease_health_education_and_triage,"[""一只瞳孔大一只小"", ""宠物大小眼""]","[""瞳孔不等大"", ""可能伴眼痛或视力变化""]","[""瞳孔不等大可伴眼内病变，也可能有其他眼科或神经原因"", ""突然出现并伴疼痛、视力或神经变化时需尽快检查""]","[""猫咪现在有没有走路不稳、转圈、歪头或精神变差？"", ""猫咪是不是突然看不见了，比如会撞到东西或对眼前物体没反应？"", ""猫咪眼睛有没有受过外伤，或者出现频繁眨眼、流泪、怕光、抓挠等剧痛表现？""]",记录出现时间、频率、照片或视频以及食欲、饮水、排尿排便和活动变化；由兽医结合体检及必要检查判断，不要仅凭知识卡自行确诊或用药；若出现上述任一红旗表现，请立即就医或急诊。,"[""突然失明"", ""意识或步态异常"", ""眼球外伤或剧烈疼痛""]",猫两只瞳孔大小突然不一样；一只瞳孔大一只小；宠物大小眼；瞳孔不等大；可能伴眼痛或视力变化；瞳孔不等大可伴眼内病变，也可能有其他眼科或神经原因；突然出现并伴疼痛、视力或神经变化时需尽快检查；突然失明；意识或步态异常；眼球外伤或剧烈疼痛,"[{""source_id"": ""PMC9350498"", ""title"": ""Feline intralenticular Encephalitozoon cuniculi : three cases from California"", ""url"": ""https://pmc.ncbi.nlm.nih.gov/articles/PMC9350498/"", ""license"": ""CC BY 4.0"", ""page_or_section"": ""Case series description"", ""verification_status"": ""source_identity_license_and_locator_verified_2026-08-12; veterinary_claim_review_pending"", ""support_note"": ""中文内容为保守概括；来源用于支持主题、物种和风险边界，不代表个体诊断。"", ""change_note"": ""已在 v1.4 核对来源身份、商业许可、题名和定位；未逐字复制。""}]",Only verified CC BY/CC0 evidence is retained; attribution and change notices are mandatory.,true,adversarial_review_fixes_applied_v1_6,blocked_pending_mainland_China_licensed_veterinarian_review,true,test,false,143370df69b8ad49c55ff3bd17479421b55ae174a44fd0144050f01eaa523158
MVP-EYE-012,1.6.0-open-mvp-truth-repair-draft,zh-CN,犬内眼角出现红色圆形组织,"[""dog""]",eye,common_disease_health_education_and_triage,"[""狗眼角有红色肉球"", ""狗第三眼睑腺脱出""]","[""内眼角出现红色圆形组织"", ""可能流泪或眼表刺激""]","[""犬第三眼睑腺脱出常表现为内眼角红色组织"", ""外观相似的眼部问题仍需检查确认，不要自行按压复位""]","[""是否突然出现视力下降或丧失？"", ""眼球是否明显突出？"", ""角膜是否混浊或出现溃疡？""]",记录出现时间、频率、照片或视频以及食欲、饮水、排尿排便和活动变化；由兽医结合体检及必要检查判断，不要仅凭知识卡自行确诊或用药；若出现上述任一红旗表现，请立即就医或急诊。,"[""突发视力下降或丧失"", ""眼球突出"", ""角膜浑浊或溃疡"", ""明显眼痛"", ""眼球外伤"", ""精神极差或持续呕吐""]",犬内眼角出现红色圆形组织；狗眼角有红色肉球；狗第三眼睑腺脱出；内眼角出现红色圆形组织；可能流泪或眼表刺激；犬第三眼睑腺脱出常表现为内眼角红色组织；外观相似的眼部问题仍需检查确认，不要自行按压复位；突发视力下降或丧失；眼球突出；角膜浑浊或溃疡；明显眼痛；眼球外伤；精神极差或持续呕吐,"[{""source_id"": ""PMC8791520"", ""title"": ""Breed and conformational predispositions for prolapsed nictitating membrane gland (PNMG) in dogs in the UK: A VetCompass study"", ""url"": ""https://pmc.ncbi.nlm.nih.gov/articles/PMC8791520/"", ""license"": ""CC BY 4.0"", ""page_or_section"": ""Abstract"", ""verification_status"": ""source_identity_license_and_locator_verified_2026-08-12; veterinary_claim_review_pending"", ""support_note"": ""中文内容为保守概括；来源用于支持主题、物种和风险边界，不代表个体诊断。"", ""change_note"": ""已在 v1.4 核对来源身份、商业许可、题名和定位；未逐字复制。""}]",Only verified CC BY/CC0 evidence is retained; attribution and change notices are mandatory.,true,adversarial_review_fixes_applied_v1_6,blocked_pending_mainland_China_licensed_veterinarian_review,true,test,false,61e1a0e5ccae93bd7277f38e9ba0e714b485b072dfa44c9e8cdc8fb899709a34
MVP-EYE-013,1.6.0-open-mvp-truth-repair-draft,zh-CN,犬眼睛突然出现蓝白色浑浊,"[""dog""]",eye,common_disease_health_education_and_triage,"[""狗眼睛突然变白"", ""角膜蓝蓝的""]","[""角膜或眼内出现蓝白浑浊"", ""可能眯眼或视力下降""]","[""突然浑浊可见于角膜水肿、青光眼、晶状体相关急症等"", ""外观无法安全区分病因""]","[""是否出现剧烈眼痛，如频繁眯眼、眨眼、流泪或躲避触摸？"", ""是否突然撞到东西或表现出视力明显下降？"", ""眼球外观是否突然明显异常，例如变大、突出或眼红快速加重？""]",记录出现时间、频率、照片或视频以及食欲、饮水、排尿排便和活动变化；由兽医结合体检及必要检查判断，不要仅凭知识卡自行确诊或用药；若出现上述任一红旗表现，请立即就医或急诊。,"[""剧烈眼痛"", ""突然失明"", ""眼球外伤"", ""眼球明显变大"", ""眼红快速加重"", ""角膜破溃或流脓""]",犬眼睛突然出现蓝白色浑浊；狗眼睛突然变白；角膜蓝蓝的；角膜或眼内出现蓝白浑浊；可能眯眼或视力下降；突然浑浊可见于角膜水肿、青光眼、晶状体相关急症等；外观无法安全区分病因；剧烈眼痛；突然失明；眼球外伤；眼球明显变大；眼红快速加重；角膜破溃或流脓,"[{""source_id"": ""PMC10353131"", ""title"": ""Lens-related ocular emergencies (LROE) in dogs: treatment and visual outcome after late presentation of 90 eyes"", ""url"": ""https://pmc.ncbi.nlm.nih.gov/articles/PMC10353131/"", ""license"": ""CC BY 4.0"", ""page_or_section"": ""Abstract"", ""verification_status"": ""source_identity_license_and_locator_verified_2026-08-12; veterinary_claim_review_pending"", ""support_note"": ""中文内容为保守概括；来源用于支持主题、物种和风险边界，不代表个体诊断。"", ""change_note"": ""已在 v1.4 核对来源身份、商业许可、题名和定位；未逐字复制。""}]",Only verified CC BY/CC0 evidence is retained; attribution and change notices are mandatory.,true,adversarial_review_fixes_applied_v1_6,blocked_pending_mainland_China_licensed_veterinarian_review,true,test,false,a900a27dfd2f4fd25e3f196623486a68e6f259bebd6010854425d8e3d63ea73d
MVP-EYE-014,1.6.0-open-mvp-truth-repair-draft,zh-CN,猫眼鼻分泌物不能只按颜色判断是否细菌感染,"[""cat""]",eye,common_disease_health_education_and_triage,"[""黄眼屎就是细菌感染吗"", ""要不要点抗生素眼药""]","[""清亮、黏液或脓样分泌物"", ""可能结膜红"", ""鼻分泌物"", ""打喷嚏""]","[""猫眼鼻分泌物可见于多种呼吸道病原和混合感染"", ""分泌物颜色本身不能确定病原，也不能单独决定是否使用抗菌药""]","[""是单眼还是双眼出现分泌物？"", ""是否明显疼痛（如眯眼、抓眼）？"", ""是否有鼻分泌物？""]",记录出现时间、频率、照片或视频以及食欲、饮水、排尿排便和活动变化；出现任一红旗（如角膜浑浊、眼球突出、突然视力下降、呼吸急促或张口呼吸、严重嗜睡、食欲废绝、眼球外伤等）应立即就医或急诊；由兽医结合体检及必要检查判断，不要仅凭知识卡自行确诊或用药。,"[""角膜浑浊"", ""眼球外伤"", ""突然视力下降"", ""呼吸急促或张口呼吸"", ""严重嗜睡"", ""食欲废绝"", ""眼球突出""]",猫眼鼻分泌物不能只按颜色判断是否细菌感染；黄眼屎就是细菌感染吗；要不要点抗生素眼药；清亮、黏液或脓样分泌物；可能结膜红；鼻分泌物；打喷嚏；猫眼鼻分泌物可见于多种呼吸道病原和混合感染；分泌物颜色本身不能确定病原，也不能单独决定是否使用抗菌药；角膜浑浊；眼球外伤；突然视力下降；呼吸急促或张口呼吸；严重嗜睡；食欲废绝；眼球突出,"[{""source_id"": ""PMC11405337"", ""title"": ""Feline respiratory disease complex: insights into the role of viral and bacterial co-infections"", ""url"": ""https://pmc.ncbi.nlm.nih.gov/articles/PMC11405337/"", ""license"": ""CC BY 4.0"", ""page_or_section"": ""Abstract"", ""verification_status"": ""source_identity_license_and_locator_verified_2026-08-12; veterinary_claim_review_pending"", ""support_note"": ""中文内容为保守概括；来源用于支持主题、物种和风险边界，不代表个体诊断。"", ""change_note"": ""已在 v1.4 核对来源身份、商业许可、题名和定位；未逐字复制。""}]",Only verified CC BY/CC0 evidence is retained; attribution and change notices are mandatory.,true,adversarial_review_fixes_applied_v1_6,blocked_pending_mainland_China_licensed_veterinarian_review,true,test,false,6f960f5f1a644b418e27973b96b43b1a1480db3229ee729b98bc7640bb1d2571
MVP-EAR-004,1.6.0-open-mvp-truth-repair-draft,zh-CN,犬外耳炎反复发作,"[""dog""]",ear,common_disease_health_education_and_triage,"[""狗耳炎总复发"", ""耳朵好了又臭""]","[""抓耳甩头反复"", ""耳道红、异味或分泌物""]","[""犬外耳炎常有过敏、耳道结构或感染等基础因素"", ""反复发作需要寻找原因而不是长期重复同一种滴耳液""]","[""这次是单耳还是双耳出现症状？"", ""以前是否做过耳道采样或细胞学检查？"", ""之前用过哪些耳药、洗耳液或清洁产品？""]",记录出现时间、频率、照片或视频以及食欲、饮水、排尿排便和活动变化；由兽医结合体检及必要检查判断，不要仅凭知识卡自行确诊或用药。出现任一红旗（头歪站不稳、耳道剧痛肿闭、精神差发热）应立即就医或急诊。,"[""头歪站不稳"", ""耳道剧痛肿闭"", ""精神差发热""]",犬外耳炎反复发作；狗耳炎总复发；耳朵好了又臭；抓耳甩头反复；耳道红、异味或分泌物；犬外耳炎常有过敏、耳道结构或感染等基础因素；反复发作需要寻找原因而不是长期重复同一种滴耳液；头歪站不稳；耳道剧痛肿闭；精神差发热,"[{""source_id"": ""PMC12291705"", ""title"": ""Canine Pyoderma and Otitis Externa: A Retrospective Analysis of Multidrug-Resistant Bacterial Carriage in Hong Kong"", ""url"": ""https://pmc.ncbi.nlm.nih.gov/articles/PMC12291705/"", ""license"": ""CC BY 4.0"", ""page_or_section"": ""Abstract"", ""verification_status"": ""source_identity_license_and_locator_verified_2026-08-12; veterinary_claim_review_pending"", ""support_note"": ""中文内容为保守概括；来源用于支持主题、物种和风险边界，不代表个体诊断。"", ""change_note"": ""已在 v1.4 核对来源身份、商业许可、题名和定位；未逐字复制。""}]",Only verified CC BY/CC0 evidence is retained; attribution and change notices are mandatory.,true,adversarial_review_fixes_applied_v1_6,blocked_pending_mainland_China_licensed_veterinarian_review,true,test,false,1bdbd7c3410db0020afe3ea9f5fb89a4151db5fa601d19971c16b7ac530b3ce6
MVP-EAR-005,1.6.0-open-mvp-truth-repair-draft,zh-CN,犬耳廓突然鼓起像水袋,"[""dog""]",ear,common_disease_health_education_and_triage,"[""狗耳朵肿成包"", ""耳廓像装水""]","[""耳廓柔软或紧张性肿胀"", ""常伴甩头抓耳""]","[""耳血肿常与剧烈甩头抓耳有关"", ""还需要处理导致抓耳的外耳炎或其他基础问题""]","[""耳廓肿胀是什么时候出现的？增大速度是突然变大还是逐渐变大？"", ""最近是否有频繁甩头或抓挠耳朵的表现？"", ""耳道内是否有分泌物或异味？""]",记录肿胀出现时间、大小变化、甩头抓耳频率、耳道分泌物或异味以及食欲精神变化；由兽医结合体检及必要检查判断，不要仅凭知识卡自行确诊或用药。若出现持续出血、剧烈疼痛、头歪或站立不稳等任一红旗表现，应立即就医或急诊。,"[""持续出血"", ""剧烈疼痛"", ""头歪或站立不稳""]",犬耳廓突然鼓起像水袋；狗耳朵肿成包；耳廓像装水；耳廓柔软或紧张性肿胀；常伴甩头抓耳；耳血肿常与剧烈甩头抓耳有关；还需要处理导致抓耳的外耳炎或其他基础问题；持续出血；剧烈疼痛；头歪或站立不稳,"[{""source_id"": ""PMC10417061"", ""title"": ""Platelet- Rich Plasma Treatment Supported by Ultrasound Detection of Septa in Recurrent Canine Aural Hematoma: A Case Series"", ""url"": ""https://pmc.ncbi.nlm.nih.gov/articles/PMC10417061/"", ""license"": ""CC BY 4.0"", ""page_or_section"": ""Abstract"", ""verification_status"": ""source_identity_license_and_locator_verified_2026-08-12; veterinary_claim_review_pending"", ""support_note"": ""中文内容为保守概括；来源用于支持主题、物种和风险边界，不代表个体诊断。"", ""change_note"": ""已在 v1.4 核对来源身份、商业许可、题名和定位；未逐字复制。""}]",Only verified CC BY/CC0 evidence is retained; attribution and change notices are mandatory.,true,adversarial_review_fixes_applied_v1_6,blocked_pending_mainland_China_licensed_veterinarian_review,true,test,false,852aecc8fce137543b4614f43681dcc5f3f0fa2d4d6b2bcadd13125dd5070c20
MVP-EAR-006,1.6.0-open-mvp-truth-repair-draft,zh-CN,散步后犬单侧突然甩头需排查耳道异物,"[""dog""]",ear,common_disease_health_education_and_triage,"[""狗散步后突然甩一边耳朵"", ""耳朵进草籽了""]","[""突然单侧甩头抓耳"", ""耳道疼痛""]","[""草籽等异物可与急性单侧耳部不适有关"", ""突然剧烈甩头、疼痛或歪头时应先检查耳道，不要盲目冲洗""]","[""是否出现头歪、走路不稳或眼睛不受控抖动？"", ""耳道是否有明显出血？"", ""触碰耳朵时是否剧痛、抗拒或无法触碰？""]",若出现明显出血、剧痛无法触碰或头歪站不稳等任一红旗表现，请立即就医，不要仅在家记录观察；若暂无上述表现，可记录出现时间、频率、照片或视频以及食欲、饮水、排尿排便和活动变化，并由兽医结合体检及必要检查判断，不要仅凭知识卡自行确诊或用药。,"[""明显出血"", ""剧痛无法触碰"", ""头歪站不稳""]",散步后犬单侧突然甩头需排查耳道异物；狗散步后突然甩一边耳朵；耳朵进草籽了；突然单侧甩头抓耳；耳道疼痛；草籽等异物可与急性单侧耳部不适有关；突然剧烈甩头、疼痛或歪头时应先检查耳道，不要盲目冲洗；明显出血；剧痛无法触碰；头歪站不稳,"[{""source_id"": ""PMC10795400"", ""title"": ""English Cocker Spaniels under primary veterinary care in the UK: disorder predispositions and protections"", ""url"": ""https://pmc.ncbi.nlm.nih.gov/articles/PMC10795400/"", ""license"": ""CC BY 4.0"", ""page_or_section"": ""Abstract"", ""verification_status"": ""source_identity_license_and_locator_verified_2026-08-12; veterinary_claim_review_pending"", ""support_note"": ""中文内容为保守概括；来源用于支持主题、物种和风险边界，不代表个体诊断。"", ""change_note"": ""已在 v1.4 核对来源身份、商业许可、题名和定位；未逐字复制。""}, {""source_id"": ""PMC9032795"", ""title"": ""A Review of Recent Developments in Veterinary Otology"", ""url"": ""https://pmc.ncbi.nlm.nih.gov/articles/PMC9032795/"", ""license"": ""CC BY 4.0"", ""page_or_section"": ""Abstract"", ""verification_status"": ""source_identity_license_and_locator_verified_2026-08-12; veterinary_claim_review_pending"", ""support_note"": ""中文内容为保守概括；来源用于支持主题、物种和风险边界，不代表个体诊断。"", ""change_note"": ""已在 v1.4 核对来源身份、商业许可、题名和定位；未逐字复制。""}]",Only verified CC BY/CC0 evidence is retained; attribution and change notices are mandatory.,true,adversarial_review_fixes_applied_v1_6,blocked_pending_mainland_China_licensed_veterinarian_review,true,test,false,3343774c8993be413bc6e18c696d1c9677ee38be92750235a4f348db02d1df56
MVP-EAR-007,1.6.0-open-mvp-truth-repair-draft,zh-CN,猫耳缘结痂脱毛不一定只是耳螨,"[""cat""]",ear,common_disease_health_education_and_triage,"[""猫耳朵边缘有痂"", ""耳尖掉毛""]","[""耳缘结痂脱毛"", ""可能瘙痒""]","[""猫耳缘结痂脱毛可能由猫疥螨、皮肤癣菌、外寄生虫或过敏等多种原因引起"", ""仅凭耳缘结痂脱毛的外观不能确定具体病因，需要兽医检查确诊""]","[""猫咪近期是否外出或接触过其他猫？"", ""家中其他宠物或人是否出现皮肤损伤？"", ""耳缘结痂脱毛是只在一侧耳缘还是双侧都有？""]",记录出现时间、频率、照片或视频以及食欲、饮水、排尿排便和活动变化；若出现任一红旗，应立即就医或急诊；由兽医结合体检及必要检查判断，不要仅凭知识卡自行确诊或用药。,"[""快速扩散"", ""眼周损伤"", ""发热拒食"", ""头部倾斜或走路不稳"", ""眼球不自主颤动"", ""耳道流脓或带血"", ""耳廓明显肿胀或剧烈疼痛"", ""面部歪斜或闭眼困难""]",猫耳缘结痂脱毛不一定只是耳螨；猫耳朵边缘有痂；耳尖掉毛；耳缘结痂脱毛；可能瘙痒；猫外耳炎可与寄生虫、细菌、酵母和其他因素有关；分泌物外观不能单独确定病因；快速扩散；眼周损伤；发热拒食；头部倾斜或走路不稳；眼球不自主颤动；耳道流脓或带血；耳廓明显肿胀或剧烈疼痛；面部歪斜或闭眼困难,"[{""source_id"": ""PMC12983938"", ""title"": ""Prevalence of Otitis Externa in a Population of Owned Cats in Northern Italy"", ""url"": ""https://pmc.ncbi.nlm.nih.gov/articles/PMC12983938/"", ""license"": ""CC BY 4.0"", ""page_or_section"": ""Abstract"", ""verification_status"": ""source_identity_license_and_locator_verified_2026-08-12; veterinary_claim_review_pending"", ""support_note"": ""中文内容为保守概括；来源用于支持主题、物种和风险边界，不代表个体诊断。"", ""change_note"": ""已在 v1.4 核对来源身份、商业许可、题名和定位；未逐字复制。""}, {""source_id"": ""PMC8158496"", ""title"": ""Feline Otitis Externa Caused by Methicillin-Resistant Staphylococcus aureus with Mixed Hemolytic Phenotype and Overview of Possible Genetic Backgrounds"", ""url"": ""https://pmc.ncbi.nlm.nih.gov/articles/PMC8158496/"", ""license"": ""CC BY 4.0"", ""page_or_section"": ""Abstract"", ""verification_status"": ""source_identity_license_and_locator_verified_2026-08-12; veterinary_claim_review_pending"", ""support_note"": ""中文内容为保守概括；来源用于支持主题、物种和风险边界，不代表个体诊断。"", ""change_note"": ""已在 v1.4 核对来源身份、商业许可、题名和定位；未逐字复制。""}]",Only verified CC BY/CC0 evidence is retained; attribution and change notices are mandatory.,true,adversarial_review_fixes_applied_v1_6,blocked_pending_mainland_China_licensed_veterinarian_review,true,test,false,4bca0bd6348e9f6e1fa837225443839a9ba55f4098915baf473330058731dd19
MVP-EAR-008,1.6.0-open-mvp-truth-repair-draft,zh-CN,宠物耳道疼痛时先检查再清洁,"[""dog""]",ear,common_disease_health_education_and_triage,"[""能用棉签给宠物掏耳朵吗"", ""耳朵很脏怎么挖""]","[""耳道有分泌物或异味""]","[""耳道疼痛、肿胀或大量分泌物需要耳镜和细胞学等检查"", ""未确认鼓膜和耳道情况前，不要把棉签或器具深入耳道""]","[""最近是否给宠物用过洗耳液、滴耳药或棉签/工具清理耳道？"", ""出现耳痛前是否洗澡、游泳或耳道进水？"", ""耳道不适出现多久了？""]",如近期使用过清洁液、滴耳药或掏耳后出现疼痛，应暂停清洁并咨询兽医；记录出现时间、频率、照片或视频以及食欲、饮水、排尿排便和活动变化；出现任一红旗（耳道出血、头歪站不稳、剧烈疼痛）应立即就医或急诊；由兽医结合体检及必要检查判断，不要仅凭知识卡自行确诊或用药。,"[""耳道出血"", ""头歪站不稳"", ""剧烈疼痛""]",宠物耳道疼痛时先检查再清洁；能用棉签给宠物掏耳朵吗；耳朵很脏怎么挖；耳道有分泌物或异味；耳道疼痛、肿胀或大量分泌物需要耳镜和细胞学等检查；未确认鼓膜和耳道情况前，不要把棉签或器具深入耳道；耳道出血；头歪站不稳；剧烈疼痛,"[{""source_id"": ""PMC9032795"", ""title"": ""A Review of Recent Developments in Veterinary Otology"", ""url"": ""https://pmc.ncbi.nlm.nih.gov/articles/PMC9032795/"", ""license"": ""CC BY 4.0"", ""page_or_section"": ""Abstract"", ""verification_status"": ""source_identity_license_and_locator_verified_2026-08-12; veterinary_claim_review_pending"", ""support_note"": ""中文内容为保守概括；来源用于支持主题、物种和风险边界，不代表个体诊断。"", ""change_note"": ""已在 v1.4 核对来源身份、商业许可、题名和定位；未逐字复制。""}, {""source_id"": ""PMC9324598"", ""title"": ""External Ear Canal Evaluation in Dogs with Chronic Suppurative Otitis Externa: Comparison of Direct Cytology, Bacterial Culture and 16S Amplicon Profiling"", ""url"": ""https://pmc.ncbi.nlm.nih.gov/articles/PMC9324598/"", ""license"": ""CC BY 4.0"", ""page_or_section"": ""Abstract"", ""verification_status"": ""source_identity_license_and_locator_verified_2026-08-12; veterinary_claim_review_pending"", ""support_note"": ""中文内容为保守概括；来源用于支持主题、物种和风险边界，不代表个体诊断。"", ""change_note"": ""已在 v1.4 核对来源身份、商业许可、题名和定位；未逐字复制。""}]",Only verified CC BY/CC0 evidence is retained; attribution and change notices are mandatory.,true,adversarial_review_fixes_applied_v1_6,blocked_pending_mainland_China_licensed_veterinarian_review,true,test,false,16be7d71502aa796a2f6f4ee36351144bb774d5eb0c98e197ecf3469c9123e86
MVP-EAR-009,1.6.0-open-mvp-truth-repair-draft,zh-CN,耳病伴头歪或走路不稳,"[""cat"", ""dog""]",ear,common_disease_health_education_and_triage,"[""宠物耳朵不舒服还头歪"", ""走路东倒西歪""]","[""头歪"", ""眼球震颤"", ""平衡异常"", ""可能伴耳痛""]","[""外耳症状合并前庭异常可能提示中耳、内耳或神经系统受累"", ""不能只作为普通耳垢处理""]","[""它现在是否无法自己站立？"", ""它是否出现意识异常（如精神萎靡、呼之不应）？"", ""它是否持续呕吐？""]",尽快就医；无法站立、意识异常或持续呕吐时按急症处理；若出现上述任一红旗表现，请立即就医或急诊。,"[""无法站立"", ""意识异常"", ""持续呕吐或快速恶化""]",耳病伴头歪或走路不稳；宠物耳朵不舒服还头歪；走路东倒西歪；头歪；眼球震颤；平衡异常；可能伴耳痛；外耳症状合并前庭异常可能提示中耳、内耳或神经系统受累；不能只作为普通耳垢处理；无法站立；意识异常；持续呕吐或快速恶化,"[{""source_id"": ""PMC11209469"", ""title"": ""Emergency Approach to Acute Seizures in Dogs and Cats"", ""url"": ""https://pmc.ncbi.nlm.nih.gov/articles/PMC11209469/"", ""license"": ""CC BY 4.0"", ""page_or_section"": ""Abstract"", ""verification_status"": ""source_identity_license_and_locator_verified_2026-08-12; veterinary_claim_review_pending"", ""support_note"": ""中文内容为保守概括；来源用于支持主题、物种和风险边界，不代表个体诊断。"", ""change_note"": ""已在 v1.4 核对来源身份、商业许可、题名和定位；未逐字复制。""}]",Only verified CC BY/CC0 evidence is retained; attribution and change notices are mandatory.,true,adversarial_review_fixes_applied_v1_6,blocked_pending_mainland_China_licensed_veterinarian_review,true,test,false,5c1eb26cbbc258e902fb01961dcfcc0ed3c04de34bb1b249af6dcbfb5ed16cc0
MVP-PED-001,1.6.0-open-mvp-truth-repair-draft,zh-CN,新生幼犬幼猫不吃奶,"[""cat"", ""dog""]",pediatrics,common_disease_health_education_and_triage,"[""刚出生的小猫不吃奶"", ""新生小狗不吸奶""]","[""不主动寻找乳头"", ""吸吮无力"", ""可能持续叫或安静无反应""]","[""新生动物能量和体温储备有限，不吃奶可很快恶化"", ""需要同时评估体温、母体泌乳和先天问题""]","[""幼崽出生多久了？"", ""同窝其他幼崽是否正常吃奶？"", ""母犬/母猫是否愿意哺乳？乳房有无硬胀或疼痛？""]",立即联系兽医评估；若幼崽出现身体冰凉、反应极弱、呼吸异常或发紫中的任一红旗表现，应立即就医或急诊，不要强行灌喂。,"[""身体冰凉"", ""反应极弱"", ""呼吸异常或发紫""]",新生幼犬幼猫不吃奶；刚出生的小猫不吃奶；新生小狗不吸奶；不主动寻找乳头；吸吮无力；可能持续叫或安静无反应；新生动物能量和体温储备有限，不吃奶可很快恶化；需要同时评估体温、母体泌乳和先天问题；身体冰凉；反应极弱；呼吸异常或发紫,"[{""source_id"": ""PMC11640698"", ""title"": ""Neonatal Clinical Assessment of the Puppy and Kitten: How to Identify Newborns at Risk?"", ""url"": ""https://pmc.ncbi.nlm.nih.gov/articles/PMC11640698/"", ""license"": ""CC BY 4.0"", ""page_or_section"": ""Abstract"", ""verification_status"": ""source_identity_license_and_locator_verified_2026-08-12; veterinary_claim_review_pending"", ""support_note"": ""中文内容为保守概括；来源用于支持主题、物种和风险边界，不代表个体诊断。"", ""change_note"": ""已在 v1.4 核对来源身份、商业许可、题名和定位；未逐字复制。""}]",Only verified CC BY/CC0 evidence is retained; attribution and change notices are mandatory.,true,adversarial_review_fixes_applied_v1_6,blocked_pending_mainland_China_licensed_veterinarian_review,true,test,false,69fe8cb0430fd8bfb60f13814da6a9d62f6616b362e52d5a49ba92f383ab3e07
MVP-PED-002,1.6.0-open-mvp-truth-repair-draft,zh-CN,新生幼犬体重不增加,"[""dog""]",pediatrics,common_disease_health_education_and_triage,"[""小狗出生后不长体重"", ""幼犬每天都没增重""]","[""连续称重无增长或下降"", ""可能吃奶弱""]","[""出生体重和早期体重趋势是新生幼犬重要观察指标"", ""不增重可能提示摄入不足或疾病""]","[""是否每次使用同一秤、同一时间称重？"", ""吃奶量是否比之前明显减少？"", ""粪便是否比平时稀？""]",记录出现时间、频率、照片或视频以及食欲、吃奶/母乳摄入情况、排尿排便和活动变化；如出现任一红旗表现，请立即就医或前往急诊。由兽医结合体检及必要检查判断，不要仅凭知识卡自行确诊或用药。,"[""体重持续下降"", ""不吃奶"", ""低体温或反应差"", ""持续尖叫"", ""腹泻"", ""呕吐""]",新生幼犬体重不增加；小狗出生后不长体重；幼犬每天都没增重；连续称重无增长或下降；可能吃奶弱；出生体重和早期体重趋势是新生幼犬重要观察指标；不增重可能提示摄入不足或疾病；体重持续下降；不吃奶；低体温或反应差；持续尖叫；腹泻；呕吐,"[{""source_id"": ""PMC9179255"", ""title"": ""Dead or Alive? A Review of Perinatal Factors That Determine Canine Neonatal Viability"", ""url"": ""https://pmc.ncbi.nlm.nih.gov/articles/PMC9179255/"", ""license"": ""CC BY 4.0"", ""page_or_section"": ""Abstract"", ""verification_status"": ""source_identity_license_and_locator_verified_2026-08-12; veterinary_claim_review_pending"", ""support_note"": ""中文内容为保守概括；来源用于支持主题、物种和风险边界，不代表个体诊断。"", ""change_note"": ""已在 v1.4 核对来源身份、商业许可、题名和定位；未逐字复制。""}]",Only verified CC BY/CC0 evidence is retained; attribution and change notices are mandatory.,true,adversarial_review_fixes_applied_v1_6,blocked_pending_mainland_China_licensed_veterinarian_review,true,test,false,ded7531b584a73237dee2a6378bcbed803092a901b7d7cce61c49e16cf3c9cd6
MVP-PED-003,1.6.0-open-mvp-truth-repair-draft,zh-CN,新生幼犬幼猫持续尖叫,"[""cat"", ""dog""]",pediatrics,common_disease_health_education_and_triage,"[""刚出生一直叫"", ""一窝里有一只总叫""]","[""持续高声叫"", ""无法安静吃奶睡眠""]","[""持续叫可能与饥饿、寒冷、疼痛或母体照护不足有关"", ""新生动物症状常不典型""]","[""幼崽呼吸是否异常（如急促、费力或张口呼吸）？"", ""幼崽身体摸起来是否冰凉？"", ""幼崽是否能正常吃奶？""]",记录出现时间、频率、照片或视频以及食欲、饮水、排尿排便和活动变化；若出现任一红旗表现，立即联系兽医急诊，不要仅在家观察；由兽医结合体检及必要检查判断，不要仅凭知识卡自行确诊或用药。,"[""身体冰凉"", ""腹部明显胀痛"", ""呼吸异常或反应下降"", ""无法吃奶或体重不增"", ""抽搐"", ""明显呕吐腹泻"", ""黏膜苍白""]",新生幼犬幼猫持续尖叫；刚出生一直叫；一窝里有一只总叫；持续高声叫；无法安静吃奶睡眠；持续叫可能与饥饿、寒冷、疼痛或母体照护不足有关；新生动物症状常不典型；身体冰凉；腹部明显胀痛；呼吸异常或反应下降；无法吃奶或体重不增；抽搐；明显呕吐腹泻；黏膜苍白,"[{""source_id"": ""PMC11640698"", ""title"": ""Neonatal Clinical Assessment of the Puppy and Kitten: How to Identify Newborns at Risk?"", ""url"": ""https://pmc.ncbi.nlm.nih.gov/articles/PMC11640698/"", ""license"": ""CC BY 4.0"", ""page_or_section"": ""Abstract"", ""verification_status"": ""source_identity_license_and_locator_verified_2026-08-12; veterinary_claim_review_pending"", ""support_note"": ""中文内容为保守概括；来源用于支持主题、物种和风险边界，不代表个体诊断。"", ""change_note"": ""已在 v1.4 核对来源身份、商业许可、题名和定位；未逐字复制。""}]",Only verified CC BY/CC0 evidence is retained; attribution and change notices are mandatory.,true,adversarial_review_fixes_applied_v1_6,blocked_pending_mainland_China_licensed_veterinarian_review,true,test,false,e379fabc0967b9ad95472b4b1e1bdb8bf47f60b97b323d782d673df610fcc5c4
MVP-PED-004,1.6.0-open-mvp-truth-repair-draft,zh-CN,新生幼犬幼猫身体发凉,"[""cat"", ""dog""]",pediatrics,common_disease_health_education_and_triage,"[""小奶猫身体冰凉"", ""刚出生小狗温度低""]","[""触感明显发凉"", ""吸吮减弱"", ""活动减少""]","[""新生动物体温调节能力有限"", ""低体温会影响吸吮和消化并可伴随严重疾病""]","[""幼崽是否有呼吸异常（如呼吸急促、缓慢、张口呼吸或呼吸声音异常）？"", ""幼崽是否反应极弱或对刺激没有反应？"", ""幼崽是否无法含住乳头或吞咽？""]",立即联系兽医并进行安全、渐进保温；反应差或呼吸异常时立即急诊，不要在低体温时强行灌喂。,"[""反应极弱"", ""呼吸异常"", ""无法吞咽""]",新生幼犬幼猫身体发凉；小奶猫身体冰凉；刚出生小狗温度低；触感明显发凉；吸吮减弱；活动减少；新生动物体温调节能力有限；低体温会影响吸吮和消化并可伴随严重疾病；反应极弱；呼吸异常；无法吞咽,"[{""source_id"": ""PMC11640698"", ""title"": ""Neonatal Clinical Assessment of the Puppy and Kitten: How to Identify Newborns at Risk?"", ""url"": ""https://pmc.ncbi.nlm.nih.gov/articles/PMC11640698/"", ""license"": ""CC BY 4.0"", ""page_or_section"": ""Abstract"", ""verification_status"": ""source_identity_license_and_locator_verified_2026-08-12; veterinary_claim_review_pending"", ""support_note"": ""中文内容为保守概括；来源用于支持主题、物种和风险边界，不代表个体诊断。"", ""change_note"": ""已在 v1.4 核对来源身份、商业许可、题名和定位；未逐字复制。""}]",Only verified CC BY/CC0 evidence is retained; attribution and change notices are mandatory.,true,adversarial_review_fixes_applied_v1_6,blocked_pending_mainland_China_licensed_veterinarian_review,true,test,false,ec61364a61aa665a5bd91aad44bfb79c5d524d0ca282e4a2ee692ee63e53f680
MVP-PED-005,1.6.0-open-mvp-truth-repair-draft,zh-CN,幼犬幼猫断奶期软便,"[""cat"", ""dog""]",pediatrics,common_disease_health_education_and_triage,"[""小狗断奶后拉软便"", ""幼猫换奶粮腹泻""]","[""断奶或换食期粪便变软"", ""食欲可能正常""]","[""断奶期饮食和肠道环境变化可影响粪便"", ""寄生虫和传染病也常见，不能都归因于换粮""]","[""是否完成首次驱虫或按计划驱虫？疫苗接种到哪一针？"", ""食欲和饮水是否正常或下降？"", ""腹泻持续多久、每天几次？""]",记录出现时间、频率、照片或视频以及食欲、饮水、排尿排便和活动变化；出现任一红旗症状（频繁水样或血样腹泻、呕吐、虚弱脱水）应立即就医或急诊；由兽医结合体检及必要检查判断，不要仅凭知识卡自行确诊或用药。,"[""频繁水样或血样腹泻"", ""呕吐"", ""虚弱脱水""]",幼犬幼猫断奶期软便；小狗断奶后拉软便；幼猫换奶粮腹泻；断奶或换食期粪便变软；食欲可能正常；断奶期饮食和肠道环境变化可影响粪便；寄生虫和传染病也常见，不能都归因于换粮；频繁水样或血样腹泻；呕吐；虚弱脱水,"[{""source_id"": ""PMC9951692"", ""title"": ""Factors Affecting Gut Microbiota of Puppies from Birth to Weaning"", ""url"": ""https://pmc.ncbi.nlm.nih.gov/articles/PMC9951692/"", ""license"": ""CC BY 4.0"", ""page_or_section"": ""Abstract"", ""verification_status"": ""source_identity_license_and_locator_verified_2026-08-12; veterinary_claim_review_pending"", ""support_note"": ""中文内容为保守概括；来源用于支持主题、物种和风险边界，不代表个体诊断。"", ""change_note"": ""已在 v1.4 核对来源身份、商业许可、题名和定位；未逐字复制。""}, {""source_id"": ""PMC8697871"", ""title"": ""Kittens That Nurse 7 Weeks or Longer Are Less Likely to Become Overweight Adult Cats"", ""url"": ""https://pmc.ncbi.nlm.nih.gov/articles/PMC8697871/"", ""license"": ""CC BY 4.0"", ""page_or_section"": ""Abstract"", ""verification_status"": ""source_identity_license_and_locator_verified_2026-08-12; veterinary_claim_review_pending"", ""support_note"": ""中文内容为保守概括；来源用于支持主题、物种和风险边界，不代表个体诊断。"", ""change_note"": ""已在 v1.4 核对来源身份、商业许可、题名和定位；未逐字复制。""}]",Only verified CC BY/CC0 evidence is retained; attribution and change notices are mandatory.,true,adversarial_review_fixes_applied_v1_6,blocked_pending_mainland_China_licensed_veterinarian_review,true,test,false,c40fd3234ea8b1decaad35158d3c7786dccde76fa99cfb40c20fdecd687912f6
MVP-PED-006,1.6.0-open-mvp-truth-repair-draft,zh-CN,幼犬幼猫如何安全过渡到固体食物,"[""cat"", ""dog""]",pediatrics,common_disease_health_education_and_triage,"[""幼猫什么时候吃猫粮"", ""幼犬怎么断奶""]","[""开始对母体食物感兴趣"", ""乳牙和咀嚼能力逐渐发展""]","[""断奶是渐进过程，突然更换食物可造成应激和胃肠变化"", ""饮食需要满足生长期营养需求""]","[""幼崽现在多大（周龄或月龄）？"", ""最近一次称得的体重是多少（克或公斤）？"", ""目前是否仍随母体生活？""]",若幼崽状态平稳且已到可引入固体食物阶段：选择适龄幼犬/幼猫粮，用温水或配方乳泡软成粥状，少量多次提供，仍保留母乳/替代乳/原食物；根据体重、食欲和排便情况逐步减少浸泡液体并调整饲喂次数，不要突然全部替换。若出现任一红旗症状（拒食并虚弱、持续呕吐腹泻、体重不增长），应立即就医或急诊；同时记录出现时间、频率、照片或视频及食欲、饮水、排尿排便和活动变化，由兽医结合体检及必要检查判断，不要仅凭知识卡自行确诊或用药。,"[""拒食并虚弱"", ""持续呕吐腹泻"", ""体重不增长""]",幼犬幼猫如何安全过渡到固体食物；幼猫什么时候吃猫粮；幼犬怎么断奶；开始对母体食物感兴趣；乳牙和咀嚼能力逐渐发展；断奶是渐进过程，突然更换食物可造成应激和胃肠变化；饮食需要满足生长期营养需求；拒食并虚弱；持续呕吐腹泻；体重不增长,"[{""source_id"": ""PMC9951692"", ""title"": ""Factors Affecting Gut Microbiota of Puppies from Birth to Weaning"", ""url"": ""https://pmc.ncbi.nlm.nih.gov/articles/PMC9951692/"", ""license"": ""CC BY 4.0"", ""page_or_section"": ""Abstract"", ""verification_status"": ""source_identity_license_and_locator_verified_2026-08-12; veterinary_claim_review_pending"", ""support_note"": ""中文内容为保守概括；来源用于支持主题、物种和风险边界，不代表个体诊断。"", ""change_note"": ""已在 v1.4 核对来源身份、商业许可、题名和定位；未逐字复制。""}, {""source_id"": ""PMC8697871"", ""title"": ""Kittens That Nurse 7 Weeks or Longer Are Less Likely to Become Overweight Adult Cats"", ""url"": ""https://pmc.ncbi.nlm.nih.gov/articles/PMC8697871/"", ""license"": ""CC BY 4.0"", ""page_or_section"": ""Abstract"", ""verification_status"": ""source_identity_license_and_locator_verified_2026-08-12; veterinary_claim_review_pending"", ""support_note"": ""中文内容为保守概括；来源用于支持主题、物种和风险边界，不代表个体诊断。"", ""change_note"": ""已在 v1.4 核对来源身份、商业许可、题名和定位；未逐字复制。""}]",Only verified CC BY/CC0 evidence is retained; attribution and change notices are mandatory.,true,adversarial_review_fixes_applied_v1_6,blocked_pending_mainland_China_licensed_veterinarian_review,true,test,false,64d4181ec60006faa44fddf7111b0e05fa31cfa1b1a27dbdf83ad27d4bee7557
MVP-PED-007,1.6.0-open-mvp-truth-repair-draft,zh-CN,幼犬换牙期啃咬增多,"[""dog""]",pediatrics,common_disease_health_education_and_triage,"[""幼犬换牙一直咬东西"", ""小狗牙痒""]","[""啃咬频率增加"", ""乳牙脱落和恒牙萌出""]","[""换牙和咀嚼是幼犬发育过程的一部分"", ""需要提供大小合适且不易断裂吞咽的安全物品""]","[""是否可能吞入异物？"", ""是否出现呕吐、腹痛、腹胀、排便异常或精神变差？"", ""牙龈或口腔是否大量出血或持续出血？""]",记录出现时间、频率、照片或视频以及食欲、饮水、排尿排便和活动变化；出现任一红旗表现应立即就医或急诊；由兽医结合体检及必要检查判断，不要仅凭知识卡自行确诊或用药。,"[""窒息或吞咽困难"", ""大量出血"", ""疑似吞下尖锐物"", ""疑似吞下任何非尖锐异物后出现持续呕吐、腹痛、腹胀、排便减少或停止、精神沉郁""]",幼犬换牙期啃咬增多；幼犬换牙一直咬东西；小狗牙痒；啃咬频率增加；乳牙脱落和恒牙萌出；换牙和咀嚼是幼犬发育过程的一部分；需要提供大小合适且不易断裂吞咽的安全物品；窒息或吞咽困难；大量出血；疑似吞下任何异物（尤其线状、大块或尖锐物）后出现呕吐、腹痛、腹胀、排便异常或精神变差,"[{""source_id"": ""PMC11980702"", ""title"": ""Functional significance and welfare implications of chewing in dogs ( Canis familiaris )"", ""url"": ""https://pmc.ncbi.nlm.nih.gov/articles/PMC11980702/"", ""license"": ""CC BY 4.0"", ""page_or_section"": ""Abstract"", ""verification_status"": ""source_identity_license_and_locator_verified_2026-08-12; veterinary_claim_review_pending"", ""support_note"": ""中文内容为保守概括；来源用于支持主题、物种和风险边界，不代表个体诊断。"", ""change_note"": ""已在 v1.4 核对来源身份、商业许可、题名和定位；未逐字复制。""}]",Only verified CC BY/CC0 evidence is retained; attribution and change notices are mandatory.,true,adversarial_review_fixes_applied_v1_6,blocked_pending_mainland_China_licensed_veterinarian_review,true,test,false,a5bc0ab54bd42e411112c2cf2077df9f03706e53c2642477494a403694482544
MVP-PED-008,1.6.0-open-mvp-truth-repair-draft,zh-CN,幼猫换牙期持续口臭或牙龈发红需检查,"[""cat""]",pediatrics,common_disease_health_education_and_triage,"[""幼猫换牙口臭"", ""小猫牙龈红""]","[""换牙期口腔气味变化"", ""轻微牙龈红"", ""可能见乳牙脱落""]","[""幼猫口腔异味或牙龈红肿不应简单归因于换牙"", ""持续疼痛、流涎或拒食需要口腔检查""]","[""是否出现张口呼吸或呼吸困难？"", ""是否完全无法进食或饮水？"", ""是否一侧牙龈或面部出现肿胀？""]",记录出现时间、频率、照片或视频以及食欲、饮水、排尿排便和活动变化；由兽医结合体检及必要检查判断，不要仅凭知识卡自行确诊或用药；若出现上述任一红旗表现，请立即就医或急诊。,"[""无法进食"", ""持续出血"", ""面部肿胀"", ""呼吸困难/张口呼吸"", ""精神萎靡或嗜睡""]",幼猫换牙期持续口臭或牙龈发红需检查；幼猫换牙口臭；小猫牙龈红；换牙期口腔气味变化；轻微牙龈红；可能见乳牙脱落；幼猫口腔异味或牙龈红肿不应简单归因于换牙；持续疼痛、流涎或拒食需要口腔检查；无法进食；持续出血；面部肿胀；呼吸困难/张口呼吸；精神萎靡或嗜睡,"[{""source_id"": ""PMC8469879"", ""title"": ""Dental Problems and Prophylactic Care in Cats—Knowledge and Perceptions among Swedish Cat Owners and Communication by Veterinary Care Staff"", ""url"": ""https://pmc.ncbi.nlm.nih.gov/articles/PMC8469879/"", ""license"": ""CC BY 4.0"", ""page_or_section"": ""Abstract"", ""verification_status"": ""source_identity_license_and_locator_verified_2026-08-12; veterinary_claim_review_pending"", ""support_note"": ""中文内容为保守概括；来源用于支持主题、物种和风险边界，不代表个体诊断。"", ""change_note"": ""已在 v1.4 核对来源身份、商业许可、题名和定位；未逐字复制。""}]",Only verified CC BY/CC0 evidence is retained; attribution and change notices are mandatory.,true,adversarial_review_fixes_applied_v1_6,blocked_pending_mainland_China_licensed_veterinarian_review,true,test,false,fcc259ccbe89199ce2385065bc2a9e7cff7f76e9dcc6dee331b202e207605e8f
MVP-PED-009,1.6.0-open-mvp-truth-repair-draft,zh-CN,幼犬幼猫肚脐鼓包需检查,"[""cat"", ""dog""]",pediatrics,common_disease_health_education_and_triage,"[""小猫肚脐有个包"", ""幼犬脐疝""]","[""脐部柔软或可变大小的凸起""]","[""幼犬幼猫脐部膨出需要检查大小、内容物和是否疼痛"", ""突然变硬、变色、疼痛或伴呕吐时需尽快就医""]","[""脐部包块是否突然变硬或疼痛？"", ""是否出现呕吐或腹胀？"", ""包块颜色是否变紫、变黑或变暗？""]",记录出现时间、频率、照片或视频以及食欲、饮水、排尿排便和活动变化；由兽医结合体检及必要检查判断，不要仅凭知识卡自行确诊或用药；若出现上述任一红旗表现，请立即就医或急诊。,"[""包块突然变硬疼痛"", ""呕吐腹胀"", ""精神明显下降"", ""包块颜色变紫、变黑或变暗""]",幼犬幼猫肚脐鼓包需检查；小猫肚脐有个包；幼犬脐疝；脐部柔软或可变大小的凸起；幼犬幼猫脐部膨出需要检查大小、内容物和是否疼痛；突然变硬、变色、疼痛或伴呕吐时需尽快就医；包块突然变硬疼痛；呕吐腹胀；精神明显下降；包块颜色变紫、变黑或变暗,"[{""source_id"": ""PMC11640698"", ""title"": ""Neonatal Clinical Assessment of the Puppy and Kitten: How to Identify Newborns at Risk?"", ""url"": ""https://pmc.ncbi.nlm.nih.gov/articles/PMC11640698/"", ""license"": ""CC BY 4.0"", ""page_or_section"": ""Abstract"", ""verification_status"": ""source_identity_license_and_locator_verified_2026-08-12; veterinary_claim_review_pending"", ""support_note"": ""中文内容为保守概括；来源用于支持主题、物种和风险边界，不代表个体诊断。"", ""change_note"": ""已在 v1.4 核对来源身份、商业许可、题名和定位；未逐字复制。""}]",Only verified CC BY/CC0 evidence is retained; attribution and change notices are mandatory.,true,adversarial_review_fixes_applied_v1_6,blocked_pending_mainland_China_licensed_veterinarian_review,true,test,false,229e5ed90a75939c9122033e2192f4d8ca30e8f72b2ef936a8b6cd0ac68559d4
MVP-PED-010,1.6.0-open-mvp-truth-repair-draft,zh-CN,幼犬幼猫体重增长过慢,"[""cat"", ""dog""]",pediatrics,common_disease_health_education_and_triage,"[""幼猫长不大"", ""小狗比同窝瘦很多""]","[""体重增长落后同窝"", ""肌肉或体况较差""]","[""生长迟缓可与摄入不足、寄生虫、先天或慢性疾病有关"", ""单次体重不能替代连续生长曲线""]","[""是否连续测量过体重？请说明每日或每周的体重变化趋势，是持续不增、增长缓慢还是下降？"", ""它每天实际吃到的食物量是否充足？是否存在同窝抢食或食欲明显下降？"", ""粪便性状和排便频率是否正常？最近是否按规程做过驱虫？""]",记录出现时间、频率、照片或视频以及食欲、饮水、排尿排便和活动变化；由兽医结合体检及必要检查判断，不要仅凭知识卡自行确诊或用药；若出现上述任一红旗表现，请立即就医或急诊。,"[""体重持续下降"", ""拒食呕吐腹泻"", ""精神差或嗜睡"", ""虚弱无力"", ""抽搐或震颤"", ""低体温或皮肤发凉"", ""脱水"", ""呼吸困难或发紫""]",幼犬幼猫体重增长过慢；幼猫长不大；小狗比同窝瘦很多；体重增长落后同窝；肌肉或体况较差；生长迟缓可与摄入不足、寄生虫、先天或慢性疾病有关；单次体重不能替代连续生长曲线；体重持续下降；拒食呕吐腹泻；精神差或嗜睡；虚弱无力；抽搐或震颤；低体温或皮肤发凉；脱水；呼吸困难或发紫,"[{""source_id"": ""PMC11640698"", ""title"": ""Neonatal Clinical Assessment of the Puppy and Kitten: How to Identify Newborns at Risk?"", ""url"": ""https://pmc.ncbi.nlm.nih.gov/articles/PMC11640698/"", ""license"": ""CC BY 4.0"", ""page_or_section"": ""Abstract"", ""verification_status"": ""source_identity_license_and_locator_verified_2026-08-12; veterinary_claim_review_pending"", ""support_note"": ""中文内容为保守概括；来源用于支持主题、物种和风险边界，不代表个体诊断。"", ""change_note"": ""已在 v1.4 核对来源身份、商业许可、题名和定位；未逐字复制。""}]",Only verified CC BY/CC0 evidence is retained; attribution and change notices are mandatory.,true,adversarial_review_fixes_applied_v1_6,blocked_pending_mainland_China_licensed_veterinarian_review,true,test,false,dd2b64a998b67c7a3e9a880b9ee138be8ceb60cafcac68f8b42a20bb712321be
MVP-PED-011,1.6.0-open-mvp-truth-repair-draft,zh-CN,幼犬幼猫生病后疫苗是否延后,"[""cat"", ""dog""]",pediatrics,common_disease_health_education_and_triage,"[""拉肚子还能打疫苗吗"", ""感冒了能不能打针""]","[""计划接种时存在发热、呕吐腹泻或明显精神差""]","[""疫苗计划需要结合动物当前健康状态和既往接种史个体化决定"", ""不应自行补打或重复接种""]","[""近期是否使用过糖皮质激素、环孢素等免疫抑制药物？"", ""是否出现呼吸困难？"", ""是否明显虚弱或精神差？""]",出现任一红旗症状（持续呕吐腹泻、呼吸困难、明显虚弱或高热）应立即就医或急诊；记录出现时间、频率、照片或视频以及食欲、饮水、排尿排便和活动变化；由兽医结合体检及必要检查判断，不要仅凭知识卡自行确诊或用药。,"[""持续呕吐腹泻"", ""呼吸困难"", ""明显虚弱或高热""]",幼犬幼猫生病后疫苗是否延后；拉肚子还能打疫苗吗；感冒了能不能打针；计划接种时存在发热、呕吐腹泻或明显精神差；疫苗计划需要结合动物当前健康状态和既往接种史个体化决定；不应自行补打或重复接种；持续呕吐腹泻；呼吸困难；明显虚弱或高热,"[{""source_id"": ""PMC7910975"", ""title"": ""Early Life Vaccination of Companion Animal Pets"", ""url"": ""https://pmc.ncbi.nlm.nih.gov/articles/PMC7910975/"", ""license"": ""CC BY 4.0"", ""page_or_section"": ""Abstract"", ""verification_status"": ""source_identity_license_and_locator_verified_2026-08-12; veterinary_claim_review_pending"", ""support_note"": ""中文内容为保守概括；来源用于支持主题、物种和风险边界，不代表个体诊断。"", ""change_note"": ""已在 v1.4 核对来源身份、商业许可、题名和定位；未逐字复制。""}]",Only verified CC BY/CC0 evidence is retained; attribution and change notices are mandatory.,true,adversarial_review_fixes_applied_v1_6,blocked_pending_mainland_China_licensed_veterinarian_review,true,test,false,51021752d229c3ebf39bd3c2f46349247eaf035a4c37d8d5315507d1e9c20657
MVP-PED-012,1.6.0-open-mvp-truth-repair-draft,zh-CN,幼犬幼猫社会化不能忽视传染病风险,"[""cat"", ""dog""]",pediatrics,common_disease_health_education_and_triage,"[""没打完疫苗怎么社会化"", ""幼犬能不能见别的狗""]","[""幼犬/幼猫尚未完成基础免疫，同时表现为对陌生刺激敏感或缺乏社交经验""]","[""早期社会经验影响后续行为"", ""暴露方式需要结合免疫进度和当地传染病风险进行风险管理""]","[""幼犬/幼猫目前是否出现呕吐、腹泻、咳嗽、发热、精神下降、抽搐或呼吸困难等任一异常？"", ""目前基础免疫进度如何（已完成哪些疫苗/第几针）？"", ""计划的社会化接触场景是哪种：已确认健康且免疫完全的动物一对一、兽医指导的社交班，还是狗公园/宠物店等高流量公共区域？""]",避免前往狗公园、宠物店等高流量公共区域；可选择已确认健康且免疫完全的成年动物进行一对一接触，或参加兽医指导的幼犬/幼猫社交班。继续按免疫计划接种，并咨询兽医进行个体化风险判断。若出现任一红旗表现，请立即就医或前往急诊。,"[""暴露后出现呕吐腹泻"", ""咳嗽发热"", ""明显精神下降"", ""抽搐或步态异常"", ""呼吸困难"", ""出血性腹泻"", ""快速脱水""]",幼犬幼猫社会化不能忽视传染病风险；没打完疫苗怎么社会化；幼犬能不能见别的狗；幼犬/幼猫尚未完成基础免疫，同时表现为对陌生刺激敏感或缺乏社交经验；早期社会经验影响后续行为；暴露方式需要结合免疫进度和当地传染病风险进行风险管理；暴露后出现呕吐腹泻；咳嗽发热；明显精神下降；抽搐或步态异常；呼吸困难；出血性腹泻；快速脱水,"[{""source_id"": ""PMC7910975"", ""title"": ""Early Life Vaccination of Companion Animal Pets"", ""url"": ""https://pmc.ncbi.nlm.nih.gov/articles/PMC7910975/"", ""license"": ""CC BY 4.0"", ""page_or_section"": ""Abstract"", ""verification_status"": ""source_identity_license_and_locator_verified_2026-08-12; veterinary_claim_review_pending"", ""support_note"": ""中文内容为保守概括；来源用于支持主题、物种和风险边界，不代表个体诊断。"", ""change_note"": ""已在 v1.4 核对来源身份、商业许可、题名和定位；未逐字复制。""}]",Only verified CC BY/CC0 evidence is retained; attribution and change notices are mandatory.,true,adversarial_review_fixes_applied_v1_6,blocked_pending_mainland_China_licensed_veterinarian_review,true,test,false,4b0aa22a25db195143af5f573088258628498e879171168a6c5a14e6655170ca
MVP-SENIOR-001,1.6.0-open-mvp-truth-repair-draft,zh-CN,老年犬夜间醒来走动或叫,"[""dog""]",senior_cognitive,common_disease_health_education_and_triage,"[""老狗晚上不睡一直走"", ""老狗半夜叫""]","[""昼夜节律改变"", ""夜间徘徊或发声""]","[""睡眠觉醒改变是犬认知功能障碍的常见行为维度之一"", ""疼痛、泌尿问题和内分泌疾病也需排除""]","[""夜间醒来走动或叫的情况出现多久了？"", ""每晚大约发生几次？"", ""最近排尿习惯是否有变化，例如夜间排尿次数增加？""]",记录发作时间、频率、视频及食欲、饮水、排尿排便和活动变化；出现任一红旗（如无法安静并持续喘气/呼吸费力、持续呻吟或不愿移动、突然意识异常、倒地或抽搐）时应立即就医或急诊；其他情况也需由兽医评估，不要自行确诊或用药。,"[""无法安静并持续喘气/呼吸费力"", ""持续呻吟或不愿移动"", ""突然意识异常"", ""倒地或抽搐""]",老年犬夜间醒来走动或叫；老狗晚上不睡一直走；老狗半夜叫；昼夜节律改变；夜间徘徊或发声；睡眠觉醒改变是犬认知功能障碍的常见行为维度之一；疼痛、泌尿问题和内分泌疾病也需排除；无法安静并持续喘痛；突然意识异常；倒地或抽搐,"[{""source_id"": ""PMC12390195"", ""title"": ""Diagnosis of Canine Cognitive Dysfunction Syndrome: A Narrative Review"", ""url"": ""https://pmc.ncbi.nlm.nih.gov/articles/PMC12390195/"", ""license"": ""CC BY 4.0"", ""page_or_section"": ""Abstract"", ""verification_status"": ""source_identity_license_and_locator_verified_2026-08-12; veterinary_claim_review_pending"", ""support_note"": ""中文内容为保守概括；来源用于支持主题、物种和风险边界，不代表个体诊断。"", ""change_note"": ""已在 v1.4 核对来源身份、商业许可、题名和定位；未逐字复制。""}]",Only verified CC BY/CC0 evidence is retained; attribution and change notices are mandatory.,true,adversarial_review_fixes_applied_v1_6,blocked_pending_mainland_China_licensed_veterinarian_review,true,test,false,1ccce5667fb5c60b2ed996b1728097971cd42e5d38f71a49896fdde463ecf9e5
MVP-SENIOR-002,1.6.0-open-mvp-truth-repair-draft,zh-CN,老年犬在熟悉环境中迷路,"[""dog""]",senior_cognitive,common_disease_health_education_and_triage,"[""老狗在家找不到门"", ""对着墙发呆""]","[""卡在角落"", ""找不到门或食盆"", ""凝视墙面""]","[""空间定向障碍可见于犬认知功能下降"", ""视力听力下降和脑部疾病也可造成相似表现""]","[""这些表现是突然出现并快速加重的吗？"", ""它有没有绕圈、头歪或眼球震颤？"", ""最近有没有视力或听力明显下降的表现？""]",记录出现时间、频率、照片或视频以及食欲、饮水、排尿排便和活动变化；出现任一红旗症状（如突然恶化、无法站立、抽搐、意识异常、绕圈、头歪或眼球震颤）应立即就医或急诊；其他情况也建议由兽医结合体检及必要检查尽快判断，不要仅凭知识卡自行确诊或用药。,"[""突然发生并快速恶化"", ""无法站立"", ""抽搐或意识异常"", ""绕圈、头歪或眼球震颤""]",老年犬在熟悉环境中迷路；老狗在家找不到门；对着墙发呆；卡在角落；找不到门或食盆；凝视墙面；空间定向障碍可见于犬认知功能下降；视力听力下降和脑部疾病也可造成相似表现；突然发生并快速恶化；无法站立；抽搐或意识异常,"[{""source_id"": ""PMC12390195"", ""title"": ""Diagnosis of Canine Cognitive Dysfunction Syndrome: A Narrative Review"", ""url"": ""https://pmc.ncbi.nlm.nih.gov/articles/PMC12390195/"", ""license"": ""CC BY 4.0"", ""page_or_section"": ""Abstract"", ""verification_status"": ""source_identity_license_and_locator_verified_2026-08-12; veterinary_claim_review_pending"", ""support_note"": ""中文内容为保守概括；来源用于支持主题、物种和风险边界，不代表个体诊断。"", ""change_note"": ""已在 v1.4 核对来源身份、商业许可、题名和定位；未逐字复制。""}]",Only verified CC BY/CC0 evidence is retained; attribution and change notices are mandatory.,true,adversarial_review_fixes_applied_v1_6,blocked_pending_mainland_China_licensed_veterinarian_review,true,test,false,405857d4bbf98a7cd1b226ef1b6a57fc82bc7fc16320525e03c1363f55b528d0
MVP-SENIOR-003,1.6.0-open-mvp-truth-repair-draft,zh-CN,老年犬突然开始在家排泄,"[""dog""]",senior_cognitive,common_disease_health_education_and_triage,"[""老狗突然在家尿"", ""以前会定点现在不会""]","[""室内排尿排便"", ""似乎忘记外出习惯""]","[""如厕习惯改变可属于认知变化，也常见于泌尿、胃肠、行动不便或内分泌疾病"", ""必须先排除医学原因""]","[""是否频繁摆出排尿姿势但尿很少或尿不出，或尿液带血？"", ""饮水量和尿量是否明显比平时增多或减少？"", ""是否出现行动不便、上下台阶或起身困难但未完全无法站立？""]",记录出现时间、频率、照片或视频以及食欲、饮水、排尿排便和活动变化；由兽医结合体检及必要检查判断，不要仅凭知识卡自行确诊或用药；若出现上述任一红旗表现，请立即就医或急诊。,"[""无尿或血尿"", ""持续腹泻呕吐"", ""突然瘫痪""]",老年犬突然开始在家排泄；老狗突然在家尿；以前会定点现在不会；室内排尿排便；似乎忘记外出习惯；如厕习惯改变可属于认知变化，也常见于泌尿、胃肠、行动不便或内分泌疾病；必须先排除医学原因；无尿或血尿；持续腹泻呕吐；突然瘫痪,"[{""source_id"": ""PMC12390195"", ""title"": ""Diagnosis of Canine Cognitive Dysfunction Syndrome: A Narrative Review"", ""url"": ""https://pmc.ncbi.nlm.nih.gov/articles/PMC12390195/"", ""license"": ""CC BY 4.0"", ""page_or_section"": ""Abstract"", ""verification_status"": ""source_identity_license_and_locator_verified_2026-08-12; veterinary_claim_review_pending"", ""support_note"": ""中文内容为保守概括；来源用于支持主题、物种和风险边界，不代表个体诊断。"", ""change_note"": ""已在 v1.4 核对来源身份、商业许可、题名和定位；未逐字复制。""}]",Only verified CC BY/CC0 evidence is retained; attribution and change notices are mandatory.,true,adversarial_review_fixes_applied_v1_6,blocked_pending_mainland_China_licensed_veterinarian_review,true,test,false,42ce2b30ae87cdc2835d1f382923c9cde265e50854520e3b651700dea9b9f840
MVP-SENIOR-004,1.6.0-open-mvp-truth-repair-draft,zh-CN,老年犬与家人互动明显减少,"[""dog""]",senior_cognitive,common_disease_health_education_and_triage,"[""老狗不理人了"", ""老狗变得很孤僻""]","[""互动减少"", ""对熟悉活动兴趣下降""]","[""社会互动改变可能与认知老化有关"", ""疼痛、听视力下降和其他疾病也会减少互动""]","[""食欲是否下降，甚至完全不吃？"", ""是否对呼唤或声音反应减弱？"", ""是否出现视力下降（如碰撞、找不到食物或水）？""]",记录出现时间、频率、照片或视频以及食欲、饮水、排尿排便和活动变化；出现任一红旗（完全拒食、明显疼痛、快速消瘦或呼吸困难）应立即就医或急诊；由兽医结合体检及必要检查判断，不要仅凭知识卡自行确诊或用药。,"[""完全拒食"", ""明显疼痛"", ""快速消瘦或呼吸困难""]",老年犬与家人互动明显减少；老狗不理人了；老狗变得很孤僻；互动减少；对熟悉活动兴趣下降；社会互动改变可能与认知老化有关；疼痛、听视力下降和其他疾病也会减少互动；完全拒食；明显疼痛；快速消瘦或呼吸困难,"[{""source_id"": ""PMC8470385"", ""title"": ""Successful and Unsuccessful Brain Aging in Pets: Pathophysiological Mechanisms behind Clinical Signs and Potential Benefits from Palmitoylethanolamide Nutritional Intervention"", ""url"": ""https://pmc.ncbi.nlm.nih.gov/articles/PMC8470385/"", ""license"": ""CC BY 4.0"", ""page_or_section"": ""Abstract"", ""verification_status"": ""source_identity_license_and_locator_verified_2026-08-12; veterinary_claim_review_pending"", ""support_note"": ""中文内容为保守概括；来源用于支持主题、物种和风险边界，不代表个体诊断。"", ""change_note"": ""已在 v1.4 核对来源身份、商业许可、题名和定位；未逐字复制。""}]",Only verified CC BY/CC0 evidence is retained; attribution and change notices are mandatory.,true,adversarial_review_fixes_applied_v1_6,blocked_pending_mainland_China_licensed_veterinarian_review,true,test,false,61d8807136735e75a279af9918dec3993d00c72d6bc510e5e719682d6aaa0975
MVP-SENIOR-005,1.6.0-open-mvp-truth-repair-draft,zh-CN,老年猫夜间大声叫,"[""cat""]",senior_cognitive,common_disease_health_education_and_triage,"[""老猫晚上一直叫"", ""老猫半夜嚎叫""]","[""夜间发声增加"", ""睡眠节律变化"", ""可能显得不安""]","[""老年猫认知功能下降可伴夜间发声"", ""甲亢、高血压、疼痛和感觉下降也常见""]","[""猫咪最近有没有体重明显下降、食欲增加或喝水量变多？"", ""猫咪有没有出现视力或听力下降，比如对声音反应变差、找不到熟悉的东西？"", ""猫咪活动时有没有显得僵硬、不愿意跳高或上下楼梯？""]",记录出现时间、频率、照片或视频以及食欲、饮水、排尿排便和活动变化；出现任一红旗症状（呼吸困难、突然失明、持续呕吐拒食）应立即就医或急诊；其他情况由兽医结合体检及必要检查判断，不要仅凭知识卡自行确诊或用药。,"[""呼吸困难"", ""突然失明"", ""持续呕吐拒食""]",老年猫夜间大声叫；老猫晚上一直叫；老猫半夜嚎叫；夜间发声增加；睡眠节律变化；可能显得不安；老年猫认知功能下降可伴夜间发声；甲亢、高血压、疼痛和感觉下降也常见；呼吸困难；突然失明；持续呕吐拒食,"[{""source_id"": ""PMC7819322"", ""title"": ""Feline cognitive dysfunction as a model for Alzheimer’s disease in the research of CBD as a potential treatment—a narrative review"", ""url"": ""https://pmc.ncbi.nlm.nih.gov/articles/PMC7819322/"", ""license"": ""CC BY 4.0"", ""page_or_section"": ""Abstract"", ""verification_status"": ""source_identity_license_and_locator_verified_2026-08-12; veterinary_claim_review_pending"", ""support_note"": ""中文内容为保守概括；来源用于支持主题、物种和风险边界，不代表个体诊断。"", ""change_note"": ""已在 v1.4 核对来源身份、商业许可、题名和定位；未逐字复制。""}]",Only verified CC BY/CC0 evidence is retained; attribution and change notices are mandatory.,true,adversarial_review_fixes_applied_v1_6,blocked_pending_mainland_China_licensed_veterinarian_review,true,test,false,17c34fc1cda67609528db09569bfe218fcf1f546673acec56eb11c92cb769d3d
MVP-SENIOR-006,1.6.0-open-mvp-truth-repair-draft,zh-CN,老年猫在熟悉家中显得迷茫,"[""cat""]",senior_cognitive,common_disease_health_education_and_triage,"[""老猫像不认识家"", ""猫对着墙发呆""]","[""在熟悉环境迷路"", ""盯墙或无目的走动""]","[""定向和学习记忆变化可见于猫认知功能下降"", ""神经、视力和代谢疾病需排除""]","[""是否视力下降或经常撞到东西？"", ""是否头歪、绕圈或失去平衡？"", ""这些表现是突然出现还是逐渐加重的？""]",若出现任一红旗症状，应立即联系兽医急诊或前往急诊。若无红旗症状，可记录出现时间、频率、照片或视频以及食欲、饮水、排尿排便和活动变化；由兽医结合体检及必要检查判断，不要仅凭知识卡自行确诊或用药。,"[""突然意识异常"", ""无法站立"", ""抽搐""]",老年猫在熟悉家中显得迷茫；老猫像不认识家；猫对着墙发呆；在熟悉环境迷路；盯墙或无目的走动；定向和学习记忆变化可见于猫认知功能下降；神经、视力和代谢疾病需排除；突然意识异常；无法站立；抽搐,"[{""source_id"": ""PMC7819322"", ""title"": ""Feline cognitive dysfunction as a model for Alzheimer’s disease in the research of CBD as a potential treatment—a narrative review"", ""url"": ""https://pmc.ncbi.nlm.nih.gov/articles/PMC7819322/"", ""license"": ""CC BY 4.0"", ""page_or_section"": ""Abstract"", ""verification_status"": ""source_identity_license_and_locator_verified_2026-08-12; veterinary_claim_review_pending"", ""support_note"": ""中文内容为保守概括；来源用于支持主题、物种和风险边界，不代表个体诊断。"", ""change_note"": ""已在 v1.4 核对来源身份、商业许可、题名和定位；未逐字复制。""}]",Only verified CC BY/CC0 evidence is retained; attribution and change notices are mandatory.,true,adversarial_review_fixes_applied_v1_6,blocked_pending_mainland_China_licensed_veterinarian_review,true,test,false,67d4e82fab54afbe86fe5846bbd8902a466c8a60591677a304c78c333419cbe6
MVP-SENIOR-007,1.6.0-open-mvp-truth-repair-draft,zh-CN,老年宠物行为变化先排除疼痛和疾病,"[""cat"", ""dog""]",senior_cognitive,common_disease_health_education_and_triage,"[""老了性格变了正常吗"", ""老年宠物突然脾气差""]","[""易怒、躲避、活动或互动变化""]","[""认知功能障碍是排除诊断"", ""疼痛、感觉下降、内分泌和神经疾病都可能引起行为变化""]","[""是否突然出现抽搐、倒地或意识异常？"", ""是否不愿被触碰或跳跃？"", ""是否多饮多尿？""]",记录出现时间、频率、照片或视频以及食欲、饮水、排尿排便和活动变化；由兽医结合体检及必要检查判断，不要仅凭知识卡自行确诊或用药；若出现上述任一红旗表现，请立即就医或急诊。,"[""剧烈疼痛"", ""突然攻击伴意识异常"", ""倒地或抽搐""]",老年宠物行为变化先排除疼痛和疾病；老了性格变了正常吗；老年宠物突然脾气差；易怒、躲避、活动或互动变化；认知功能障碍是排除诊断；疼痛、感觉下降、内分泌和神经疾病都可能引起行为变化；剧烈疼痛；突然攻击伴意识异常；倒地或抽搐,"[{""source_id"": ""PMC8470385"", ""title"": ""Successful and Unsuccessful Brain Aging in Pets: Pathophysiological Mechanisms behind Clinical Signs and Potential Benefits from Palmitoylethanolamide Nutritional Intervention"", ""url"": ""https://pmc.ncbi.nlm.nih.gov/articles/PMC8470385/"", ""license"": ""CC BY 4.0"", ""page_or_section"": ""Abstract"", ""verification_status"": ""source_identity_license_and_locator_verified_2026-08-12; veterinary_claim_review_pending"", ""support_note"": ""中文内容为保守概括；来源用于支持主题、物种和风险边界，不代表个体诊断。"", ""change_note"": ""已在 v1.4 核对来源身份、商业许可、题名和定位；未逐字复制。""}]",Only verified CC BY/CC0 evidence is retained; attribution and change notices are mandatory.,true,adversarial_review_fixes_applied_v1_6,blocked_pending_mainland_China_licensed_veterinarian_review,true,test,false,3a96fe7298bb20717788fec13b0a47b0f3abc5730efc6c16192e388192baf44e
MVP-SENIOR-008,1.6.0-open-mvp-truth-repair-draft,zh-CN,老年认知变化如何做家庭记录,"[""cat"", ""dog""]",senior_cognitive,common_disease_health_education_and_triage,"[""宠物老年痴呆怎么记录"", ""要观察哪些行为""]","[""定向、互动、睡眠、排泄、活动和焦虑发生变化""]","[""结构化记录多个行为维度有助于发现趋势"", ""单次异常不足以判断认知功能障碍""]","[""这些行为变化平均每周出现几次？"", ""这些变化是否影响夜间睡眠或日常作息？"", ""食欲、饮水量或排尿量是否比平时明显增多或减少？""]",记录出现时间、频率、照片或视频以及食欲、饮水、排尿排便和活动变化；由兽医结合体检及必要检查判断，不要仅凭知识卡自行确诊或用药。出现任一红旗（短期快速恶化、突然意识异常、抽搐或无法站立）应立即就医或急诊。,"[""短期快速恶化"", ""突然意识异常"", ""抽搐或无法站立""]",老年认知变化如何做家庭记录；宠物老年痴呆怎么记录；要观察哪些行为；定向、互动、睡眠、排泄、活动和焦虑发生变化；结构化记录多个行为维度有助于发现趋势；单次异常不足以判断认知功能障碍；短期快速恶化；突然意识异常；抽搐或无法站立,"[{""source_id"": ""PMC12390195"", ""title"": ""Diagnosis of Canine Cognitive Dysfunction Syndrome: A Narrative Review"", ""url"": ""https://pmc.ncbi.nlm.nih.gov/articles/PMC12390195/"", ""license"": ""CC BY 4.0"", ""page_or_section"": ""Abstract"", ""verification_status"": ""source_identity_license_and_locator_verified_2026-08-12; veterinary_claim_review_pending"", ""support_note"": ""中文内容为保守概括；来源用于支持主题、物种和风险边界，不代表个体诊断。"", ""change_note"": ""已在 v1.4 核对来源身份、商业许可、题名和定位；未逐字复制。""}, {""source_id"": ""PMC7819322"", ""title"": ""Feline cognitive dysfunction as a model for Alzheimer’s disease in the research of CBD as a potential treatment—a narrative review"", ""url"": ""https://pmc.ncbi.nlm.nih.gov/articles/PMC7819322/"", ""license"": ""CC BY 4.0"", ""page_or_section"": ""Abstract"", ""verification_status"": ""source_identity_license_and_locator_verified_2026-08-12; veterinary_claim_review_pending"", ""support_note"": ""中文内容为保守概括；来源用于支持主题、物种和风险边界，不代表个体诊断。"", ""change_note"": ""已在 v1.4 核对来源身份、商业许可、题名和定位；未逐字复制。""}]",Only verified CC BY/CC0 evidence is retained; attribution and change notices are mandatory.,true,adversarial_review_fixes_applied_v1_6,blocked_pending_mainland_China_licensed_veterinarian_review,true,test,false,5ba4e0284c9ee67a8a5f5f50cda88cf33db5a428fb83d3e1d676a23cb9d17fcb
MVP-REPRO-005,1.6.0-open-mvp-truth-repair-draft,zh-CN,猫是否怀孕不能只摸肚子判断,"[""cat""]",reproductive,common_disease_health_education_and_triage,"[""猫肚子大是不是怀孕"", ""怎么确定母猫怀孕""]","[""腹围或乳头变化"", ""食欲和体重可能变化""]","[""猫妊娠确认需要结合配种史和兽医检查"", ""腹胀也可来自肥胖、子宫疾病或腹水""]","[""近2-3个月内是否有过交配或可能接触未绝育公猫？"", ""目前食欲是否正常？"", ""目前精神状态是否正常？""]",如果出现任一红旗表现（腹部疼痛、阴道异常分泌物、呼吸困难或虚弱），请立即就医或前往急诊；若没有上述紧急表现，可记录出现时间、频率、照片或视频以及食欲、饮水、排尿排便和活动变化，并由兽医结合体检及必要检查判断，不要仅凭知识卡自行确诊或用药。,"[""腹部疼痛"", ""阴道异常分泌物"", ""呼吸困难或虚弱""]",猫是否怀孕不能只摸肚子判断；猫肚子大是不是怀孕；怎么确定母猫怀孕；腹围或乳头变化；食欲和体重可能变化；猫妊娠确认需要结合配种史和兽医检查；腹胀也可来自肥胖、子宫疾病或腹水；腹部疼痛；阴道异常分泌物；呼吸困难或虚弱,"[{""source_id"": ""PMC9099157"", ""title"": ""Feline breeding and pregnancy management: What is normal and when to intervene"", ""url"": ""https://pmc.ncbi.nlm.nih.gov/articles/PMC9099157/"", ""license"": ""CC BY 4.0"", ""page_or_section"": ""Abstract"", ""verification_status"": ""source_identity_license_and_locator_verified_2026-08-12; veterinary_claim_review_pending"", ""support_note"": ""中文内容为保守概括；来源用于支持主题、物种和风险边界，不代表个体诊断。"", ""change_note"": ""已在 v1.4 核对来源身份、商业许可、题名和定位；未逐字复制。""}]",Only verified CC BY/CC0 evidence is retained; attribution and change notices are mandatory.,true,adversarial_review_fixes_applied_v1_6,blocked_pending_mainland_China_licensed_veterinarian_review,true,test,false,f50d7388e691b8602ec23cdb820196546c4738de3921a7c1062e32b13dac259d
MVP-REPRO-006,1.6.0-open-mvp-truth-repair-draft,zh-CN,怀孕母猫体重和食欲怎么观察,"[""cat""]",reproductive,common_disease_health_education_and_triage,"[""孕猫吃多少"", ""怀孕猫体重怎么长""]","[""每周体重是否稳定增加"", ""食欲是逐渐变化还是突然下降或拒食"", ""是否出现精神差、阴道分泌物等异常""]","[""母猫妊娠期需要连续观察体重和体况"", ""突然拒食、体重下降或精神差不是正常的单纯妊娠变化""]","[""现在大概怀孕多少周或处于怀孕哪个阶段？"", ""近期体重是稳定增加、下降还是基本不变？"", ""与平时相比，进食量大概减少多少，已经持续多久？""]",记录出现时间、频率、照片或视频以及食欲、饮水、排尿排便和活动变化；若出现任一红旗（完全拒食、阴道出血、明显虚弱或腹痛），应立即就医或急诊；由兽医结合体检及必要检查判断，不要仅凭知识卡自行确诊或用药。,"[""完全拒食"", ""阴道出血"", ""明显虚弱或腹痛""]",怀孕母猫体重和食欲怎么观察；孕猫吃多少；怀孕猫体重怎么长；妊娠期体重和食欲逐渐变化；母猫妊娠期需要连续观察体重和体况；突然拒食、体重下降或精神差不是正常的单纯妊娠变化；完全拒食；阴道出血；明显虚弱或腹痛,"[{""source_id"": ""PMC9099157"", ""title"": ""Feline breeding and pregnancy management: What is normal and when to intervene"", ""url"": ""https://pmc.ncbi.nlm.nih.gov/articles/PMC9099157/"", ""license"": ""CC BY 4.0"", ""page_or_section"": ""Abstract"", ""verification_status"": ""source_identity_license_and_locator_verified_2026-08-12; veterinary_claim_review_pending"", ""support_note"": ""中文内容为保守概括；来源用于支持主题、物种和风险边界，不代表个体诊断。"", ""change_note"": ""已在 v1.4 核对来源身份、商业许可、题名和定位；未逐字复制。""}]",Only verified CC BY/CC0 evidence is retained; attribution and change notices are mandatory.,true,adversarial_review_fixes_applied_v1_6,blocked_pending_mainland_China_licensed_veterinarian_review,true,test,false,92a0aa0acf9e5cd68c238f8512249370eb976a90f88c8b4d182548a77bd5959a
MVP-REPRO-007,1.6.0-open-mvp-truth-repair-draft,zh-CN,母犬妊娠期间不能自行补钙,"[""dog""]",reproductive,common_disease_health_education_and_triage,"[""怀孕狗要补钙吗"", ""母犬产前吃钙片""]","[""处于妊娠或哺乳期""]","[""妊娠和哺乳营养应使用完整平衡方案"", ""未经评估自行补充矿物质可能造成营养失衡""]","[""是否出现震颤、步态不稳、抽搐、持续喘息或高热中的任一红旗表现？"", ""当前主食是否为完整均衡的妊娠期或哺乳期犬粮？"", ""是否有既往低钙史？""]",不要自行给妊娠或哺乳期母犬补充钙制剂。应咨询兽医评估当前主食、胎数、体况及既往低钙史；若出现震颤、步态不稳、抽搐、持续喘息或高热等任一红旗表现，立即就医或急诊。,"[""震颤步态不稳"", ""抽搐"", ""持续喘息或高热""]",母犬妊娠期间不能自行补钙；怀孕狗要补钙吗；母犬产前吃钙片；处于妊娠或哺乳期；妊娠和哺乳营养应使用完整平衡方案；未经评估自行补充矿物质可能造成营养失衡；震颤步态不稳；抽搐；持续喘息或高热,"[{""source_id"": ""PMC9179255"", ""title"": ""Dead or Alive? A Review of Perinatal Factors That Determine Canine Neonatal Viability"", ""url"": ""https://pmc.ncbi.nlm.nih.gov/articles/PMC9179255/"", ""license"": ""CC BY 4.0"", ""page_or_section"": ""Abstract"", ""verification_status"": ""source_identity_license_and_locator_verified_2026-08-12; veterinary_claim_review_pending"", ""support_note"": ""中文内容为保守概括；来源用于支持主题、物种和风险边界，不代表个体诊断。"", ""change_note"": ""已在 v1.4 核对来源身份、商业许可、题名和定位；未逐字复制。""}]",Only verified CC BY/CC0 evidence is retained; attribution and change notices are mandatory.,true,adversarial_review_fixes_applied_v1_6,blocked_pending_mainland_China_licensed_veterinarian_review,true,test,false,f4e10c9bed89ed2cf1a256db3f0178305536f73bdf0ea8a826775394c14e4c21
MVP-REPRO-008,1.6.0-open-mvp-truth-repair-draft,zh-CN,母犬临近分娩需要准备哪些记录,"[""dog""]",reproductive,common_disease_health_education_and_triage,"[""狗快生了观察什么"", ""母犬生产前记录""]","[""筑巢、不安、食欲和体温可能变化""]","[""预产信息、配种日期、影像估计胎数和产程记录有助于识别难产"", ""单一体温变化不能准确判断全部情况""]","[""是否清楚配种日期及预估胎数？"", ""是否有既往难产史或剖宫产史？"", ""是否出现持续强烈努责但超过30分钟仍未见幼犬产出？""]",记录出现时间、频率、照片或视频以及食欲、饮水、排尿排便和活动变化；由兽医结合体检及必要检查判断，不要仅凭知识卡自行确诊或用药；出现任一红旗症状应立即就医或急诊。,"[""持续强烈努责无幼犬"", ""产程停滞伴虚弱"", ""大量出血或异常分泌物""]",母犬临近分娩需要准备哪些记录；狗快生了观察什么；母犬生产前记录；筑巢、不安、食欲和体温可能变化；预产信息、配种日期、影像估计胎数和产程记录有助于识别难产；单一体温变化不能准确判断全部情况；持续强烈努责无幼犬；产程停滞伴虚弱；大量出血或异常分泌物,"[{""source_id"": ""PMC9478343"", ""title"": ""Incidence and concomitant factors of cesarean sections in the bitch: A questionnaire study"", ""url"": ""https://pmc.ncbi.nlm.nih.gov/articles/PMC9478343/"", ""license"": ""CC BY 4.0"", ""page_or_section"": ""Abstract"", ""verification_status"": ""source_identity_license_and_locator_verified_2026-08-12; veterinary_claim_review_pending"", ""support_note"": ""中文内容为保守概括；来源用于支持主题、物种和风险边界，不代表个体诊断。"", ""change_note"": ""已在 v1.4 核对来源身份、商业许可、题名和定位；未逐字复制。""}]",Only verified CC BY/CC0 evidence is retained; attribution and change notices are mandatory.,true,adversarial_review_fixes_applied_v1_6,blocked_pending_mainland_China_licensed_veterinarian_review,true,test,false,84058e9952a4489ed1026a4384014ad4e0d7209f54ca91ce08e3a6794852eaff
MVP-REPRO-009,1.6.0-open-mvp-truth-repair-draft,zh-CN,母猫分娩时什么时候需要就医,"[""cat""]",reproductive,common_disease_health_education_and_triage,"[""猫生不出来怎么办"", ""母猫宫缩很久没生""]","[""持续用力但没有幼猫"", ""产程中断"", ""母体不适""]","[""猫难产可危及母猫和幼猫"", ""产程异常需要尽早与兽医联系而不是反复在家干预""]","[""羊膜囊或胎儿是否已出现在产道口，但超过10-15分钟没有进展？"", ""母猫是否出现大量出血或虚弱倒地？"", ""持续强烈宫缩或用力是否已超过30-60分钟仍未见幼猫产出？""]",疑似难产立即联系宠物急诊；不要自行牵拉胎儿或使用催产药。,"[""胎儿卡在产道"", ""大量出血"", ""母猫虚弱倒地"", ""持续强烈宫缩/用力超过30-60分钟未见幼猫产出"", ""羊膜囊/胎儿在产道口可见但10-15分钟无进展""]",母猫分娩时什么时候需要就医；猫生不出来怎么办；母猫宫缩很久没生；持续用力但没有幼猫；产程中断；母体不适；猫难产可危及母猫和幼猫；产程异常需要尽早与兽医联系而不是反复在家干预；胎儿卡在产道；大量出血；母猫虚弱倒地；持续强烈宫缩/用力超过30-60分钟未见幼猫产出；羊膜囊/胎儿在产道口可见但10-15分钟无进展,"[{""source_id"": ""PMC9099157"", ""title"": ""Feline breeding and pregnancy management: What is normal and when to intervene"", ""url"": ""https://pmc.ncbi.nlm.nih.gov/articles/PMC9099157/"", ""license"": ""CC BY 4.0"", ""page_or_section"": ""Abstract"", ""verification_status"": ""source_identity_license_and_locator_verified_2026-08-12; veterinary_claim_review_pending"", ""support_note"": ""中文内容为保守概括；来源用于支持主题、物种和风险边界，不代表个体诊断。"", ""change_note"": ""已在 v1.4 核对来源身份、商业许可、题名和定位；未逐字复制。""}]",Only verified CC BY/CC0 evidence is retained; attribution and change notices are mandatory.,true,adversarial_review_fixes_applied_v1_6,blocked_pending_mainland_China_licensed_veterinarian_review,true,test,false,4314050cdc581d997be51d4b91bc98215bf8430420e3c48c53a359220d1b8166
MVP-REPRO-010,1.6.0-open-mvp-truth-repair-draft,zh-CN,母犬分娩时持续用力但没有幼犬,"[""dog""]",reproductive,common_disease_health_education_and_triage,"[""狗用力很久生不出"", ""幼犬卡住了""]","[""强烈努责无幼犬"", ""可见胎儿但无法娩出""]","[""犬难产常需要快速产科评估"", ""胎儿阻塞或子宫收缩乏力都不能仅靠家庭观察区分""]","[""母犬是否出现虚弱、倒地、大量出血或恶臭分泌物？"", ""是否能看到胎儿或胎膜卡在产道口？"", ""持续强烈努责是否已超过30分钟仍未见幼犬？""]",立即前往宠物急诊；不要自行牵拉或使用催产药。,"[""胎儿卡住"", ""母犬倒地虚弱"", ""大量出血或恶臭分泌物"", ""持续强烈努责超过30分钟未见幼犬""]",母犬分娩时持续用力但没有幼犬；狗用力很久生不出；幼犬卡住了；强烈努责无幼犬；可见胎儿但无法娩出；犬难产常需要快速产科评估；胎儿阻塞或子宫收缩乏力都不能仅靠家庭观察区分；胎儿卡住；母犬倒地虚弱；大量出血或恶臭分泌物；持续强烈努责超过30分钟未见幼犬,"[{""source_id"": ""PMC9478343"", ""title"": ""Incidence and concomitant factors of cesarean sections in the bitch: A questionnaire study"", ""url"": ""https://pmc.ncbi.nlm.nih.gov/articles/PMC9478343/"", ""license"": ""CC BY 4.0"", ""page_or_section"": ""Abstract"", ""verification_status"": ""source_identity_license_and_locator_verified_2026-08-12; veterinary_claim_review_pending"", ""support_note"": ""中文内容为保守概括；来源用于支持主题、物种和风险边界，不代表个体诊断。"", ""change_note"": ""已在 v1.4 核对来源身份、商业许可、题名和定位；未逐字复制。""}]",Only verified CC BY/CC0 evidence is retained; attribution and change notices are mandatory.,true,adversarial_review_fixes_applied_v1_6,blocked_pending_mainland_China_licensed_veterinarian_review,true,test,false,25f2a224fad76b0f6c032f238495b120de41b3b0caf0ebd6840c22d627c6c735
MVP-REPRO-011,1.6.0-open-mvp-truth-repair-draft,zh-CN,母猫产后阴道分泌物异常,"[""cat""]",reproductive,common_disease_health_education_and_triage,"[""宠物生完下面有臭味分泌物"", ""产后一直流很多血""]","[""产后分泌物"", ""可能伴异味、发热或精神差""]","[""产后分泌物需要结合颜色、气味、量和母体状态判断"", ""恶臭、大量出血或全身不适需排除子宫感染和出血""]","[""生产后第几天？"", ""是否照顾幼崽和进食？"", ""分泌物颜色、气味、量如何？""]",若出现大量持续出血、恶臭伴发热虚弱、牙龈苍白或倒地等任一红旗表现，立即前往急诊；若没有上述红旗表现，可记录出现时间、频率、照片或视频以及食欲、饮水、排尿排便和活动变化，并预约兽医就诊，不要仅凭知识卡自行确诊或用药。,"[""大量持续出血"", ""恶臭伴发热虚弱"", ""牙龈苍白或倒地""]",母猫产后阴道分泌物异常；宠物生完下面有臭味分泌物；产后一直流很多血；产后分泌物；可能伴异味、发热或精神差；产后分泌物需要结合颜色、气味、量和母体状态判断；恶臭、大量出血或全身不适需排除子宫感染和出血；大量持续出血；恶臭伴发热虚弱；牙龈苍白或倒地,"[{""source_id"": ""PMC9099157"", ""title"": ""Feline breeding and pregnancy management: What is normal and when to intervene"", ""url"": ""https://pmc.ncbi.nlm.nih.gov/articles/PMC9099157/"", ""license"": ""CC BY 4.0"", ""page_or_section"": ""Abstract"", ""verification_status"": ""source_identity_license_and_locator_verified_2026-08-12; veterinary_claim_review_pending"", ""support_note"": ""中文内容为保守概括；来源用于支持主题、物种和风险边界，不代表个体诊断。"", ""change_note"": ""已在 v1.4 核对来源身份、商业许可、题名和定位；未逐字复制。""}]",Only verified CC BY/CC0 evidence is retained; attribution and change notices are mandatory.,true,adversarial_review_fixes_applied_v1_6,blocked_pending_mainland_China_licensed_veterinarian_review,true,test,false,c2113b6ed3fdfc036d160527cb38121c2087c9f253be99e45f14742acd512d67
MVP-REPRO-012,1.6.0-open-mvp-truth-repair-draft,zh-CN,哺乳母犬母猫乳房红肿疼痛,"[""cat"", ""dog""]",reproductive,common_disease_health_education_and_triage,"[""母狗乳房又红又硬"", ""母猫奶发炎""]","[""乳腺红、热、硬、疼痛"", ""乳汁可能异常"", ""母体不愿哺乳""]","[""乳腺炎可影响母体和幼崽摄入"", ""需要检查感染、乳汁和幼崽状态""]","[""乳房皮肤是否发黑、坏死或破溃？"", ""母犬/母猫是否发热或精神萎靡？"", ""幼崽是否持续哭叫、不吃奶？""]",记录出现时间、频率、照片或视频以及食欲、饮水、排尿排便和活动变化；若出现任一红旗表现，应立即前往急诊；无红旗表现也应尽快预约兽医评估，由兽医结合体检及必要检查判断，不要仅凭知识卡自行确诊或用药。,"[""乳腺发黑坏死"", ""母体发热虚弱"", ""幼崽持续哭叫不吃奶""]",哺乳母犬母猫乳房红肿疼痛；母狗乳房又红又硬；母猫奶发炎；乳腺红、热、硬、疼痛；乳汁可能异常；母体不愿哺乳；乳腺炎可影响母体和幼崽摄入；需要检查感染、乳汁和幼崽状态；乳腺发黑坏死；母体发热虚弱；幼崽持续哭叫不吃奶,"[{""source_id"": ""PMC10266749"", ""title"": ""Lactation in domestic carnivores"", ""url"": ""https://pmc.ncbi.nlm.nih.gov/articles/PMC10266749/"", ""license"": ""CC BY 4.0"", ""page_or_section"": ""Abstract"", ""verification_status"": ""source_identity_license_and_locator_verified_2026-08-12; veterinary_claim_review_pending"", ""support_note"": ""中文内容为保守概括；来源用于支持主题、物种和风险边界，不代表个体诊断。"", ""change_note"": ""已在 v1.4 核对来源身份、商业许可、题名和定位；未逐字复制。""}]",Only verified CC BY/CC0 evidence is retained; attribution and change notices are mandatory.,true,adversarial_review_fixes_applied_v1_6,blocked_pending_mainland_China_licensed_veterinarian_review,true,test,false,4e807694492efa1d8a41c8a8d34554fe07d496d1dba9a2cf571dfbead3580886
MVP-REPRO-013,1.6.0-open-mvp-truth-repair-draft,zh-CN,哺乳母犬突然发抖、喘气和走不稳,"[""dog""]",reproductive,common_disease_health_education_and_triage,"[""母狗生完发抖喘得厉害"", ""哺乳狗站不稳""]","[""震颤"", ""喘息"", ""步态僵硬或不稳"", ""可能发热""]","[""哺乳期低钙血症可快速进展为抽搐和高热"", ""小型犬和大窝等情况风险更高但任何母犬都需警惕""]","[""母犬现在是否有抽搐、意识不清或倒地？"", ""是否测过体温？体温是多少度？"", ""生产后到现在有多长时间了？""]",立即将母犬送往宠物急诊并避免继续剧烈哺乳刺激，按兽医指导安置幼犬。,"[""抽搐"", ""高热"", ""倒地或意识异常""]",哺乳母犬突然发抖、喘气和走不稳；母狗生完发抖喘得厉害；哺乳狗站不稳；震颤；喘息；步态僵硬或不稳；可能发热；哺乳期低钙血症可快速进展为抽搐和高热；小型犬和大窝等情况风险更高但任何母犬都需警惕；抽搐；高热；倒地或意识异常,"[{""source_id"": ""PMC9179255"", ""title"": ""Dead or Alive? A Review of Perinatal Factors That Determine Canine Neonatal Viability"", ""url"": ""https://pmc.ncbi.nlm.nih.gov/articles/PMC9179255/"", ""license"": ""CC BY 4.0"", ""page_or_section"": ""Abstract"", ""verification_status"": ""source_identity_license_and_locator_verified_2026-08-12; veterinary_claim_review_pending"", ""support_note"": ""中文内容为保守概括；来源用于支持主题、物种和风险边界，不代表个体诊断。"", ""change_note"": ""已在 v1.4 核对来源身份、商业许可、题名和定位；未逐字复制。""}]",Only verified CC BY/CC0 evidence is retained; attribution and change notices are mandatory.,true,adversarial_review_fixes_applied_v1_6,blocked_pending_mainland_China_licensed_veterinarian_review,true,test,false,ac0a5e7216e3424a0e1d1993239b7ca9cad988488215629860d013833c8acbda
MVP-REPRO-014,1.6.0-open-mvp-truth-repair-draft,zh-CN,产后母犬不照顾幼崽,"[""dog""]",reproductive,common_disease_health_education_and_triage,"[""母狗不管小狗""]","[""拒绝哺乳或离开产箱"", ""可能攻击或忽视幼崽""]","[""母体疼痛、疾病、应激或母性行为问题都可能影响照护"", ""需要同时评估母体和幼崽体温、摄入及体重""]","[""幼犬是否出现不吃奶、身体冰凉或持续叫？"", ""母犬是否出现大量出血、抽搐、虚弱或发热？"", ""母犬乳腺是否红、肿、热、痛，或恶露是否有恶臭？""]",若出现任一红旗表现（如幼崽不吃奶或冰凉、母体大量出血、母体抽搐或虚弱、母犬发热、乳腺红肿胀痛、恶露恶臭等），请立即联系急诊或送医；幼崽冰凉时可先保暖并尽快就医；母犬攻击幼崽时应先隔离确保安全。无红旗表现时，记录出现时间、频率、食欲、饮水、排尿排便和活动变化，并由兽医结合体检及必要检查判断，不要仅凭知识卡自行确诊或用药。,"[""幼崽不吃奶或冰凉"", ""母体大量出血"", ""母体抽搐或虚弱"", ""母犬发热"", ""乳腺红、肿、热、痛"", ""恶露恶臭""]",产后母犬不照顾幼崽；母狗不管小狗；拒绝哺乳或离开产箱；可能攻击或忽视幼崽；母体疼痛、疾病、应激或母性行为问题都可能影响照护；需要同时评估母体和幼崽体温、摄入及体重；幼崽不吃奶或冰凉；母体大量出血；母体抽搐或虚弱；母犬发热；乳腺红、肿、热、痛；恶露恶臭,"[{""source_id"": ""PMC6776987"", ""title"": ""Maternal behaviour in domestic dogs"", ""url"": ""https://pmc.ncbi.nlm.nih.gov/articles/PMC6776987/"", ""license"": ""CC BY 4.0"", ""page_or_section"": ""Abstract"", ""verification_status"": ""source_identity_license_and_locator_verified_2026-08-12; veterinary_claim_review_pending"", ""support_note"": ""中文内容为保守概括；来源用于支持主题、物种和风险边界，不代表个体诊断。"", ""change_note"": ""已在 v1.4 核对来源身份、商业许可、题名和定位；未逐字复制。""}]",Only verified CC BY/CC0 evidence is retained; attribution and change notices are mandatory.,true,adversarial_review_fixes_applied_v1_6,blocked_pending_mainland_China_licensed_veterinarian_review,true,test,false,b2bae86acfb3bba2a15344fd9611c6bffba8b951b720e2c94e663256fe631530
MVP-TOX-003,1.6.0-open-mvp-truth-repair-draft,zh-CN,犬误食巧克力或可可制品,"[""dog""]",toxicology,common_disease_health_education_and_triage,"[""狗偷吃巧克力怎么办"", ""狗吃了可可粉""]","[""可能暂时无症状"", ""呕吐"", ""躁动"", ""心跳异常或震颤""]","[""巧克力和可可含甲基黄嘌呤，对犬的风险取决于产品、摄入量、体重和时间"", ""症状可能延迟出现，不能等到发作才咨询""]","[""狗狗大概是什么时候误食的？已经过了多久？"", ""它误食的是哪种巧克力或可可制品？包装上标注的可可含量是多少？"", ""请提供狗狗的体重和大概误食量，以便估算中毒风险。""]",立即联系兽医或动物中毒咨询，并保留包装；不要自行催吐或给家庭解毒偏方。若出现任一红旗，应立即就医或急诊。,"[""震颤或抽搐"", ""明显躁动或虚弱"", ""心跳异常或持续呕吐""]",犬误食巧克力或可可制品；狗偷吃巧克力怎么办；狗吃了可可粉；可能暂时无症状；呕吐；躁动；心跳异常或震颤；巧克力和可可含甲基黄嘌呤，对犬的风险取决于产品、摄入量、体重和时间；症状可能延迟出现，不能等到发作才咨询；震颤或抽搐；明显躁动或虚弱；心跳异常或持续呕吐,"[{""source_id"": ""PMC4801869"", ""title"": ""Household Food Items Toxic to Dogs and Cats"", ""url"": ""https://pmc.ncbi.nlm.nih.gov/articles/PMC4801869/"", ""license"": ""CC BY"", ""page_or_section"": ""Abstract"", ""verification_status"": ""source_identity_license_and_locator_verified_2026-08-12; veterinary_claim_review_pending"", ""support_note"": ""中文内容为保守概括；来源用于支持主题、物种和风险边界，不代表个体诊断。"", ""change_note"": ""已在 v1.4 核对来源身份、商业许可、题名和定位；未逐字复制。""}]",Only verified CC BY/CC0 evidence is retained; attribution and change notices are mandatory.,true,adversarial_review_fixes_applied_v1_6,blocked_pending_mainland_China_licensed_veterinarian_review,true,test,false,651d03731d09b73c43d8e407a9a4d12f21cb6fd65d30d5179ec93d62f503258e
MVP-TOX-004,1.6.0-open-mvp-truth-repair-draft,zh-CN,犬误食木糖醇食品,"[""dog""]",toxicology,common_disease_health_education_and_triage,"[""狗吃了无糖口香糖"", ""木糖醇对狗有毒吗""]","[""早期可能无症状"", ""呕吐"", ""无力"", ""步态不稳或抽搐""]","[""木糖醇可使犬出现危险的低血糖，并可能造成肝损伤"", ""无症状期不能排除风险""]","[""误食的含木糖醇食品具体是什么？包装上每件或每克木糖醇含量是多少？"", ""大概在什么时间误食的？到现在有多久？"", ""犬目前的精神状态怎么样？""]",立即联系宠物急诊或动物中毒咨询并携带包装；不要等待症状，也不要自行催吐。若出现虚弱倒地、步态不稳、抽搐或持续呕吐、黏膜或皮肤黄染、出血点或瘀斑、明显嗜睡或昏迷、呕吐物带血等任一红旗，应立即就医或急诊。,"[""虚弱倒地"", ""步态不稳"", ""抽搐或持续呕吐"", ""黏膜或皮肤黄染"", ""出血点或瘀斑"", ""明显嗜睡或昏迷"", ""呕吐物带血""]",犬误食木糖醇食品；狗吃了无糖口香糖；木糖醇对狗有毒吗；早期可能无症状；呕吐；无力；步态不稳或抽搐；木糖醇可使犬出现危险的低血糖，并可能造成肝损伤；无症状期不能排除风险；虚弱倒地；步态不稳；抽搐或持续呕吐；黏膜或皮肤黄染；出血点或瘀斑；明显嗜睡或昏迷；呕吐物带血,"[{""source_id"": ""PMC4801869"", ""title"": ""Household Food Items Toxic to Dogs and Cats"", ""url"": ""https://pmc.ncbi.nlm.nih.gov/articles/PMC4801869/"", ""license"": ""CC BY"", ""page_or_section"": ""Abstract"", ""verification_status"": ""source_identity_license_and_locator_verified_2026-08-12; veterinary_claim_review_pending"", ""support_note"": ""中文内容为保守概括；来源用于支持主题、物种和风险边界，不代表个体诊断。"", ""change_note"": ""已在 v1.4 核对来源身份、商业许可、题名和定位；未逐字复制。""}]",Only verified CC BY/CC0 evidence is retained; attribution and change notices are mandatory.,true,adversarial_review_fixes_applied_v1_6,blocked_pending_mainland_China_licensed_veterinarian_review,true,test,false,185e99f55caa817c5045c0d79045d81001f3a0931cc499ffe7c5eff6d976900b
MVP-TOX-005,1.6.0-open-mvp-truth-repair-draft,zh-CN,犬误食葡萄或葡萄干,"[""dog""]",toxicology,common_disease_health_education_and_triage,"[""狗吃了葡萄怎么办"", ""一颗葡萄干要紧吗""]","[""早期可能无症状"", ""呕吐"", ""精神差"", ""食欲下降""]","[""葡萄和葡萄干与犬急性肾损伤有关，个体敏感性难以预测"", ""不能用其他犬曾经没事来判断本次安全""]","[""狗的体重大概是多少公斤？"", ""是否已经呕吐过？"", ""吃的葡萄或葡萄干大概有多少颗或多少克？""]",立即联系兽医或动物中毒咨询；保留食物包装，不要等待排尿异常或自行催吐。若出现反复呕吐、明显虚弱、尿量减少或无尿等任一红旗症状，应立即前往急诊。,"[""反复呕吐"", ""明显虚弱"", ""尿量减少或无尿""]",犬误食葡萄或葡萄干；狗吃了葡萄怎么办；一颗葡萄干要紧吗；早期可能无症状；呕吐；精神差；食欲下降；葡萄和葡萄干与犬急性肾损伤有关，个体敏感性难以预测；不能用其他犬曾经没事来判断本次安全；反复呕吐；明显虚弱；尿量减少或无尿,"[{""source_id"": ""PMC4801869"", ""title"": ""Household Food Items Toxic to Dogs and Cats"", ""url"": ""https://pmc.ncbi.nlm.nih.gov/articles/PMC4801869/"", ""license"": ""CC BY"", ""page_or_section"": ""Abstract"", ""verification_status"": ""source_identity_license_and_locator_verified_2026-08-12; veterinary_claim_review_pending"", ""support_note"": ""中文内容为保守概括；来源用于支持主题、物种和风险边界，不代表个体诊断。"", ""change_note"": ""已在 v1.4 核对来源身份、商业许可、题名和定位；未逐字复制。""}]",Only verified CC BY/CC0 evidence is retained; attribution and change notices are mandatory.,true,adversarial_review_fixes_applied_v1_6,blocked_pending_mainland_China_licensed_veterinarian_review,true,test,false,5f1832541fbf37fc499ccb5eb8c55b23959840f6917f9740b772d149e49fe484
MVP-TOX-006,1.6.0-open-mvp-truth-repair-draft,zh-CN,犬猫误食洋葱蒜或葱属食物,"[""cat"", ""dog""]",toxicology,common_disease_health_education_and_triage,"[""宠物吃了洋葱"", ""猫舔了蒜蓉""]","[""早期可能胃肠不适"", ""之后可能虚弱"", ""牙龈苍白"", ""尿色变深""]","[""葱属食物可造成氧化性红细胞损伤，猫通常更敏感"", ""熟制、粉末或调味形式也不能视为安全""]","[""吃进去的是哪种具体食物：洋葱、大蒜、韭菜，还是含葱蒜的菜肴/粉料？请同时说明是生的、熟的或调味酱形式。"", ""大概吃了多少量？请尽量用几瓣、几克或几勺描述。"", ""距离吃进去大概多久了？""]",若出现任一红旗症状（呼吸急促、牙龈苍白、倒地或深色尿），请立即就医或前往急诊；即使暂无，也应尽快联系兽医或动物中毒咨询，说明食物配料、时间和体重，不要自行用药。,"[""呼吸急促"", ""牙龈苍白"", ""倒地或深色尿""]",犬猫误食洋葱蒜或葱属食物；宠物吃了洋葱；猫舔了蒜蓉；早期可能胃肠不适；之后可能虚弱；牙龈苍白；尿色变深；葱属食物可造成氧化性红细胞损伤，猫通常更敏感；熟制、粉末或调味形式也不能视为安全；呼吸急促；牙龈苍白；倒地或深色尿,"[{""source_id"": ""PMC4801869"", ""title"": ""Household Food Items Toxic to Dogs and Cats"", ""url"": ""https://pmc.ncbi.nlm.nih.gov/articles/PMC4801869/"", ""license"": ""CC BY"", ""page_or_section"": ""Abstract"", ""verification_status"": ""source_identity_license_and_locator_verified_2026-08-12; veterinary_claim_review_pending"", ""support_note"": ""中文内容为保守概括；来源用于支持主题、物种和风险边界，不代表个体诊断。"", ""change_note"": ""已在 v1.4 核对来源身份、商业许可、题名和定位；未逐字复制。""}]",Only verified CC BY/CC0 evidence is retained; attribution and change notices are mandatory.,true,adversarial_review_fixes_applied_v1_6,blocked_pending_mainland_China_licensed_veterinarian_review,true,test,false,afd192c91414366c1f221da932921a625671964b73973781a4abb598c608694f
MVP-TOX-007,1.6.0-open-mvp-truth-repair-draft,zh-CN,犬猫误食酒精或未烘烤酵母面团,"[""cat"", ""dog""]",toxicology,common_disease_health_education_and_triage,"[""狗喝了酒"", ""猫吃了生面团""]","[""呕吐"", ""嗜睡"", ""步态不稳"", ""腹胀""]","[""酒精可造成神经和代谢异常，未烘烤酵母面团还可能在胃内膨胀并产生乙醇"", ""出现腹胀或意识变化需急诊""]","[""动物误食的是酒精类液体、含酒精食物还是未烘烤的生面团？如果知道，大概是什么种类和酒精浓度？"", ""大概在什么时间误食的？估计吃下去的量有多少？动物目前体重是多少？"", ""动物现在意识是否清楚？有没有昏睡、叫不醒或倒地？""]",立即联系宠物急诊或动物中毒咨询；不要诱导饮水、喂食或自行催吐。若出现任一红旗症状（意识下降、呼吸异常、腹部快速膨大或倒地、抽搐或癫痫发作、体温过低/皮肤冰凉），应立即前往急诊。,"[""意识下降"", ""呼吸异常"", ""腹部快速膨大或倒地"", ""抽搐或癫痫发作"", ""体温过低/皮肤冰凉""]",犬猫误食酒精或未烘烤酵母面团；狗喝了酒；猫吃了生面团；呕吐；嗜睡；步态不稳；腹胀；酒精可造成神经和代谢异常，未烘烤酵母面团还可能在胃内膨胀并产生乙醇；出现腹胀或意识变化需急诊；意识下降；呼吸异常；腹部快速膨大或倒地；抽搐或癫痫发作；体温过低/皮肤冰凉,"[{""source_id"": ""PMC4801869"", ""title"": ""Household Food Items Toxic to Dogs and Cats"", ""url"": ""https://pmc.ncbi.nlm.nih.gov/articles/PMC4801869/"", ""license"": ""CC BY"", ""page_or_section"": ""Abstract"", ""verification_status"": ""source_identity_license_and_locator_verified_2026-08-12; veterinary_claim_review_pending"", ""support_note"": ""中文内容为保守概括；来源用于支持主题、物种和风险边界，不代表个体诊断。"", ""change_note"": ""已在 v1.4 核对来源身份、商业许可、题名和定位；未逐字复制。""}]",Only verified CC BY/CC0 evidence is retained; attribution and change notices are mandatory.,true,adversarial_review_fixes_applied_v1_6,blocked_pending_mainland_China_licensed_veterinarian_review,true,test,false,f4ad7de341635cd25d982ba6fbabfd8734545bccbc4cec87d7393a1b3504e19b
MVP-TOX-008,1.6.0-open-mvp-truth-repair-draft,zh-CN,犬误食夏威夷果,"[""dog""]",toxicology,common_disease_health_education_and_triage,"[""狗吃了夏威夷果"", ""狗偷吃坚果后腿软""]","[""呕吐"", ""无力"", ""后肢僵硬或震颤""]","[""夏威夷果可使犬出现短暂但明显的神经肌肉和胃肠症状"", ""含巧克力的混合食品还会叠加其他风险""]","[""它现在是否出现后肢无力、走路不稳或震颤？"", ""它吃到的混合食品里是否含有巧克力或木糖醇？"", ""大概是什么时候吃的？""]",联系兽医或动物中毒咨询并保留包装；出现无力、震颤或混合毒物时尽快就医；若出现上述任一红旗表现，请立即就医或急诊。,"[""倒地"", ""持续震颤"", ""高热或反复呕吐""]",犬误食夏威夷果；狗吃了夏威夷果；狗偷吃坚果后腿软；呕吐；无力；后肢僵硬或震颤；夏威夷果可使犬出现短暂但明显的神经肌肉和胃肠症状；含巧克力的混合食品还会叠加其他风险；倒地；持续震颤；高热或反复呕吐,"[{""source_id"": ""PMC4801869"", ""title"": ""Household Food Items Toxic to Dogs and Cats"", ""url"": ""https://pmc.ncbi.nlm.nih.gov/articles/PMC4801869/"", ""license"": ""CC BY"", ""page_or_section"": ""Abstract"", ""verification_status"": ""source_identity_license_and_locator_verified_2026-08-12; veterinary_claim_review_pending"", ""support_note"": ""中文内容为保守概括；来源用于支持主题、物种和风险边界，不代表个体诊断。"", ""change_note"": ""已在 v1.4 核对来源身份、商业许可、题名和定位；未逐字复制。""}]",Only verified CC BY/CC0 evidence is retained; attribution and change notices are mandatory.,true,adversarial_review_fixes_applied_v1_6,blocked_pending_mainland_China_licensed_veterinarian_review,true,test,false,6ea4f4894212ecea4cc02427bd55f6210566a22498c73224d46a6b0f5bb5d9b7
MVP-TOX-009,1.6.0-open-mvp-truth-repair-draft,zh-CN,犬猫误食咖啡因制品,"[""cat"", ""dog""]",toxicology,common_disease_health_education_and_triage,"[""狗喝了咖啡"", ""猫舔了能量饮料""]","[""躁动"", ""呕吐"", ""心跳快"", ""震颤""]","[""咖啡、茶、能量饮料和咖啡因片可导致甲基黄嘌呤中毒"", ""浓缩产品风险更高且症状可能快速进展""]","[""大概什么时候吃进去的？"", ""误食的是哪种产品（如咖啡/茶/能量饮料/咖啡因片）？请提供包装、品牌或浓度。"", ""大概误食了多少量？""]",立即联系宠物急诊或动物中毒咨询并携带包装；若出现任一红旗（抽搐、心跳明显异常、倒地或高热）应立即就医或急诊；不要在家观察等待。,"[""抽搐"", ""心跳明显异常"", ""倒地或高热""]",犬猫误食咖啡因制品；狗喝了咖啡；猫舔了能量饮料；躁动；呕吐；心跳快；震颤；咖啡、茶、能量饮料和咖啡因片可导致甲基黄嘌呤中毒；浓缩产品风险更高且症状可能快速进展；抽搐；心跳明显异常；倒地或高热,"[{""source_id"": ""PMC4801869"", ""title"": ""Household Food Items Toxic to Dogs and Cats"", ""url"": ""https://pmc.ncbi.nlm.nih.gov/articles/PMC4801869/"", ""license"": ""CC BY"", ""page_or_section"": ""Abstract"", ""verification_status"": ""source_identity_license_and_locator_verified_2026-08-12; veterinary_claim_review_pending"", ""support_note"": ""中文内容为保守概括；来源用于支持主题、物种和风险边界，不代表个体诊断。"", ""change_note"": ""已在 v1.4 核对来源身份、商业许可、题名和定位；未逐字复制。""}]",Only verified CC BY/CC0 evidence is retained; attribution and change notices are mandatory.,true,adversarial_review_fixes_applied_v1_6,blocked_pending_mainland_China_licensed_veterinarian_review,true,test,false,f39feca121c0d9f8ba0a94afa4acb23bb2ab994e05b27ac44c38bdb8e2fb7c87
MVP-TOX-010,1.6.0-open-mvp-truth-repair-draft,zh-CN,猫接触百合花或花粉,"[""cat""]",toxicology,common_disease_health_education_and_triage,"[""猫碰了百合花"", ""猫舔到百合花粉""]","[""早期可能无症状"", ""流涎或呕吐"", ""之后精神和食欲下降""]","[""部分真百合和萱草可使猫发生严重急性肾损伤，花粉和花瓶水也可能构成暴露"", ""早期处理时间很重要""]","[""猫目前是否有呕吐、虚弱、流涎或尿量异常？"", ""接触或舔食百合发生在多久之前？"", ""能否提供植物照片或名称以确认百合种类？""]",任何疑似百合暴露都立即联系宠物急诊；移开植物、阻止舔毛并携带植物照片，不要等待症状。,"[""呕吐或虚弱"", ""尿量异常"", ""任何明确百合暴露""]",猫接触百合花或花粉；猫碰了百合花；猫舔到百合花粉；早期可能无症状；流涎或呕吐；之后精神和食欲下降；部分真百合和萱草可使猫发生严重急性肾损伤，花粉和花瓶水也可能构成暴露；早期处理时间很重要；呕吐或虚弱；尿量异常；任何明确百合暴露,"[{""source_id"": ""PMC7427442"", ""title"": ""Indoor Companion Animal Poisoning by Plants in Europe"", ""url"": ""https://pmc.ncbi.nlm.nih.gov/articles/PMC7427442/"", ""license"": ""CC BY 4.0"", ""page_or_section"": ""Abstract"", ""verification_status"": ""source_identity_license_and_locator_verified_2026-08-12; veterinary_claim_review_pending"", ""support_note"": ""中文内容为保守概括；来源用于支持主题、物种和风险边界，不代表个体诊断。"", ""change_note"": ""已在 v1.4 核对来源身份、商业许可、题名和定位；未逐字复制。""}]",Only verified CC BY/CC0 evidence is retained; attribution and change notices are mandatory.,true,adversarial_review_fixes_applied_v1_6,blocked_pending_mainland_China_licensed_veterinarian_review,true,test,false,6c007bce87be786342afaf7d413286306359621134da0656db9e1112466389fa
MVP-TOX-011,1.6.0-open-mvp-truth-repair-draft,zh-CN,猫接触犬用含氯菊酯驱虫产品,"[""cat""]",toxicology,common_disease_health_education_and_triage,"[""把狗驱虫药滴到猫身上了"", ""猫碰了氯菊酯""]","[""肌肉颤动"", ""抽搐"", ""流涎"", ""步态异常""]","[""猫对高浓度拟除虫菊酯特别敏感，可因误用犬用产品或接触刚处理的犬而中毒"", ""症状可能危及生命""]","[""猫是什么时候接触的？持续了多长时间？"", ""身体哪些部位接触或被滴到？是否已经自行清洗或擦拭过？"", ""猫目前是否出现流涎、肌肉颤动、抽搐、步态异常或意识异常？""]",出现任何红旗症状（如震颤、抽搐、体温升高、无法站立或意识异常）应立即就医或前往急诊。,"[""任何震颤或抽搐"", ""体温升高"", ""无法站立或意识异常""]",猫接触犬用含氯菊酯驱虫产品；把狗驱虫药滴到猫身上了；猫碰了氯菊酯；肌肉颤动；抽搐；流涎；步态异常；猫对高浓度拟除虫菊酯特别敏感，可因误用犬用产品或接触刚处理的犬而中毒；症状可能危及生命；任何震颤或抽搐；体温升高；无法站立或意识异常,"[{""source_id"": ""PMC9029646"", ""title"": ""Treatment of Permethrin Toxicosis in Cats by Intravenous Lipid Emulsion"", ""url"": ""https://pmc.ncbi.nlm.nih.gov/articles/PMC9029646/"", ""license"": ""CC BY 4.0"", ""page_or_section"": ""Abstract"", ""verification_status"": ""source_identity_license_and_locator_verified_2026-08-12; veterinary_claim_review_pending"", ""support_note"": ""中文内容为保守概括；来源用于支持主题、物种和风险边界，不代表个体诊断。"", ""change_note"": ""已在 v1.4 核对来源身份、商业许可、题名和定位；未逐字复制。""}]",Only verified CC BY/CC0 evidence is retained; attribution and change notices are mandatory.,true,adversarial_review_fixes_applied_v1_6,blocked_pending_mainland_China_licensed_veterinarian_review,true,test,false,753e1ff6e7482ce955c8be90a7b193753b51120d81a60afb729a0548b138d518
MVP-TOX-012,1.6.0-open-mvp-truth-repair-draft,zh-CN,犬猫误食人用止痛药,"[""cat"", ""dog""]",toxicology,common_disease_health_education_and_triage,"[""宠物吃了布洛芬"", ""狗吞了萘普生""]","[""早期可能无症状"", ""呕吐"", ""腹痛"", ""黑便或精神差""]","[""人用止痛药对犬猫可能造成严重中毒，不同成分的危险机制不同"", ""不要等待症状或自行催吐，应立即提供药名、规格、时间和可能摄入量""]","[""具体吃的是哪种人用止痛药？"", ""大概吃进去多少片或多少毫克？"", ""宠物现在体重是多少公斤？""]",立即联系宠物急诊或动物中毒咨询并携带药盒；不要再给任何止痛药或自行催吐。出现任一红旗症状应立即就医或急诊。,"[""呕血或黑便"", ""明显腹痛"", ""虚弱倒地或尿量减少"", ""抽搐/震颤/共济失调/昏迷"", ""呼吸急促、黏膜发绀、面部或爪部水肿""]",犬猫误食人用止痛药；宠物吃了布洛芬；狗吞了萘普生；早期可能无症状；呕吐；腹痛；黑便或精神差；人用止痛药对犬猫可能造成严重中毒，不同成分的危险机制不同；不要等待症状或自行催吐，应立即提供药名、规格、时间和可能摄入量；呕血或黑便；明显腹痛；虚弱倒地或尿量减少；抽搐/震颤/共济失调/昏迷；呼吸急促、黏膜发绀、面部或爪部水肿,"[{""source_id"": ""PMC10568331"", ""title"": ""Intravenous lipid emulsion for the treatment of poisonings in 313 dogs and 100 cats (2016–2020)"", ""url"": ""https://pmc.ncbi.nlm.nih.gov/articles/PMC10568331/"", ""license"": ""CC BY 4.0"", ""page_or_section"": ""Abstract"", ""verification_status"": ""source_identity_license_and_locator_verified_2026-08-12; veterinary_claim_review_pending"", ""support_note"": ""中文内容为保守概括；来源用于支持主题、物种和风险边界，不代表个体诊断。"", ""change_note"": ""已在 v1.4 核对来源身份、商业许可、题名和定位；未逐字复制。""}, {""source_id"": ""PMC4629586"", ""title"": ""Efficacy of free glutathione and niosomal glutathione in the treatment of acetaminophen-induced hepatotoxicity in cats"", ""url"": ""https://pmc.ncbi.nlm.nih.gov/articles/PMC4629586/"", ""license"": ""CC BY 4.0"", ""page_or_section"": ""Abstract"", ""verification_status"": ""source_identity_license_and_locator_verified_2026-08-12; veterinary_claim_review_pending"", ""support_note"": ""中文内容为保守概括；来源用于支持主题、物种和风险边界，不代表个体诊断。"", ""change_note"": ""已在 v1.4 核对来源身份、商业许可、题名和定位；未逐字复制。""}]",Only verified CC BY/CC0 evidence is retained; attribution and change notices are mandatory.,true,adversarial_review_fixes_applied_v1_6,blocked_pending_mainland_China_licensed_veterinarian_review,true,test,false,7608e3162700cdc4b02189fef9429a4d750f01fad7d50ba5f090c6534e5d6757
MVP-TOX-013,1.6.0-open-mvp-truth-repair-draft,zh-CN,猫误食对乙酰氨基酚,"[""cat""]",toxicology,common_disease_health_education_and_triage,"[""猫吃了扑热息痛""]","[""呕吐"", ""面部或爪部肿胀"", ""呼吸急促"", ""牙龈颜色异常""]","[""对乙酰氨基酚可使猫发生严重中毒并损伤肝脏和红细胞携氧能力"", ""即使尚无症状也不应等待""]","[""猫目前有没有需要立即就医的危险体征（如呼吸困难、面部肿胀、牙龈发褐/发蓝或倒地）？"", ""大概什么时候误食的？"", ""大约吃了多少片或多少毫升？""]",立即联系宠物急诊或动物中毒咨询并带药盒；不要等待症状或自行给解毒药。,"[""呼吸困难"", ""面部肿胀"", ""牙龈发褐发蓝或倒地""]",猫误食对乙酰氨基酚；猫吃了扑热息痛；呕吐；面部或爪部肿胀；呼吸急促；牙龈颜色异常；对乙酰氨基酚可使猫发生严重中毒并损伤肝脏和红细胞携氧能力；即使尚无症状也不应等待；呼吸困难；面部肿胀；牙龈发褐发蓝或倒地,"[{""source_id"": ""PMC4629586"", ""title"": ""Efficacy of free glutathione and niosomal glutathione in the treatment of acetaminophen-induced hepatotoxicity in cats"", ""url"": ""https://pmc.ncbi.nlm.nih.gov/articles/PMC4629586/"", ""license"": ""CC BY 4.0"", ""page_or_section"": ""Abstract"", ""verification_status"": ""source_identity_license_and_locator_verified_2026-08-12; veterinary_claim_review_pending"", ""support_note"": ""中文内容为保守概括；来源用于支持主题、物种和风险边界，不代表个体诊断。"", ""change_note"": ""已在 v1.4 核对来源身份、商业许可、题名和定位；未逐字复制。""}]",Only verified CC BY/CC0 evidence is retained; attribution and change notices are mandatory.,true,adversarial_review_fixes_applied_v1_6,blocked_pending_mainland_China_licensed_veterinarian_review,true,test,false,6fce1820aea9e4f2944cd6c7b8e237eada8167fa4179b99d0e29a66f383467ef
MVP-TOX-014,1.6.0-open-mvp-truth-repair-draft,zh-CN,犬误食抗凝血灭鼠药,"[""dog""]",toxicology,common_disease_health_education_and_triage,"[""狗吃了老鼠药"", ""灭鼠药包装被咬了""]","[""早期常无症状"", ""之后可能出血"", ""虚弱或呼吸困难""]","[""抗凝血灭鼠药可造成延迟性凝血障碍，早期无症状不代表安全"", ""不同灭鼠药有效成分不同，必须核对包装""]","[""狗狗现在是否有呼吸困难、牙龈苍白、异常出血、精神变差或虚弱？"", ""能否提供灭鼠药包装或有效成分名称/照片？"", ""大概什么时间误食的？大概吃了多少或包装被咬开多少？""]",立即联系兽医或动物中毒咨询并携带包装；不要等待出血，也不要凭颜色判断毒物类型；若出现上述任一红旗表现，请立即就医或急诊。,"[""呼吸困难"", ""牙龈苍白"", ""任何异常出血或倒地""]",犬误食抗凝血灭鼠药；狗吃了老鼠药；灭鼠药包装被咬了；早期常无症状；之后可能出血；虚弱或呼吸困难；抗凝血灭鼠药可造成延迟性凝血障碍，早期无症状不代表安全；不同灭鼠药有效成分不同，必须核对包装；呼吸困难；牙龈苍白；任何异常出血或倒地,"[{""source_id"": ""PMC9131000"", ""title"": ""Asymptomatic Anticoagulant Rodenticide Exposure in Dogs and Cats—A French and Belgian Rural and Urban Areas Study"", ""url"": ""https://pmc.ncbi.nlm.nih.gov/articles/PMC9131000/"", ""license"": ""CC BY 4.0"", ""page_or_section"": ""Abstract"", ""verification_status"": ""source_identity_license_and_locator_verified_2026-08-12; veterinary_claim_review_pending"", ""support_note"": ""中文内容为保守概括；来源用于支持主题、物种和风险边界，不代表个体诊断。"", ""change_note"": ""已在 v1.4 核对来源身份、商业许可、题名和定位；未逐字复制。""}]",Only verified CC BY/CC0 evidence is retained; attribution and change notices are mandatory.,true,adversarial_review_fixes_applied_v1_6,blocked_pending_mainland_China_licensed_veterinarian_review,true,test,false,a9fa2b0bd25950ba2766b2820a20b77890d7ce99338ce46c8a1dbd2cfb3c77c1
MVP-TOX-015,1.6.0-open-mvp-truth-repair-draft,zh-CN,猫舔到含苯扎氯铵的浓缩消毒剂,"[""cat""]",toxicology,common_disease_health_education_and_triage,"[""猫舔到浓缩消毒剂"", ""猫接触苯扎氯铵""]","[""流涎"", ""口腔刺激或溃疡"", ""呕吐或呼吸异常""]","[""苯扎氯铵等阳离子表面活性剂可造成严重口腔和全身损伤"", ""应携带包装立即联系兽医，不要自行中和或催吐""]","[""具体舔到或接触到的是哪种产品？浓度是多少？"", ""猫咪舔到或接触到消毒剂大概是在多久之前？"", ""消毒剂主要接触到了猫咪的哪个部位（口腔、眼部、皮肤）？""]",立即联系宠物急诊或动物中毒咨询并携带包装；避免催吐。眼部或皮肤接触后立即用大量清水/温水持续冲洗至少15分钟，同时立即联系兽医或中毒咨询；若出现任一红旗表现（呼吸吞咽困难、口腔明显灼伤、眼球疼痛或持续呕吐、精神沉郁、虚脱、意识改变或抽搐），立即前往急诊。,"[""呼吸吞咽困难"", ""口腔明显灼伤"", ""眼球疼痛或持续呕吐"", ""精神沉郁、虚脱、意识改变或抽搐""]",猫舔到含苯扎氯铵的浓缩消毒剂；猫舔到浓缩消毒剂；猫接触苯扎氯铵；流涎；口腔刺激或溃疡；呕吐或呼吸异常；苯扎氯铵等阳离子表面活性剂可造成严重口腔和全身损伤；应携带包装立即联系兽医，不要自行中和或催吐；呼吸吞咽困难；口腔明显灼伤；眼球疼痛或持续呕吐；精神沉郁、虚脱、意识改变或抽搐,"[{""source_id"": ""PMC11020912"", ""title"": ""A case of severe benzalkonium chloride intoxication in a cat"", ""url"": ""https://pmc.ncbi.nlm.nih.gov/articles/PMC11020912/"", ""license"": ""CC BY 4.0"", ""page_or_section"": ""Abstract"", ""verification_status"": ""source_identity_license_and_locator_verified_2026-08-12; veterinary_claim_review_pending"", ""support_note"": ""中文内容为保守概括；来源用于支持主题、物种和风险边界，不代表个体诊断。"", ""change_note"": ""已在 v1.4 核对来源身份、商业许可、题名和定位；未逐字复制。""}]",Only verified CC BY/CC0 evidence is retained; attribution and change notices are mandatory.,true,adversarial_review_fixes_applied_v1_6,blocked_pending_mainland_China_licensed_veterinarian_review,true,test,false,fd824d1cfa3f90365cb33183e63cef8839416651e126c9213050c243eb5e7df7
MVP-TOX-016,1.6.0-open-mvp-truth-repair-draft,zh-CN,犬猫接触成分不明的杀虫剂或化学品,"[""cat"", ""dog""]",toxicology,common_disease_health_education_and_triage,"[""宠物舔到不明杀虫剂"", ""犬猫接触未知化学品""]","[""暴露后可能流涎、呕吐、震颤或无症状""]","[""中毒风险取决于有效成分、浓度、剂量和暴露途径"", ""不知道成分时应先保留包装并联系兽医或动物中毒咨询，不能凭气味判断安全""]","[""宠物大概在什么时间接触到该化学品？距离现在多久了？"", ""宠物是通过舔食、皮肤接触还是吸入接触该化学品的？"", ""宠物目前具体出现哪些异常表现？例如流涎、呕吐、步态异常等。""]",若出现任一红旗（呼吸异常、震颤抽搐、无法站立或意识下降），请立即就医或急诊；移开暴露源并立即联系兽医或动物中毒咨询；保留包装，不要自行使用溶剂清洗。,"[""呼吸异常"", ""震颤抽搐"", ""无法站立或意识下降""]",犬猫接触成分不明的杀虫剂或化学品；宠物舔到不明杀虫剂；犬猫接触未知化学品；暴露后可能流涎、呕吐、震颤或无症状；中毒风险取决于有效成分、浓度、剂量和暴露途径；不知道成分时应先保留包装并联系兽医或动物中毒咨询，不能凭气味判断安全；呼吸异常；震颤抽搐；无法站立或意识下降,"[{""source_id"": ""PMC10568331"", ""title"": ""Intravenous lipid emulsion for the treatment of poisonings in 313 dogs and 100 cats (2016–2020)"", ""url"": ""https://pmc.ncbi.nlm.nih.gov/articles/PMC10568331/"", ""license"": ""CC BY 4.0"", ""page_or_section"": ""Abstract"", ""verification_status"": ""source_identity_license_and_locator_verified_2026-08-12; veterinary_claim_review_pending"", ""support_note"": ""中文内容为保守概括；来源用于支持主题、物种和风险边界，不代表个体诊断。"", ""change_note"": ""已在 v1.4 核对来源身份、商业许可、题名和定位；未逐字复制。""}]",Only verified CC BY/CC0 evidence is retained; attribution and change notices are mandatory.,true,adversarial_review_fixes_applied_v1_6,blocked_pending_mainland_China_licensed_veterinarian_review,true,test,false,c4cc2908c96f2dc93b863a174573b4fc30cb6ad667b95cb8a9afefe4e011f144
MVP-TOX-017,1.6.0-open-mvp-truth-repair-draft,zh-CN,犬猫误食不明植物,"[""cat"", ""dog""]",toxicology,common_disease_health_education_and_triage,"[""宠物吃了不认识的植物"", ""犬猫咬了室内植物""]","[""可能暂时无症状"", ""流涎"", ""呕吐腹泻"", ""神经异常""]","[""植物中毒风险与植物种类、部位和摄入量有关"", ""无法识别植物或出现症状时，应保留植物照片并立即联系兽医；不要凭“天然”判断安全""]","[""宠物目前是否出现抽搐、意识异常、持续呕吐、呼吸困难或倒地等紧急症状？"", ""能否提供植物整株及生长环境的清晰照片，或保留植物样本？"", ""宠物大概在多久前吃了植物的哪个部位（如叶、果、根等）？""]",立即联系兽医或动物中毒咨询；在安全前提下保留照片和样本，不要自行催吐；若出现上述任一红旗表现，请立即就医或急诊。,"[""抽搐或意识异常"", ""持续呕吐"", ""呼吸困难或倒地""]",犬猫误食不明植物；宠物吃了不认识的植物；犬猫咬了室内植物；可能暂时无症状；流涎；呕吐腹泻；神经异常；植物中毒风险与植物种类、部位和摄入量有关；无法识别植物或出现症状时，应保留植物照片并立即联系兽医；不要凭“天然”判断安全；抽搐或意识异常；持续呕吐；呼吸困难或倒地,"[{""source_id"": ""PMC7427442"", ""title"": ""Indoor Companion Animal Poisoning by Plants in Europe"", ""url"": ""https://pmc.ncbi.nlm.nih.gov/articles/PMC7427442/"", ""license"": ""CC BY 4.0"", ""page_or_section"": ""Abstract"", ""verification_status"": ""source_identity_license_and_locator_verified_2026-08-12; veterinary_claim_review_pending"", ""support_note"": ""中文内容为保守概括；来源用于支持主题、物种和风险边界，不代表个体诊断。"", ""change_note"": ""已在 v1.4 核对来源身份、商业许可、题名和定位；未逐字复制。""}]",Only verified CC BY/CC0 evidence is retained; attribution and change notices are mandatory.,true,adversarial_review_fixes_applied_v1_6,blocked_pending_mainland_China_licensed_veterinarian_review,true,test,false,e488d19a5696e061f54b4a9a1f00c3dd191c8d52cf755306d71f6b52fb141feb
MVP-DX-001,1.6.0-open-mvp-truth-repair-draft,zh-CN,化验单一项超出参考范围不等于确诊,"[""cat"", ""dog""]",diagnostics,common_disease_health_education_and_triage,"[""宠物血检有箭头就是生病吗"", ""一项超标严重吗""]","[""化验报告出现高低标记""]","[""参考区间用于解释检测结果，但单个轻度异常不能独立确诊疾病"", ""结果需结合异常幅度、历史趋势、样本质量、症状和其他检查""]","[""宠物现在是否有呼吸困难、倒地虚弱、持续呕吐、无尿、黄疸、异常出血或瘀斑、抽搐或意识改变等任一紧急表现？"", ""化验单上具体是哪项指标异常？数值和参考范围分别是多少？"", ""宠物目前的精神状态是否正常？""]",若出现呼吸困难、倒地虚弱、持续呕吐或无尿、黄疸、异常出血或瘀斑、抽搐或意识改变等任一红旗表现，应立即带宠物急诊；若仅有化验单单项异常且一般情况稳定，可记录具体异常指标、数值和复查时间，并观察食欲、饮水、排尿排便和活动变化，预约兽医结合体检及必要检查判断，不要仅凭知识卡自行确诊或用药。,"[""同时出现呼吸困难"", ""倒地虚弱"", ""持续呕吐或无尿"", ""黄疸"", ""异常出血或瘀斑"", ""抽搐或意识改变""]",化验单一项超出参考范围不等于确诊；宠物血检有箭头就是生病吗；一项超标严重吗；化验报告出现高低标记；参考区间用于解释检测结果，但单个轻度异常不能独立确诊疾病；结果需结合异常幅度、历史趋势、样本质量、症状和其他检查；同时出现呼吸困难；倒地虚弱；持续呕吐或无尿；黄疸；异常出血或瘀斑；抽搐或意识改变,"[{""source_id"": ""PMC11591344"", ""title"": ""Using RET-He and Delta-He in the Sysmex XN-1000V Analyzer to Differentiate Between Chronic Hemorrhagic and Chronic Inflammatory Anemia in Small Animals"", ""url"": ""https://pmc.ncbi.nlm.nih.gov/articles/PMC11591344/"", ""license"": ""CC BY 4.0"", ""page_or_section"": ""Abstract"", ""verification_status"": ""source_identity_license_and_locator_verified_2026-08-12; veterinary_claim_review_pending"", ""support_note"": ""中文内容为保守概括；来源用于支持主题、物种和风险边界，不代表个体诊断。"", ""change_note"": ""已在 v1.4 核对来源身份、商业许可、题名和定位；未逐字复制。""}, {""source_id"": ""PMC11417468"", ""title"": ""Serial evaluation of liver enzyme activities in dogs with pulmonary coccidioidomycosis administered per os fluconazole"", ""url"": ""https://pmc.ncbi.nlm.nih.gov/articles/PMC11417468/"", ""license"": ""CC BY 4.0"", ""page_or_section"": ""Abstract"", ""verification_status"": ""source_identity_license_and_locator_verified_2026-08-12; veterinary_claim_review_pending"", ""support_note"": ""中文内容为保守概括；来源用于支持主题、物种和风险边界，不代表个体诊断。"", ""change_note"": ""已在 v1.4 核对来源身份、商业许可、题名和定位；未逐字复制。""}]",Only verified CC BY/CC0 evidence is retained; attribution and change notices are mandatory.,true,adversarial_review_fixes_applied_v1_6,blocked_pending_mainland_China_licensed_veterinarian_review,true,test,false,83d9dfd5b538d125b3fa2913534bc4967d03567fdaaed32ccb162e2542b8fd24
MVP-DX-002,1.6.0-open-mvp-truth-repair-draft,zh-CN,红细胞或血红蛋白偏低怎么理解,"[""cat"", ""dog""]",diagnostics,common_disease_health_education_and_triage,"[""宠物红细胞低"", ""化验说贫血""]","[""可能牙龈苍白"", ""乏力"", ""也可能暂时无明显表现""]","[""贫血描述的是红细胞相关指标下降，原因可涉及失血、破坏或生成不足"", ""需要结合网织红细胞、血涂片和病史分类""]","[""是否观察到黑便、呕血、血尿或外伤出血？"", ""是否有慢性疾病史、长期用药史或寄生虫暴露史？"", ""活动后是否比平时更容易疲劳或虚弱？""]",记录出现时间、频率、照片或视频以及食欲、饮水、排尿排便和活动变化；由兽医结合体检及必要检查判断，不要仅凭知识卡自行确诊或用药；若出现上述任一红旗表现，请立即就医或急诊。,"[""呼吸急促"", ""牙龈明显苍白"", ""倒地或活动后极度虚弱""]",红细胞或血红蛋白偏低怎么理解；宠物红细胞低；化验说贫血；可能牙龈苍白；乏力；也可能暂时无明显表现；贫血描述的是红细胞相关指标下降，原因可涉及失血、破坏或生成不足；需要结合网织红细胞、血涂片和病史分类；呼吸急促；牙龈明显苍白；倒地或活动后极度虚弱,"[{""source_id"": ""PMC11591344"", ""title"": ""Using RET-He and Delta-He in the Sysmex XN-1000V Analyzer to Differentiate Between Chronic Hemorrhagic and Chronic Inflammatory Anemia in Small Animals"", ""url"": ""https://pmc.ncbi.nlm.nih.gov/articles/PMC11591344/"", ""license"": ""CC BY 4.0"", ""page_or_section"": ""Abstract"", ""verification_status"": ""source_identity_license_and_locator_verified_2026-08-12; veterinary_claim_review_pending"", ""support_note"": ""中文内容为保守概括；来源用于支持主题、物种和风险边界，不代表个体诊断。"", ""change_note"": ""已在 v1.4 核对来源身份、商业许可、题名和定位；未逐字复制。""}]",Only verified CC BY/CC0 evidence is retained; attribution and change notices are mandatory.,true,adversarial_review_fixes_applied_v1_6,blocked_pending_mainland_China_licensed_veterinarian_review,true,test,false,a8739a55bbe85b6025f55a059fa27708ea613a779376f906d4e370a5c9aed147
MVP-DX-003,1.6.0-open-mvp-truth-repair-draft,zh-CN,猫白细胞升高不能单独证明细菌感染,"[""cat""]",diagnostics,common_disease_health_education_and_triage,"[""白细胞高就是感染吗"", ""宠物白细胞超标""]","[""可能有发热或炎症症状"", ""也可能无明显表现""]","[""白细胞变化可与炎症、应激、药物和多种疾病有关"", ""不能只凭总数决定是否使用抗菌药""]","[""猫目前有哪些可疑的感染部位或局部症状（如咳嗽、腹泻、尿频、伤口、脓肿）？"", ""最近是否使用过激素、抗生素或其他可能影响白细胞的药物？"", ""化验单上能否看到具体是哪一类白细胞升高，例如中性粒细胞或淋巴细胞？""]",记录出现时间、频率、照片或视频以及食欲、饮水、排尿排便和活动变化；由兽医结合体检及必要检查判断，不要仅凭知识卡自行确诊或用药。若出现任一红旗表现（高热精神沉郁、呼吸困难、快速恶化或休克表现），应立即就医或急诊。,"[""高热精神沉郁"", ""呼吸困难"", ""快速恶化或休克表现""]",猫白细胞升高不能单独证明细菌感染；白细胞高就是感染吗；宠物白细胞超标；可能有发热或炎症症状；也可能无明显表现；白细胞变化可与炎症、应激、药物和多种疾病有关；不能只凭总数决定是否使用抗菌药；高热精神沉郁；呼吸困难；快速恶化或休克表现,"[{""source_id"": ""PMC10451877"", ""title"": ""A Retrospective Comparative Evaluation of Selected Blood Cell Ratios, Acute Phase Proteins, and Leukocyte Changes Suggestive of Inflammation in Cats"", ""url"": ""https://pmc.ncbi.nlm.nih.gov/articles/PMC10451877/"", ""license"": ""CC BY 4.0"", ""page_or_section"": ""Abstract"", ""verification_status"": ""source_identity_license_and_locator_verified_2026-08-12; veterinary_claim_review_pending"", ""support_note"": ""中文内容为保守概括；来源用于支持主题、物种和风险边界，不代表个体诊断。"", ""change_note"": ""已在 v1.4 核对来源身份、商业许可、题名和定位；未逐字复制。""}]",Only verified CC BY/CC0 evidence is retained; attribution and change notices are mandatory.,true,adversarial_review_fixes_applied_v1_6,blocked_pending_mainland_China_licensed_veterinarian_review,true,test,false,51ffac1ec82775a7cbc3cdf67bbe69ebb02465a4e14334a0d398ef00ecb2930a
MVP-DX-004,1.6.0-open-mvp-truth-repair-draft,zh-CN,犬ALT或ALP升高不等于肝功能衰竭,"[""dog""]",diagnostics,common_disease_health_education_and_triage,"[""宠物转氨酶高就是肝病吗"", ""ALP很高怎么办""]","[""常由化验发现"", ""可能无症状或伴食欲变化""]","[""犬肝酶活性变化反映多种过程，不直接等同于肝脏功能丧失"", ""单次结果需结合趋势、症状、胆红素和其他检查解释""]","[""是否使用激素或其他药物？"", ""是否有历次 ALT/ALP 复查结果可供比较趋势？"", ""目前食欲与平时相比有无明显变化？""]",在家记录食欲、饮水、呕吐、腹泻、尿色、皮肤或巩膜黄染、精神状态和活动量，并保存历次肝酶化验结果以便比较趋势；如出现上述任一红旗表现，请立即带犬前往兽医处急诊评估。不要仅凭知识卡自行确诊或用药。,"[""新出现或加重的黄疸（无论是否拒食）"", ""拒食"", ""意识异常"", ""持续呕吐或出血""]",犬ALT或ALP升高不等于肝功能衰竭；宠物转氨酶高就是肝病吗；ALP很高怎么办；常由化验发现；可能无症状或伴食欲变化；犬肝酶活性变化反映多种过程，不直接等同于肝脏功能丧失；单次结果需结合趋势、症状、胆红素和其他检查解释；新出现或加重的黄疸（无论是否拒食）；拒食；意识异常；持续呕吐或出血,"[{""source_id"": ""PMC11417468"", ""title"": ""Serial evaluation of liver enzyme activities in dogs with pulmonary coccidioidomycosis administered per os fluconazole"", ""url"": ""https://pmc.ncbi.nlm.nih.gov/articles/PMC11417468/"", ""license"": ""CC BY 4.0"", ""page_or_section"": ""Abstract"", ""verification_status"": ""source_identity_license_and_locator_verified_2026-08-12; veterinary_claim_review_pending"", ""support_note"": ""中文内容为保守概括；来源用于支持主题、物种和风险边界，不代表个体诊断。"", ""change_note"": ""已在 v1.4 核对来源身份、商业许可、题名和定位；未逐字复制。""}]",Only verified CC BY/CC0 evidence is retained; attribution and change notices are mandatory.,true,adversarial_review_fixes_applied_v1_6,blocked_pending_mainland_China_licensed_veterinarian_review,true,test,false,1c5a6a8c9d26bddc1d6e51d3ee417b436733c529de46e4367468d0c150c26a7a
MVP-DX-005,1.6.0-open-mvp-truth-repair-draft,zh-CN,肌酐和尿素需要结合水合及尿液结果,"[""cat"", ""dog""]",diagnostics,common_disease_health_education_and_triage,"[""宠物肌酐高就是肾衰吗"", ""尿素高怎么办""]","[""化验值升高"", ""可能多饮多尿、食欲差或无明显症状""]","[""肾脏相关血液指标会受水合状态等因素影响"", ""连续趋势、尿比重和其他检查有助于区分问题""]","[""是否做过尿检？有无历史肌酐/尿素结果可对比？"", ""近期饮水、排尿量或频率有无变化？"", ""近期有无呕吐、腹泻、食欲下降或脱水情况？""]",记录出现时间、频率、照片或视频以及食欲、饮水、排尿排便和活动变化；由兽医结合体检及必要检查判断，不要仅凭知识卡自行确诊或用药；若出现上述任一红旗表现，请立即就医或急诊。,"[""无尿或尿量骤减"", ""持续呕吐"", ""明显虚弱或意识变化""]",肌酐和尿素需要结合水合及尿液结果；宠物肌酐高就是肾衰吗；尿素高怎么办；化验值升高；可能多饮多尿、食欲差或无明显症状；肾脏相关血液指标会受水合状态等因素影响；连续趋势、尿比重和其他检查有助于区分问题；无尿或尿量骤减；持续呕吐；明显虚弱或意识变化,"[{""source_id"": ""PMC8093391"", ""title"": ""Effects of IV Fluids in Dogs and Cats With Kidney Failure"", ""url"": ""https://pmc.ncbi.nlm.nih.gov/articles/PMC8093391/"", ""license"": ""CC BY 4.0"", ""page_or_section"": ""Abstract"", ""verification_status"": ""source_identity_license_and_locator_verified_2026-08-12; veterinary_claim_review_pending"", ""support_note"": ""中文内容为保守概括；来源用于支持主题、物种和风险边界，不代表个体诊断。"", ""change_note"": ""已在 v1.4 核对来源身份、商业许可、题名和定位；未逐字复制。""}, {""source_id"": ""PMC7704312"", ""title"": ""Urinalysis in dog and cat: A review"", ""url"": ""https://pmc.ncbi.nlm.nih.gov/articles/PMC7704312/"", ""license"": ""CC BY 4.0"", ""page_or_section"": ""Abstract"", ""verification_status"": ""source_identity_license_and_locator_verified_2026-08-12; veterinary_claim_review_pending"", ""support_note"": ""中文内容为保守概括；来源用于支持主题、物种和风险边界，不代表个体诊断。"", ""change_note"": ""已在 v1.4 核对来源身份、商业许可、题名和定位；未逐字复制。""}]",Only verified CC BY/CC0 evidence is retained; attribution and change notices are mandatory.,true,adversarial_review_fixes_applied_v1_6,blocked_pending_mainland_China_licensed_veterinarian_review,true,test,false,7ae630bcfcc24d8e85d0447b9c0a0958249cf0a6a78d75a7600df966d96db1ad
MVP-DX-006,1.6.0-open-mvp-truth-repair-draft,zh-CN,尿比重偏低或偏高怎么理解,"[""cat"", ""dog""]",diagnostics,common_disease_health_education_and_triage,"[""宠物尿比重低"", ""尿比重高说明什么""]","[""主人可能无法直接观察到尿比重异常，但可注意排尿次数、尿量、饮水量的变化""]","[""尿比重反映尿液浓缩程度，需结合饮水、脱水状态、采样时间和肾功能指标"", ""单次结果不能独立确诊肾病""]","[""这种情况是否可能由多尿或饮水过多引起？"", ""是否需要记录排尿次数或单次尿量的变化？"", ""是否建议做血液肾功能检查（如肌酐、尿素氮等）？""]",记录饮水量、排尿次数与尿量、食欲、体重变化等；如出现无尿、明显脱水虚弱、持续呕吐或尿路堵塞表现等任一红旗，应立即就医或急诊，不要仅凭知识卡自行判断或用药。,"[""无尿"", ""明显脱水虚弱"", ""持续呕吐或尿路堵塞表现""]",尿比重偏低或偏高怎么理解；宠物尿比重低；尿比重高说明什么；通常由尿检发现；尿比重反映尿液浓缩程度，需结合饮水、脱水状态、采样时间和肾功能指标；单次结果不能独立确诊肾病；无尿；明显脱水虚弱；持续呕吐或尿路堵塞表现,"[{""source_id"": ""PMC7704312"", ""title"": ""Urinalysis in dog and cat: A review"", ""url"": ""https://pmc.ncbi.nlm.nih.gov/articles/PMC7704312/"", ""license"": ""CC BY 4.0"", ""page_or_section"": ""Abstract"", ""verification_status"": ""source_identity_license_and_locator_verified_2026-08-12; veterinary_claim_review_pending"", ""support_note"": ""中文内容为保守概括；来源用于支持主题、物种和风险边界，不代表个体诊断。"", ""change_note"": ""已在 v1.4 核对来源身份、商业许可、题名和定位；未逐字复制。""}]",Only verified CC BY/CC0 evidence is retained; attribution and change notices are mandatory.,true,adversarial_review_fixes_applied_v1_6,blocked_pending_mainland_China_licensed_veterinarian_review,true,test,false,8ae522bb8a9d5a5d64147d7ad46363b92b0b2c8f4f0200e5d1d6b59842aafc04
MVP-DX-007,1.6.0-open-mvp-truth-repair-draft,zh-CN,尿蛋白阳性需要确认来源和持续性,"[""cat"", ""dog""]",diagnostics,common_disease_health_education_and_triage,"[""宠物尿蛋白高"", ""尿检蛋白阳性""]","[""通常由尿检发现"", ""可能无明显表现""]","[""尿蛋白可受尿液浓度、炎症、出血和肾脏等因素影响"", ""持续性结果常需复查并结合沉渣与定量评估""]","[""宠物近期是否复查过尿蛋白？"", ""最近一次尿液样本是通过什么方式采集的（自然排尿、导尿、膀胱穿刺）？"", ""宠物排尿次数是否比平时明显增多？""]",记录出现时间、频率、照片或视频以及食欲、饮水、排尿排便和活动变化；若出现无尿或排尿困难、肉眼大量血尿、明显水肿或虚弱等任一红旗表现，应立即就医或急诊。由兽医结合体检及必要检查判断，不要仅凭知识卡自行确诊或用药。,"[""无尿或排尿困难"", ""肉眼大量血尿"", ""明显水肿或虚弱""]",尿蛋白阳性需要确认来源和持续性；宠物尿蛋白高；尿检蛋白阳性；通常由尿检发现；可能无明显表现；尿蛋白可受尿液浓度、炎症、出血和肾脏等因素影响；持续性结果常需复查并结合沉渣与定量评估；无尿或排尿困难；肉眼大量血尿；明显水肿或虚弱,"[{""source_id"": ""PMC7704312"", ""title"": ""Urinalysis in dog and cat: A review"", ""url"": ""https://pmc.ncbi.nlm.nih.gov/articles/PMC7704312/"", ""license"": ""CC BY 4.0"", ""page_or_section"": ""Abstract"", ""verification_status"": ""source_identity_license_and_locator_verified_2026-08-12; veterinary_claim_review_pending"", ""support_note"": ""中文内容为保守概括；来源用于支持主题、物种和风险边界，不代表个体诊断。"", ""change_note"": ""已在 v1.4 核对来源身份、商业许可、题名和定位；未逐字复制。""}]",Only verified CC BY/CC0 evidence is retained; attribution and change notices are mandatory.,true,adversarial_review_fixes_applied_v1_6,blocked_pending_mainland_China_licensed_veterinarian_review,true,test,false,64569d94f6f95b2d4a82288150d30e2a404c024207bc49ab48d592a434539678
MVP-DX-008,1.6.0-open-mvp-truth-repair-draft,zh-CN,尿潜血阳性不一定都是膀胱出血,"[""cat"", ""dog""]",diagnostics,common_disease_health_education_and_triage,"[""宠物尿潜血阳性"", ""尿检有血但看不出来""]","[""试纸潜血阳性"", ""尿液外观可能正常""]","[""尿试纸潜血需要结合显微镜沉渣和采样方式解释"", ""穿刺、导尿、炎症和色素等都可能影响结果""]","[""宠物现在能正常排尿吗？有没有频繁蹲尿、尿量很少或完全尿不出来？"", ""尿液是否肉眼可见发红、有血丝或血块？"", ""是否有牙龈苍白、精神萎靡或虚弱无力？""]",记录出现时间、频率、照片或视频以及食欲、饮水、排尿排便和活动变化；由兽医结合体检及必要检查判断，不要仅凭知识卡自行确诊或用药；若出现上述任一红旗表现，请立即就医或急诊。,"[""无法排尿"", ""大量肉眼血尿"", ""虚弱牙龈苍白""]",尿潜血阳性不一定都是膀胱出血；宠物尿潜血阳性；尿检有血但看不出来；试纸潜血阳性；尿液外观可能正常；尿试纸潜血需要结合显微镜沉渣和采样方式解释；穿刺、导尿、炎症和色素等都可能影响结果；无法排尿；大量肉眼血尿；虚弱牙龈苍白,"[{""source_id"": ""PMC7704312"", ""title"": ""Urinalysis in dog and cat: A review"", ""url"": ""https://pmc.ncbi.nlm.nih.gov/articles/PMC7704312/"", ""license"": ""CC BY 4.0"", ""page_or_section"": ""Abstract"", ""verification_status"": ""source_identity_license_and_locator_verified_2026-08-12; veterinary_claim_review_pending"", ""support_note"": ""中文内容为保守概括；来源用于支持主题、物种和风险边界，不代表个体诊断。"", ""change_note"": ""已在 v1.4 核对来源身份、商业许可、题名和定位；未逐字复制。""}]",Only verified CC BY/CC0 evidence is retained; attribution and change notices are mandatory.,true,adversarial_review_fixes_applied_v1_6,blocked_pending_mainland_China_licensed_veterinarian_review,true,test,false,d0f0864e5f76ec8bbcd96b6e6e896e6c6b09a39113c6ace8ca337faf1af571aa
MVP-DX-009,1.6.0-open-mvp-truth-repair-draft,zh-CN,猫血糖升高需区分应激与糖尿病,"[""cat""]",diagnostics,common_disease_health_education_and_triage,"[""猫血糖高就是糖尿病吗"", ""猫去医院紧张血糖高""]","[""血糖升高"", ""可能多饮多尿或体重下降"", ""也可能临床无异常""]","[""猫应激可造成暂时性高血糖"", ""糖尿病判断需结合持续性血糖、尿糖、症状和其他检查""]","[""猫近期饮水量、排尿量和体重有哪些变化？"", ""血糖是单次升高还是多次复查均持续升高？"", ""是否做过尿检，尿糖是否阳性？""]",记录出现时间、频率、照片或视频以及食欲、饮水、排尿排便和活动变化；若出现虚弱倒地、意识改变、呼吸急促/费力、反复呕吐等任一红旗表现，应立即前往急诊；由兽医结合体检及必要检查判断，不要仅凭知识卡自行确诊或用药。,"[""虚弱倒地"", ""反复呕吐拒食"", ""呼吸异常或意识变化""]",猫血糖升高需区分应激与糖尿病；猫血糖高就是糖尿病吗；猫去医院紧张血糖高；血糖升高；可能多饮多尿或体重下降；也可能临床无异常；猫应激可造成暂时性高血糖；糖尿病判断需结合持续性血糖、尿糖、症状和其他检查；虚弱倒地；反复呕吐拒食；呼吸异常或意识变化,"[{""source_id"": ""PMC12472474"", ""title"": ""Comparative Pharmacological and Pharmaceutical Perspectives on Antidiabetic Therapies in Humans, Dogs, and Cats"", ""url"": ""https://pmc.ncbi.nlm.nih.gov/articles/PMC12472474/"", ""license"": ""CC BY 4.0"", ""page_or_section"": ""Abstract"", ""verification_status"": ""source_identity_license_and_locator_verified_2026-08-12; veterinary_claim_review_pending"", ""support_note"": ""中文内容为保守概括；来源用于支持主题、物种和风险边界，不代表个体诊断。"", ""change_note"": ""已在 v1.4 核对来源身份、商业许可、题名和定位；未逐字复制。""}]",Only verified CC BY/CC0 evidence is retained; attribution and change notices are mandatory.,true,adversarial_review_fixes_applied_v1_6,blocked_pending_mainland_China_licensed_veterinarian_review,true,test,false,dc3a8a90c54099b252abad0f35b97ac536d971fb615f3924644256a363c59d43
MVP-DX-010,1.6.0-open-mvp-truth-repair-draft,zh-CN,犬血压单次偏高需要规范复测,"[""dog""]",diagnostics,common_disease_health_education_and_triage,"[""宠物血压高怎么办"", ""狗量血压很紧张""]","[""测量时血压偏高"", ""可能无明显表现""]","[""设备、袖带、体位和测量流程都会影响犬血压结果"", ""单次读数应结合规范重复测量和临床背景解释""]","[""是否突然出现失明、神经异常、呼吸困难或倒地等任一红旗症状？"", ""本次血压是否在安静环境、合适袖带和规范体位下进行了多次测量？"", ""是否有肾病、心脏病、库欣综合征或糖尿病，或正在使用可能影响血压的药物？""]",记录血压测量数值、测量条件（如安静环境、合适袖带、体位）以及食欲、饮水、排尿排便和活动等变化；由兽医按标准流程规范复测血压并结合体检判断，不要自行确诊或用药。若出现突然失明、神经异常、呼吸困难或倒地等任一红旗表现，请立即就医或前往急诊。,"[""突然失明"", ""神经异常"", ""呼吸困难或倒地""]",犬血压单次偏高需要规范复测；宠物血压高怎么办；狗量血压很紧张；测量时血压偏高；可能无明显表现；设备、袖带、体位和测量流程都会影响犬血压结果；单次读数应结合规范重复测量和临床背景解释；突然失明；神经异常；呼吸困难或倒地,"[{""source_id"": ""PMC12031224"", ""title"": ""Evaluation of Two Veterinary Oscillometric Noninvasive Blood Pressure (NIBP) Measurement Devices (petMAP Graphic II and High-Definition Oscillometry) in Dogs"", ""url"": ""https://pmc.ncbi.nlm.nih.gov/articles/PMC12031224/"", ""license"": ""CC BY 4.0"", ""page_or_section"": ""Abstract"", ""verification_status"": ""source_identity_license_and_locator_verified_2026-08-12; veterinary_claim_review_pending"", ""support_note"": ""中文内容为保守概括；来源用于支持主题、物种和风险边界，不代表个体诊断。"", ""change_note"": ""已在 v1.4 核对来源身份、商业许可、题名和定位；未逐字复制。""}]",Only verified CC BY/CC0 evidence is retained; attribution and change notices are mandatory.,true,adversarial_review_fixes_applied_v1_6,blocked_pending_mainland_China_licensed_veterinarian_review,true,test,false,30bd3ad14d56f3575e6c82d6df435206aaa99a0a1cdb9a0c0a6e8e4115b43f03
MVP-MON-001,1.6.0-open-mvp-truth-repair-draft,zh-CN,慢性肾病猫如何记录体重和食欲,"[""cat""]",home_monitoring,common_disease_health_education_and_triage,"[""肾病猫在家记什么"", ""肾病猫食欲忽好忽坏""]","[""体重、体况和进食量变化""]","[""连续体重和食欲趋势比主观印象更容易发现慢性肾病状态变化"", ""短期明显下降需要联系兽医""]","[""最近24小时内猫咪是否完全不吃任何食物？"", ""猫咪是否出现反复呕吐？"", ""最近一周内猫咪体重是否明显下降？""]",记录出现时间、频率、照片或视频以及食欲、饮水、排尿排便和活动变化；由兽医结合体检及必要检查判断，不要仅凭知识卡自行确诊或用药；若出现上述任一红旗表现，请立即就医或急诊。,"[""完全拒食"", ""反复呕吐"", ""明显虚弱或快速减重""]",慢性肾病猫如何记录体重和食欲；肾病猫在家记什么；肾病猫食欲忽好忽坏；体重、体况和进食量变化；连续体重和食欲趋势比主观印象更容易发现慢性肾病状态变化；短期明显下降需要联系兽医；完全拒食；反复呕吐；明显虚弱或快速减重,"[{""source_id"": ""DOI-10.3390-life15121856"", ""title"": ""Epidemiology of Chronic Kidney Disease (CKD) in Cats"", ""url"": ""https://www.mdpi.com/2075-1729/15/12/1856"", ""license"": ""CC BY 4.0"", ""page_or_section"": ""Abstract"", ""verification_status"": ""source_identity_license_and_locator_verified_2026-08-12; veterinary_claim_review_pending"", ""support_note"": ""中文内容为保守概括；来源用于支持主题、物种和风险边界，不代表个体诊断。"", ""change_note"": ""已在 v1.4 核对来源身份、商业许可、题名和定位；未逐字复制。""}]",Only verified CC BY/CC0 evidence is retained; attribution and change notices are mandatory.,true,adversarial_review_fixes_applied_v1_6,blocked_pending_mainland_China_licensed_veterinarian_review,true,test,false,cf5073dfbf8afadb0c93cd054397f99733e901a0593c2f70da92708e75aa0686
MVP-MON-002,1.6.0-open-mvp-truth-repair-draft,zh-CN,慢性肾病宠物如何记录饮水和排尿,"[""cat"", ""dog""]",home_monitoring,common_disease_health_education_and_triage,"[""肾病宠物水和尿怎么记"", ""猫喝水突然更多""]","[""狗：排尿次数、每次排尿量、尿垫湿度/面积变化或外出排尿时长"", ""猫：饮水量、尿团大小或排尿频率变化""]","[""慢性肾病可伴饮水排尿变化，家庭趋势记录可帮助复诊沟通"", ""猫砂团和水碗变化只能作为近似观察""]","[""与平时相比，饮水量是增加、减少还是基本不变？"", ""与平时相比，尿团大小、排尿次数或尿量是增加、减少还是基本不变？"", ""是否使用了照片、称重、量杯或尿垫面积等方式来记录饮水和排尿趋势？""]",先记录饮水量和排尿趋势及变化时间，出现任一红旗症状时应立即就医或急诊；无红旗症状时，记录后由兽医结合体检及必要检查判断，不要仅凭知识卡自行确诊或用药。,"[""超过12-24小时无尿或尿量明显骤减"", ""频繁蹲尿但仅滴尿或排不出尿"", ""虚弱伴呕吐""]",慢性肾病宠物如何记录饮水和排尿；肾病宠物水和尿怎么记；猫喝水突然更多；饮水量、尿团大小或排尿频率变化；慢性肾病可伴饮水排尿变化，家庭趋势记录可帮助复诊沟通；猫砂团和水碗变化只能作为近似观察；无尿或明显尿量骤减；反复蹲尿无尿；虚弱伴呕吐,"[{""source_id"": ""PMC8093391"", ""title"": ""Effects of IV Fluids in Dogs and Cats With Kidney Failure"", ""url"": ""https://pmc.ncbi.nlm.nih.gov/articles/PMC8093391/"", ""license"": ""CC BY 4.0"", ""page_or_section"": ""Abstract"", ""verification_status"": ""source_identity_license_and_locator_verified_2026-08-12; veterinary_claim_review_pending"", ""support_note"": ""中文内容为保守概括；来源用于支持主题、物种和风险边界，不代表个体诊断。"", ""change_note"": ""已在 v1.4 核对来源身份、商业许可、题名和定位；未逐字复制。""}]",Only verified CC BY/CC0 evidence is retained; attribution and change notices are mandatory.,true,adversarial_review_fixes_applied_v1_6,blocked_pending_mainland_China_licensed_veterinarian_review,true,test,false,7af001f751121a7a2d1c1c903477b2ca397db1546a1fd0cbf475187c045f8977
MVP-MON-003,1.6.0-open-mvp-truth-repair-draft,zh-CN,犬心脏病如何记录睡眠呼吸,"[""dog""]",home_monitoring,common_disease_health_education_and_triage,"[""心脏病狗在家数呼吸"", ""狗睡觉呼吸变快""]","[""熟睡时呼吸频率和用力程度变化"", ""夜间咳嗽或不安""]","[""熟睡呼吸趋势可帮助发现心衰状态变化"", ""应在真正安静熟睡时重复记录并按主治兽医设定阈值""]","[""狗狗现在是否出现张口呼吸、费力呼吸、牙龈发蓝发灰或无法平卧/倒地？"", ""与平时熟睡时相比，呼吸频率或费力程度是否明显增加？"", ""测量时狗狗是否处于真正安静熟睡状态？""]",按主治兽医给出的个体阈值记录并联系复诊；出现费力呼吸、发绀或倒地立即急诊。,"[""张口或费力呼吸"", ""牙龈发蓝发灰"", ""无法平卧或倒地""]",犬心脏病如何记录睡眠呼吸；心脏病狗在家数呼吸；狗睡觉呼吸变快；熟睡时呼吸频率和用力程度变化；夜间咳嗽或不安；熟睡呼吸趋势可帮助发现心衰状态变化；应在真正安静熟睡时重复记录并按主治兽医设定阈值；张口或费力呼吸；牙龈发蓝发灰；无法平卧或倒地,"[{""source_id"": ""DOI-10.3390-ani12020209"", ""title"": ""Management of Chronic Congestive Heart Failure Caused by Myxomatous Mitral Valve Disease in Dogs"", ""url"": ""https://www.mdpi.com/2076-2615/12/2/209"", ""license"": ""CC BY 4.0"", ""page_or_section"": ""Abstract"", ""verification_status"": ""source_identity_license_and_locator_verified_2026-08-12; veterinary_claim_review_pending"", ""support_note"": ""中文内容为保守概括；来源用于支持主题、物种和风险边界，不代表个体诊断。"", ""change_note"": ""已在 v1.4 核对来源身份、商业许可、题名和定位；未逐字复制。""}]",Only verified CC BY/CC0 evidence is retained; attribution and change notices are mandatory.,true,adversarial_review_fixes_applied_v1_6,blocked_pending_mainland_China_licensed_veterinarian_review,true,test,false,b36e109cf2e8dd6520c798f8f92918b0735c7010d9ff2af3a2413e0dde44bcf5
MVP-MON-004,1.6.0-open-mvp-truth-repair-draft,zh-CN,糖尿病宠物家庭日志要记什么,"[""cat"", ""dog""]",home_monitoring,common_disease_health_education_and_triage,"[""糖尿病猫每天记什么"", ""糖尿病狗在家监测""]","[""食欲、饮水、排尿、体重和精神变化""]","[""家庭日志可帮助识别糖尿病控制趋势和低血糖风险"", ""不得根据单次读数自行改变药物""]","[""是否按实际时间记录每餐进食和用药时间？"", ""饮水量是否比平时明显增多或减少？"", ""排尿量或次数是否比平时明显增多或减少？""]",记录并按主治兽医方案处理；出现任一红旗（发抖无力或抽搐、拒食伴呕吐、意识下降）应立即就医或急诊，勿自行加量或重复给药。,"[""发抖无力或抽搐"", ""拒食伴呕吐"", ""意识下降""]",糖尿病宠物家庭日志要记什么；糖尿病猫每天记什么；糖尿病狗在家监测；食欲、饮水、排尿、体重和精神变化；家庭日志可帮助识别糖尿病控制趋势和低血糖风险；不得根据单次读数自行改变药物；发抖无力或抽搐；拒食伴呕吐；意识下降,"[{""source_id"": ""PMC12472474"", ""title"": ""Comparative Pharmacological and Pharmaceutical Perspectives on Antidiabetic Therapies in Humans, Dogs, and Cats"", ""url"": ""https://pmc.ncbi.nlm.nih.gov/articles/PMC12472474/"", ""license"": ""CC BY 4.0"", ""page_or_section"": ""Abstract"", ""verification_status"": ""source_identity_license_and_locator_verified_2026-08-12; veterinary_claim_review_pending"", ""support_note"": ""中文内容为保守概括；来源用于支持主题、物种和风险边界，不代表个体诊断。"", ""change_note"": ""已在 v1.4 核对来源身份、商业许可、题名和定位；未逐字复制。""}]",Only verified CC BY/CC0 evidence is retained; attribution and change notices are mandatory.,true,adversarial_review_fixes_applied_v1_6,blocked_pending_mainland_China_licensed_veterinarian_review,true,test,false,2c2303849c6f24b23ec4967f3eb84d9c5cf935891b88b601837937f4054f2d79
MVP-MON-005,1.6.0-open-mvp-truth-repair-draft,zh-CN,骨关节炎宠物如何记录活动变化,"[""cat"", ""dog""]",home_monitoring,common_disease_health_education_and_triage,"[""关节炎宠物怎么观察"", ""猫不跳了怎么记录""]","[""起身、上下楼、跳跃、散步和梳理能力变化""]","[""固定场景的视频和每周活动记录有助于比较慢性疼痛与行动能力"", ""猫可能以少跳跃或梳理减少表现疼痛""]","[""宠物是否突然无法负重或无法起身？"", ""是否有明显外伤或肿胀？"", ""哪些动作最困难（如起身、上下楼、跳跃、梳理）？""]",记录出现时间、频率、照片或视频以及食欲、饮水、排尿排便和活动变化；由兽医结合体检及必要检查判断，不要仅凭知识卡自行确诊或用药；若出现上述任一红旗表现，请立即就医或急诊。,"[""突然无法负重"", ""明显外伤肿胀"", ""持续喘痛或无法起身""]",骨关节炎宠物如何记录活动变化；关节炎宠物怎么观察；猫不跳了怎么记录；起身、上下楼、跳跃、散步和梳理能力变化；固定场景的视频和每周活动记录有助于比较慢性疼痛与行动能力；猫可能以少跳跃或梳理减少表现疼痛；突然无法负重；明显外伤肿胀；持续喘痛或无法起身,"[{""source_id"": ""PMC9499673"", ""title"": ""A 2022 Systematic Review and Meta-Analysis of Enriched Therapeutic Diets and Nutraceuticals in Canine and Feline Osteoarthritis"", ""url"": ""https://pmc.ncbi.nlm.nih.gov/articles/PMC9499673/"", ""license"": ""CC BY 4.0"", ""page_or_section"": ""Abstract"", ""verification_status"": ""source_identity_license_and_locator_verified_2026-08-12; veterinary_claim_review_pending"", ""support_note"": ""中文内容为保守概括；来源用于支持主题、物种和风险边界，不代表个体诊断。"", ""change_note"": ""已在 v1.4 核对来源身份、商业许可、题名和定位；未逐字复制。""}]",Only verified CC BY/CC0 evidence is retained; attribution and change notices are mandatory.,true,adversarial_review_fixes_applied_v1_6,blocked_pending_mainland_China_licensed_veterinarian_review,true,test,false,eed0e776d33a9f8a064f4d5d50e4eca29caf8c1b4b9c26a7a70a0576a847d99b
MVP-MON-006,1.6.0-open-mvp-truth-repair-draft,zh-CN,犬过敏性皮肤病如何记录复发诱因,"[""dog""]",home_monitoring,common_disease_health_education_and_triage,"[""宠物过敏怎么做日记"", ""皮肤病总复发怎么记录""]","[""瘙痒部位、频率、耳炎和皮疹反复""]","[""按日期记录瘙痒、食物、环境、驱虫和治疗反应有助于识别模式"", ""日记不能代替寄生虫和感染检查""]","[""是否出现面部肿胀、呼吸困难、发热或精神差？"", ""皮肤是否有大面积红肿、脓疱、溃烂或耳道异味/分泌物？"", ""瘙痒或皮疹是否与季节、食物、环境或驱虫/药物变化有关？""]",记录出现时间、频率、照片或视频以及食欲、饮水、排尿排便和活动变化；由兽医结合体检及必要检查判断，不要仅凭知识卡自行确诊或用药；若出现上述任一红旗表现，请立即就医或急诊。,"[""面部肿胀呼吸困难"", ""大面积感染"", ""发热精神差""]",犬过敏性皮肤病如何记录复发诱因；宠物过敏怎么做日记；皮肤病总复发怎么记录；瘙痒部位、频率、耳炎和皮疹反复；按日期记录瘙痒、食物、环境、驱虫和治疗反应有助于识别模式；日记不能代替寄生虫和感染检查；面部肿胀呼吸困难；大面积感染；发热精神差,"[{""source_id"": ""PMC4531508"", ""title"": ""Canine atopic dermatitis: detailed guidelines for diagnosis and allergen identification"", ""url"": ""https://pmc.ncbi.nlm.nih.gov/articles/PMC4531508/"", ""license"": ""CC BY 4.0"", ""page_or_section"": ""Abstract"", ""verification_status"": ""source_identity_license_and_locator_verified_2026-08-12; veterinary_claim_review_pending"", ""support_note"": ""中文内容为保守概括；来源用于支持主题、物种和风险边界，不代表个体诊断。"", ""change_note"": ""已在 v1.4 核对来源身份、商业许可、题名和定位；未逐字复制。""}]",Only verified CC BY/CC0 evidence is retained; attribution and change notices are mandatory.,true,adversarial_review_fixes_applied_v1_6,blocked_pending_mainland_China_licensed_veterinarian_review,true,test,false,a44148886320cb4dc800ba19a82b855d1cb0c2f1ee5b74c9c30907be1562100b
MVP-MON-007,1.6.0-open-mvp-truth-repair-draft,zh-CN,癫痫宠物发作日志要记录什么,"[""cat"", ""dog""]",home_monitoring,common_disease_health_education_and_triage,"[""宠物抽搐怎么记录"", ""癫痫日志记什么""]","[""发作前后行为、持续时间、动作和恢复过程""]","[""准确计时、视频和发作频率记录有助于兽医判断模式"", ""发作时应先保证环境安全，不要把手伸入口中""]","[""发作持续了多长时间？"", ""24小时内发作了几次？"", ""发作后多久恢复到正常状态？""]",发作时移开危险物并计时；持续不止、短期反复或恢复异常时立即急诊。,"[""发作持续不止"", ""短时间反复发作"", ""发作后呼吸或意识持续异常""]",癫痫宠物发作日志要记录什么；宠物抽搐怎么记录；癫痫日志记什么；发作前后行为、持续时间、动作和恢复过程；准确计时、视频和发作频率记录有助于兽医判断模式；发作时应先保证环境安全，不要把手伸入口中；发作持续不止；短时间反复发作；发作后呼吸或意识持续异常,"[{""source_id"": ""PMC11209469"", ""title"": ""Emergency Approach to Acute Seizures in Dogs and Cats"", ""url"": ""https://pmc.ncbi.nlm.nih.gov/articles/PMC11209469/"", ""license"": ""CC BY 4.0"", ""page_or_section"": ""Abstract"", ""verification_status"": ""source_identity_license_and_locator_verified_2026-08-12; veterinary_claim_review_pending"", ""support_note"": ""中文内容为保守概括；来源用于支持主题、物种和风险边界，不代表个体诊断。"", ""change_note"": ""已在 v1.4 核对来源身份、商业许可、题名和定位；未逐字复制。""}]",Only verified CC BY/CC0 evidence is retained; attribution and change notices are mandatory.,true,adversarial_review_fixes_applied_v1_6,blocked_pending_mainland_China_licensed_veterinarian_review,true,test,false,c0feb7501a17ddb64ca04dcfffc62999ad1ed0095dae17c1add6453c9a297e25
MVP-MON-008,1.6.0-open-mvp-truth-repair-draft,zh-CN,宠物新发现肿块如何在家记录,"[""cat"", ""dog""]",home_monitoring,common_disease_health_education_and_triage,"[""宠物长了包怎么记录"", ""肿块要不要拍照量""]","[""皮下或皮肤新肿块"", ""大小、表面或质地可能变化""]","[""固定参照的照片和日期可帮助描述肿块变化，但不能判断良恶性"", ""新出现、增长、破溃或疼痛的肿块应由兽医评估是否需要细胞学或组织学取样""]","[""肿块是否已影响宠物的呼吸、吞咽或正常行走？"", ""肿块是否在短期内快速增大？"", ""肿块是否有破溃、出血或明显疼痛？""]",记录首次发现时间和每次观察的日期、照片或视频，以及食欲、饮水、排尿排便和活动变化；若出现任一红旗表现，请立即就医或急诊；由兽医结合体检及必要检查判断，不要仅凭知识卡自行确诊或用药。,"[""快速增大"", ""破溃出血"", ""影响呼吸吞咽或行走"", ""明显疼痛或触痛"", ""肿块与深部组织固定或边界不清"", ""伴食欲下降、体重减轻或精神差""]",宠物新发现肿块如何在家记录；宠物长了包怎么记录；肿块要不要拍照量；皮下或皮肤新肿块；大小、表面或质地可能变化；固定参照的照片和日期可帮助描述肿块变化，但不能判断良恶性；新出现、增长、破溃或疼痛的肿块应由兽医评估是否需要细胞学或组织学取样；快速增大；破溃出血；影响呼吸吞咽或行走；明显疼痛或触痛；肿块与深部组织固定或边界不清；伴食欲下降、体重减轻或精神差,"[{""source_id"": ""PMC12668749"", ""title"": ""Large-scale epidemiological and diagnostic assessment of canine cytology in Portugal"", ""url"": ""https://pmc.ncbi.nlm.nih.gov/articles/PMC12668749/"", ""license"": ""CC BY 4.0"", ""page_or_section"": ""Abstract"", ""verification_status"": ""source_identity_license_and_locator_verified_2026-08-12; veterinary_claim_review_pending"", ""support_note"": ""中文内容为保守概括；来源用于支持主题、物种和风险边界，不代表个体诊断。"", ""change_note"": ""已在 v1.4 核对来源身份、商业许可、题名和定位；未逐字复制。""}, {""source_id"": ""PMC12298540"", ""title"": ""What Comes from Cytology Diagnosis: A Comprehensive Epidemiological Retrospective Analysis of 3068 Feline Cases"", ""url"": ""https://pmc.ncbi.nlm.nih.gov/articles/PMC12298540/"", ""license"": ""CC BY 4.0"", ""page_or_section"": ""Abstract"", ""verification_status"": ""source_identity_license_and_locator_verified_2026-08-12; veterinary_claim_review_pending"", ""support_note"": ""中文内容为保守概括；来源用于支持主题、物种和风险边界，不代表个体诊断。"", ""change_note"": ""已在 v1.4 核对来源身份、商业许可、题名和定位；未逐字复制。""}]",Only verified CC BY/CC0 evidence is retained; attribution and change notices are mandatory.,true,adversarial_review_fixes_applied_v1_6,blocked_pending_mainland_China_licensed_veterinarian_review,true,test,false,c8a3a72bba866d7d0b890ea07521fdce8c6ab3c9ca2f2e23d689f70a4a5b5cee
MVP-MON-009,1.6.0-open-mvp-truth-repair-draft,zh-CN,犬慢病药物漏服后不要自行加倍,"[""dog""]",home_monitoring,common_disease_health_education_and_triage,"[""宠物药漏吃一次怎么办"", ""下一次能不能吃双倍""]","[""错过一次处方药或无法确认是否已给药""]","[""漏服处理取决于药物、疾病和距离下次给药的时间"", ""自行加倍或重复给药可能增加不良反应风险，应联系开药医院确认""]","[""宠物现在有没有出现抽搐、倒地、呼吸困难、明显虚弱或反复呕吐等紧急症状？"", ""漏服的药物名称、剂型和剂量是什么？"", ""现在距离原本该吃药的时间过了多久？""]",查看处方标签并立即联系开药医院确认；不要自行补双倍，也不要用其他宠物的药替代；若出现上述任一红旗表现，请立即就医或急诊。,"[""抽搐或倒地"", ""呼吸困难"", ""明显虚弱、反复呕吐或疑似过量""]",犬慢病药物漏服后不要自行加倍；宠物药漏吃一次怎么办；下一次能不能吃双倍；错过一次处方药或无法确认是否已给药；漏服处理取决于药物、疾病和距离下次给药的时间；自行加倍或重复给药可能增加不良反应风险，应联系开药医院确认；抽搐或倒地；呼吸困难；明显虚弱、反复呕吐或疑似过量,"[{""source_id"": ""PMC11394019"", ""title"": ""Factors Associated with Medication Noncompliance in Dogs in New Zealand"", ""url"": ""https://pmc.ncbi.nlm.nih.gov/articles/PMC11394019/"", ""license"": ""CC BY 4.0"", ""page_or_section"": ""Abstract"", ""verification_status"": ""source_identity_license_and_locator_verified_2026-08-12; veterinary_claim_review_pending"", ""support_note"": ""中文内容为保守概括；来源用于支持主题、物种和风险边界，不代表个体诊断。"", ""change_note"": ""已在 v1.4 核对来源身份、商业许可、题名和定位；未逐字复制。""}]",Only verified CC BY/CC0 evidence is retained; attribution and change notices are mandatory.,true,adversarial_review_fixes_applied_v1_6,blocked_pending_mainland_China_licensed_veterinarian_review,true,test,false,97cfca9e6bbe80bfa5107f8065bb032ffc6a37948f15782da563e84e56b4ae5d
