id,version,locale,title,species,category,scope,scope_note,user_phrases,owner_observable_signs,source_supported_simple_facts,questions_to_ask,safe_next_step,red_flags,retrieval_text,evidence,license_policy,commercial_use_allowed,repair_status,release_gate,review_required,index_tier,production_eligible,content_hash
OS-GI-001,1.8.0-open-mvp-retrieval-and-safety-repair-draft,zh-CN,犬突然出现轻度腹泻,"[""dog""]",gastrointestinal,simple_owner_question,,"[""狗今天拉稀"",""突然软便"",""便软""]","[""突然出现软便或稀便"",""目前精神和饮水基本正常""]","[""急性腹泻是犬常见就诊问题"",""严重程度需要结合全身状态、呕吐和便血判断""]","[""大便中是否带血或呈黑色？"",""是否出现呕吐？"",""今天腹泻了几次？""]",记录粪便次数、颜色和照片；保证饮水；若出现任一红旗表现，请立即线下就诊；若症状持续或伴随全身症状，也应及时线下检查。,"[""频繁水样腹泻"",""便血或黑便"",""反复呕吐"",""精神明显下降"",""幼犬或疫苗不全"",""明显腹痛或腹部胀大"",""眼窝凹陷或皮肤回弹差等脱水迹象""]",犬突然出现轻度腹泻；狗今天拉稀；突然软便；便软；突然出现软便或稀便；目前精神和饮水基本正常；急性腹泻是犬常见就诊问题；严重程度需要结合全身状态、呕吐和便血判断；频繁水样腹泻；便血或黑便；反复呕吐；精神明显下降；幼犬或疫苗不全；明显腹痛或腹部胀大；眼窝凹陷或皮肤回弹差等脱水迹象。,"[{""source_id"":""PMC12156985"",""title"":""Epidemiology and clinical management of acute diarrhoea in dogs under primary veterinary care in the UK"",""url"":""https://pmc.ncbi.nlm.nih.gov/articles/PMC12156985/"",""license"":""CC BY 4.0"",""page_or_section"":""Abstract"",""verification_status"":""source_identity_license_and_locator_verified_2026-08-12; veterinary_claim_review_pending"",""support_note"":""中文内容为保守概括；来源用于支持主题、物种和风险边界，不代表个体诊断。"",""change_note"":""已在 v1.4 核对来源身份、商业许可、题名和定位；未逐字复制。""},{""source_id"":""PMC7465157"",""title"":""Acute Diarrhea in Dogs: Current Management and Potential Role of Dietary Polyphenols Supplementation"",""url"":""https://pmc.ncbi.nlm.nih.gov/articles/PMC7465157/"",""license"":""CC BY 4.0"",""page_or_section"":""Abstract"",""verification_status"":""source_identity_license_and_locator_verified_2026-08-12; veterinary_claim_review_pending"",""support_note"":""中文内容为保守概括；来源用于支持主题、物种和风险边界，不代表个体诊断。"",""change_note"":""已在 v1.4 核对来源身份、商业许可、题名和定位；未逐字复制。""}]",Only verified CC BY/CC0 evidence is retained; attribution and change notices are mandatory.,true,phrase_expansion_and_new_cards_applied_v1_7,blocked_pending_mainland_China_licensed_veterinarian_review,true,test,false,b774cf8a2d093fc2e348907d66d2098eb9ed2bb5fe46c3c959125363572c9e10
OS-GI-002,1.8.0-open-mvp-retrieval-and-safety-repair-draft,zh-CN,犬腹泻时需要记录哪些信息,"[""dog""]",gastrointestinal,simple_owner_question,,"[""狗拉稀要观察什么"",""腹泻怎么判断严重""]","[""粪便次数、形态和颜色发生变化""]","[""病史和全身状态是评估急性腹泻严重程度的重要部分"",""幼龄、高龄或已有疾病的犬需要更谨慎""]","[""犬的年龄是多大？疫苗接种是否完成？"",""犬是否有既往疾病或正在长期用药？"",""除腹泻外，犬还出现了哪些其他表现（如频繁呕吐、腹部按压疼痛等）？""]",记录时间、次数、粪便照片、饮食变化和伴随症状，供兽医判断。若出现上述任一红旗表现，请立即联系兽医或前往急诊。,"[""脱水或虚弱"",""无法饮水"",""腹部明显疼痛"",""幼犬未完成免疫且腹泻"",""血便/黑便/呕血"",""频繁呕吐"",""精神沉郁/虚脱""]",犬腹泻时需要记录哪些信息；狗拉稀要观察什么；腹泻怎么判断严重；粪便次数、形态和颜色发生变化；病史和全身状态是评估急性腹泻严重程度的重要部分；幼龄、高龄或已有疾病的犬需要更谨慎；脱水或虚弱；无法饮水；腹部明显疼痛；幼犬未完成免疫且腹泻；血便/黑便/呕血；频繁呕吐；精神沉郁/虚脱。,"[{""source_id"":""PMC12156985"",""title"":""Epidemiology and clinical management of acute diarrhoea in dogs under primary veterinary care in the UK"",""url"":""https://pmc.ncbi.nlm.nih.gov/articles/PMC12156985/"",""license"":""CC BY 4.0"",""page_or_section"":""Abstract"",""verification_status"":""source_identity_license_and_locator_verified_2026-08-12; veterinary_claim_review_pending"",""support_note"":""中文内容为保守概括；来源用于支持主题、物种和风险边界，不代表个体诊断。"",""change_note"":""已在 v1.4 核对来源身份、商业许可、题名和定位；未逐字复制。""}]",Only verified CC BY/CC0 evidence is retained; attribution and change notices are mandatory.,true,phrase_expansion_and_new_cards_applied_v1_7,blocked_pending_mainland_China_licensed_veterinarian_review,true,test,false,0be920c71f69f8a9012f2f3ee7eb4559f3929b7a84d5cc7f6ae226755f2c3d90
OS-GI-003,1.8.0-open-mvp-retrieval-and-safety-repair-draft,zh-CN,犬腹泻是否可以自行用抗生素,"[""dog""]",gastrointestinal,simple_owner_question,,"[""狗拉稀能吃抗生素吗"",""要不要吃消炎药""]","[""急性腹泻""]","[""急性腹泻存在不同病因，是否需要抗菌药应由兽医结合全身情况判断"",""不应仅凭稀便自行决定用药""]","[""它有没有发热表现，比如发抖、耳朵或腹部发烫？"",""近期有没有用过任何药物或保健品，比如抗生素、止泻药、益生菌？"",""腹泻大概持续多长时间了？""]",不要自行使用抗生素；若出现任一红旗表现（全身状态差、大量便血、反复呕吐、快速脱水），应立即就医或急诊；持续或严重时由兽医检查后决定。,"[""全身状态差"",""大量便血"",""反复呕吐"",""快速脱水""]",犬腹泻是否可以自行用抗生素；狗拉稀能吃抗生素吗；要不要吃消炎药；急性腹泻；急性腹泻存在不同病因，是否需要抗菌药应由兽医结合全身情况判断；不应仅凭稀便自行决定用药；全身状态差；大量便血；反复呕吐；快速脱水。,"[{""source_id"":""PMC12156985"",""title"":""Epidemiology and clinical management of acute diarrhoea in dogs under primary veterinary care in the UK"",""url"":""https://pmc.ncbi.nlm.nih.gov/articles/PMC12156985/"",""license"":""CC BY 4.0"",""page_or_section"":""Abstract"",""verification_status"":""source_identity_license_and_locator_verified_2026-08-12; veterinary_claim_review_pending"",""support_note"":""中文内容为保守概括；来源用于支持主题、物种和风险边界，不代表个体诊断。"",""change_note"":""已在 v1.4 核对来源身份、商业许可、题名和定位；未逐字复制。""},{""source_id"":""PMC7465157"",""title"":""Acute Diarrhea in Dogs: Current Management and Potential Role of Dietary Polyphenols Supplementation"",""url"":""https://pmc.ncbi.nlm.nih.gov/articles/PMC7465157/"",""license"":""CC BY 4.0"",""page_or_section"":""Abstract"",""verification_status"":""source_identity_license_and_locator_verified_2026-08-12; veterinary_claim_review_pending"",""support_note"":""中文内容为保守概括；来源用于支持主题、物种和风险边界，不代表个体诊断。"",""change_note"":""已在 v1.4 核对来源身份、商业许可、题名和定位；未逐字复制。""}]",Only verified CC BY/CC0 evidence is retained; attribution and change notices are mandatory.,true,phrase_expansion_and_new_cards_applied_v1_7,blocked_pending_mainland_China_licensed_veterinarian_review,true,test,false,b0c48f368a946699cf62eeb47ebece693936f6846949511b1035ad8e5558598c
OS-RESP-001,1.8.0-open-mvp-retrieval-and-safety-repair-draft,zh-CN,猫打喷嚏并有鼻眼分泌物,"[""cat""]",respiratory,simple_owner_question,,"[""猫打喷嚏流鼻涕"",""猫眼鼻有分泌物"",""眼屎多"",""流眼泪"",""喷鼻"",""猫打喷嚏流鼻涕，是感冒了吗"",""小猫咪鼻子不通气，听着呼哧呼哧的怎么办"",""猫鼻支是什么，在家怎么照顾"",""家里多猫，一只打喷嚏会传染给别的猫吗""]","[""喷嚏"",""鼻腔或眼部分泌物""]","[""这些表现可见于猫上呼吸道疾病"",""仅凭外观无法判断是否为细菌感染或是否需要抗菌药""]","[""猫咪的鼻眼分泌物是清亮、浑浊还是带血？"",""猫咪这些症状出现多久了？"",""猫咪最近是否接种过疫苗？""]",若出现任一红标表现（张口呼吸、明显呼吸费力、完全不吃、精神差/嗜睡），请立即就医或急诊；否则可先保持环境通风、减少刺激性气味并监测食欲和呼吸，持续或加重时就医。,"[""张口呼吸"",""明显呼吸费力"",""完全不吃"",""精神差/嗜睡（任何年龄）""]",猫打喷嚏并有鼻眼分泌物；猫打喷嚏流鼻涕；猫眼鼻有分泌物；眼屎多；流眼泪；喷鼻；猫打喷嚏流鼻涕，是感冒了吗；小猫咪鼻子不通气，听着呼哧呼哧的怎么办；猫鼻支是什么，在家怎么照顾；家里多猫，一只打喷嚏会传染给别的猫吗；喷嚏；鼻腔或眼部分泌物；这些表现可见于猫上呼吸道疾病；仅凭外观无法判断是否为细菌感染或是否需要抗菌药；张口呼吸；明显呼吸费力；完全不吃；精神差/嗜睡（任何年龄）。,"[{""source_id"":""PMC11405337"",""title"":""Feline respiratory disease complex: insights into the role of viral and bacterial co-infections"",""url"":""https://pmc.ncbi.nlm.nih.gov/articles/PMC11405337/"",""license"":""CC BY 4.0"",""page_or_section"":""Abstract"",""verification_status"":""source_identity_license_and_locator_verified_2026-08-12; veterinary_claim_review_pending"",""support_note"":""中文内容为保守概括；来源用于支持主题、物种和风险边界，不代表个体诊断。"",""change_note"":""已在 v1.4 核对来源身份、商业许可、题名和定位；未逐字复制。""}]",Only verified CC BY/CC0 evidence is retained; attribution and change notices are mandatory.,true,phrase_expansion_and_new_cards_applied_v1_7,blocked_pending_mainland_China_licensed_veterinarian_review,true,test,false,9cb707c7d80e0e95b9051f822c53cf351c042868aebe54e8c8c3d6da980b3a57
OS-RESP-002,1.8.0-open-mvp-retrieval-and-safety-repair-draft,zh-CN,犬持续咳嗽,"[""dog""]",respiratory,simple_owner_question,,"[""狗一直咳"",""像卡住一样咳""]","[""重复咳嗽"",""可能在兴奋、运动或夜间更明显""]","[""犬咳嗽可能涉及多种呼吸道原因"",""是否使用抗菌药需要专业评估，不能仅凭咳嗽决定""]","[""咳嗽已经持续多久了？"",""近期是否接触过大量犬只或去过寄养、美容等犬只聚集场所？""]",记录咳嗽视频和发生频率，避免剧烈运动；若出现呼吸费力、咳血、昏厥、舌头或牙龈颜色异常中的任一情况，请立即就医或急诊。,"[""呼吸费力"",""咳血"",""昏厥"",""舌头或牙龈颜色异常""]",犬持续咳嗽；狗一直咳；像卡住一样咳；重复咳嗽；可能在兴奋、运动或夜间更明显；犬咳嗽可能涉及多种呼吸道原因；是否使用抗菌药需要专业评估，不能仅凭咳嗽决定；呼吸费力；咳血；昏厥；舌头或牙龈颜色异常。,"[{""source_id"":""PMC6483346"",""title"":""Canine infectious respiratory disease: New insights into the etiology and epidemiology of associated pathogens"",""url"":""https://pmc.ncbi.nlm.nih.gov/articles/PMC6483346/"",""license"":""CC BY 4.0"",""page_or_section"":""Abstract"",""verification_status"":""source_identity_license_and_locator_verified_2026-08-12; veterinary_claim_review_pending"",""support_note"":""中文内容为保守概括；来源用于支持主题、物种和风险边界，不代表个体诊断。"",""change_note"":""已在 v1.4 核对来源身份、商业许可、题名和定位；未逐字复制。""}]",Only verified CC BY/CC0 evidence is retained; attribution and change notices are mandatory.,true,phrase_expansion_and_new_cards_applied_v1_7,blocked_pending_mainland_China_licensed_veterinarian_review,true,test,false,6fb636e4140d0de52be1f4ffd909f801d97ea266a6e47b4f9e99aa8fc9abf73d
OS-RESP-003,1.8.0-open-mvp-retrieval-and-safety-repair-draft,zh-CN,猫狗呼吸道症状是否需要抗生素,"[""cat"",""dog""]",respiratory,simple_owner_question,,"[""打喷嚏要吃抗生素吗"",""咳嗽能不能吃消炎药"",""喷鼻""]","[""喷嚏、咳嗽或分泌物""]","[""呼吸道疾病可能由病毒、细菌或非感染因素引起"",""抗菌药选择需要结合诊断和严重程度""]","[""是否出现呼吸困难（如张口呼吸、呼吸费力、牙龈或舌头发紫）？"",""整体状态是否在短时间内快速恶化（如精神萎靡、反应差）？"",""是否完全无法进食或饮水？""]",不要使用家中剩余抗生素；由兽医根据检查结果决定；若出现上述任一红旗表现，请立即就医或急诊。,"[""呼吸困难"",""状态快速恶化"",""无法进食饮水""]",猫狗呼吸道症状是否需要抗生素；打喷嚏要吃抗生素吗；咳嗽能不能吃消炎药；喷鼻；喷嚏、咳嗽或分泌物；呼吸道疾病可能由病毒、细菌或非感染因素引起；抗菌药选择需要结合诊断和严重程度；呼吸困难；状态快速恶化；无法进食饮水。,"[{""source_id"":""PMC11405337"",""title"":""Feline respiratory disease complex: insights into the role of viral and bacterial co-infections"",""url"":""https://pmc.ncbi.nlm.nih.gov/articles/PMC11405337/"",""license"":""CC BY 4.0"",""page_or_section"":""Abstract"",""verification_status"":""source_identity_license_and_locator_verified_2026-08-12; veterinary_claim_review_pending"",""support_note"":""中文内容为保守概括；来源用于支持主题、物种和风险边界，不代表个体诊断。"",""change_note"":""已在 v1.4 核对来源身份、商业许可、题名和定位；未逐字复制。""},{""source_id"":""PMC6483346"",""title"":""Canine infectious respiratory disease: New insights into the etiology and epidemiology of associated pathogens"",""url"":""https://pmc.ncbi.nlm.nih.gov/articles/PMC6483346/"",""license"":""CC BY 4.0"",""page_or_section"":""Abstract"",""verification_status"":""source_identity_license_and_locator_verified_2026-08-12; veterinary_claim_review_pending"",""support_note"":""中文内容为保守概括；来源用于支持主题、物种和风险边界，不代表个体诊断。"",""change_note"":""已在 v1.4 核对来源身份、商业许可、题名和定位；未逐字复制。""}]",Only verified CC BY/CC0 evidence is retained; attribution and change notices are mandatory.,true,phrase_expansion_and_new_cards_applied_v1_7,blocked_pending_mainland_China_licensed_veterinarian_review,true,test,false,75f64d74e7df370e1b66d518d19f6ed3bc653e9cb11e3d3297b09fb533205b9d
OS-EAR-001,1.8.0-open-mvp-retrieval-and-safety-repair-draft,zh-CN,犬频繁抓耳或甩头,"[""dog""]",ear,simple_owner_question,,"[""狗一直甩头"",""狗不停抓耳朵"",""耳臭"",""耳朵有味""]","[""抓耳"",""甩头"",""耳部不适""]","[""外耳炎是犬常见问题"",""需要检查诱因以及耳道中的继发变化""]","[""头部有没有歪向一侧，或者走路时步态不稳？"",""耳朵里面有没有明显出血？"",""碰它耳朵时，它的疼痛反应是不是非常剧烈？""]",保持耳部干燥，不要用棉签或耳液深入清洁。若出现头部倾斜、步态不稳、耳道出血或剧烈疼痛中的任一情况，请立即就医或前往急诊；其他情况也应在 24～48 小时内安排耳镜和分泌物检查。,"[""头部倾斜"",""平衡异常"",""耳道出血"",""剧烈疼痛""]",犬频繁抓耳或甩头；狗一直甩头；狗不停抓耳朵；耳臭；耳朵有味；抓耳；甩头；耳部不适；外耳炎是犬常见问题；需要检查诱因以及耳道中的继发变化；头部倾斜；平衡异常；耳道出血；剧烈疼痛。,"[{""source_id"":""PMC8422687"",""title"":""Frequency and predisposing factors for canine otitis externa in the UK – a primary veterinary care epidemiological view"",""url"":""https://pmc.ncbi.nlm.nih.gov/articles/PMC8422687/"",""license"":""CC BY 4.0"",""page_or_section"":""Abstract"",""verification_status"":""source_identity_license_and_locator_verified_2026-08-12; veterinary_claim_review_pending"",""support_note"":""中文内容为保守概括；来源用于支持主题、物种和风险边界，不代表个体诊断。"",""change_note"":""已在 v1.4 核对来源身份、商业许可、题名和定位；未逐字复制。""}]",Only verified CC BY/CC0 evidence is retained; attribution and change notices are mandatory.,true,phrase_expansion_and_new_cards_applied_v1_7,blocked_pending_mainland_China_licensed_veterinarian_review,true,test,false,414e92bff9c5cd438027f3a529c13f5d28a4676da2009453dca23a0de09e0e64
OS-EAR-002,1.8.0-open-mvp-retrieval-and-safety-repair-draft,zh-CN,犬耳朵异味和分泌物,"[""dog""]",ear,simple_owner_question,,"[""狗耳朵很臭"",""耳朵有棕色东西"",""挠耳朵"",""耳臭"",""耳朵有味""]","[""耳道异味"",""耳垢或分泌物增多""]","[""外耳炎可与多种原发和继发因素有关"",""仅凭颜色和气味不能确定病原""]","[""耳朵问题以前是否反复发作过？"",""是否频繁抓挠耳朵？"",""近期耳朵是否进过水（如洗澡、游泳）？""]",不要使用以前剩余的耳药；保留分泌物状态。若出现耳道肿闭、头歪失衡、出血、明显疼痛中任一红旗，应立即就医或急诊；无上述红旗可预约常规耳科检查。,"[""耳道肿闭"",""头歪失衡"",""出血"",""明显疼痛""]",犬耳朵异味和分泌物；狗耳朵很臭；耳朵有棕色东西；挠耳朵；耳臭；耳朵有味；耳道异味；耳垢或分泌物增多；外耳炎可与多种原发和继发因素有关；仅凭颜色和气味不能确定病原；耳道肿闭；头歪失衡；出血；明显疼痛。,"[{""source_id"":""PMC8422687"",""title"":""Frequency and predisposing factors for canine otitis externa in the UK – a primary veterinary care epidemiological view"",""url"":""https://pmc.ncbi.nlm.nih.gov/articles/PMC8422687/"",""license"":""CC BY 4.0"",""page_or_section"":""Abstract"",""verification_status"":""source_identity_license_and_locator_verified_2026-08-12; veterinary_claim_review_pending"",""support_note"":""中文内容为保守概括；来源用于支持主题、物种和风险边界，不代表个体诊断。"",""change_note"":""已在 v1.4 核对来源身份、商业许可、题名和定位；未逐字复制。""}]",Only verified CC BY/CC0 evidence is retained; attribution and change notices are mandatory.,true,phrase_expansion_and_new_cards_applied_v1_7,blocked_pending_mainland_China_licensed_veterinarian_review,true,test,false,22b5763a62ff7534679522a5ffeaff69bb842b59606fb92a5fcab0c77e776190
OS-EAR-003,1.8.0-open-mvp-retrieval-and-safety-repair-draft,zh-CN,猫耳朵很脏并抓挠,"[""cat""]",ear,simple_owner_question,,"[""猫耳朵有很多黑色东西"",""猫一直抓耳"",""耳朵有味""]","[""耳垢增多"",""抓耳或甩头""]","[""猫外耳炎可能与耳螨、细菌等因素有关"",""需要耳道检查和样本检查区分""]","[""猫咪耳朵是否有明显异味？"",""触碰猫咪耳根时是否表现出疼痛（如躲闪、低吼）？"",""家中其他猫是否也有频繁抓耳？""]",出现任一红旗（头歪或失衡、耳道出血、耳廓快速肿大、剧烈疼痛）应立即就医或急诊；不要用棉签深入耳道，安排耳镜及分泌物检查。,"[""头歪或失衡"",""耳道出血"",""耳廓快速肿大"",""剧烈疼痛""]",猫耳朵很脏并抓挠；猫耳朵有很多黑色东西；猫一直抓耳；耳朵有味；耳垢增多；抓耳或甩头；猫外耳炎可能与耳螨、细菌等因素有关；需要耳道检查和样本检查区分；头歪或失衡；耳道出血；耳廓快速肿大；剧烈疼痛。,"[{""source_id"":""PMC12983938"",""title"":""Prevalence of Otitis Externa in a Population of Owned Cats in Northern Italy"",""url"":""https://pmc.ncbi.nlm.nih.gov/articles/PMC12983938/"",""license"":""CC BY 4.0"",""page_or_section"":""Abstract"",""verification_status"":""source_identity_license_and_locator_verified_2026-08-12; veterinary_claim_review_pending"",""support_note"":""中文内容为保守概括；来源用于支持主题、物种和风险边界，不代表个体诊断。"",""change_note"":""已在 v1.4 核对来源身份、商业许可、题名和定位；未逐字复制。""}]",Only verified CC BY/CC0 evidence is retained; attribution and change notices are mandatory.,true,phrase_expansion_and_new_cards_applied_v1_7,blocked_pending_mainland_China_licensed_veterinarian_review,true,test,false,47db9d9642ae302be1940da76eb23a8e5623eafbead30da809c6f897161d8f0f
OS-ORAL-001,1.8.0-open-mvp-retrieval-and-safety-repair-draft,zh-CN,猫口臭,"[""cat""]",oral,simple_owner_question,,"[""猫嘴巴很臭"",""猫口气很重""]","[""持续口腔异味""]","[""口臭可能与牙菌斑、牙周及其他口腔问题有关"",""猫可能隐藏口腔疼痛""]","[""进食是否变慢或减少？"",""牙龈是否红肿？"",""轻触牙龈是否容易出血？""]",若出现任一红旗（拒绝进食、大量流涎、面部肿胀、明显口腔出血），请立即就医或前往急诊；若出现进食变慢/减少、牙龈红肿或轻触易出血等任一异常表现，也应尽快安排就诊；仅当以上征象均不存在且猫咪无明显疼痛迹象时，再安排常规口腔检查并讨论适合的家庭牙科护理。,"[""拒绝进食"",""大量流涎"",""面部肿胀"",""明显口腔出血""]",猫口臭；猫嘴巴很臭；猫口气很重；持续口腔异味；口臭可能与牙菌斑、牙周及其他口腔问题有关；猫可能隐藏口腔疼痛；拒绝进食；大量流涎；面部肿胀；明显口腔出血。,"[{""source_id"":""PMC8469879"",""title"":""Dental Problems and Prophylactic Care in Cats—Knowledge and Perceptions among Swedish Cat Owners and Communication by Veterinary Care Staff"",""url"":""https://pmc.ncbi.nlm.nih.gov/articles/PMC8469879/"",""license"":""CC BY 4.0"",""page_or_section"":""Abstract"",""verification_status"":""source_identity_license_and_locator_verified_2026-08-12; veterinary_claim_review_pending"",""support_note"":""中文内容为保守概括；来源用于支持主题、物种和风险边界，不代表个体诊断。"",""change_note"":""已在 v1.4 核对来源身份、商业许可、题名和定位；未逐字复制。""}]",Only verified CC BY/CC0 evidence is retained; attribution and change notices are mandatory.,true,phrase_expansion_and_new_cards_applied_v1_7,blocked_pending_mainland_China_licensed_veterinarian_review,true,test,false,2d94271380513d05ef61c91663c064d9d0a565811c4c26fad370bd5c635d0c46
OS-ORAL-002,1.8.0-open-mvp-retrieval-and-safety-repair-draft,zh-CN,猫牙齿有牙结石,"[""cat""]",oral,simple_owner_question,,"[""猫牙齿黄黄的"",""猫有牙结石"",""牙黄"",""猫牙黄怎么办""]","[""牙面黄褐色沉积"",""可能伴随牙龈发红""]","[""牙科疾病在猫中常见"",""家庭观察不能替代完整口腔检查""]","[""猫咪是否有口臭或口腔异味？"",""猫咪是否流口水或口水增多？"",""猫咪是否频繁抓挠嘴巴或面部？""]",建议让兽医评估牙周状态和是否需要专业处理；若出现牙齿松动、拒食、面部肿胀或明显疼痛等任一红旗，应立即就医或急诊。,"[""牙齿松动"",""拒食"",""面部肿胀"",""明显疼痛""]",猫牙齿有牙结石；猫牙齿黄黄的；猫有牙结石；牙黄；猫牙黄怎么办；牙面黄褐色沉积；可能伴随牙龈发红；牙科疾病在猫中常见；家庭观察不能替代完整口腔检查；牙齿松动；拒食；面部肿胀；明显疼痛。,"[{""source_id"":""PMC8469879"",""title"":""Dental Problems and Prophylactic Care in Cats—Knowledge and Perceptions among Swedish Cat Owners and Communication by Veterinary Care Staff"",""url"":""https://pmc.ncbi.nlm.nih.gov/articles/PMC8469879/"",""license"":""CC BY 4.0"",""page_or_section"":""Abstract"",""verification_status"":""source_identity_license_and_locator_verified_2026-08-12; veterinary_claim_review_pending"",""support_note"":""中文内容为保守概括；来源用于支持主题、物种和风险边界，不代表个体诊断。"",""change_note"":""已在 v1.4 核对来源身份、商业许可、题名和定位；未逐字复制。""}]",Only verified CC BY/CC0 evidence is retained; attribution and change notices are mandatory.,true,phrase_expansion_and_new_cards_applied_v1_7,blocked_pending_mainland_China_licensed_veterinarian_review,true,test,false,5412a7ace93d91c1c43aae976eabf05ccaa03bfd72db31b592cc65a31bad494c
OS-ORAL-003,1.8.0-open-mvp-retrieval-and-safety-repair-draft,zh-CN,犬牙龈红和口臭,"[""dog""]",oral,simple_owner_question,,"[""狗口臭牙龈红"",""狗牙齿很脏""]","[""口臭"",""牙龈红肿"",""牙面沉积""]","[""牙周疾病是犬常见口腔问题"",""预防护理和定期口腔检查很重要""]","[""牙龈是否容易出血？出血量如何？"",""是否有掉食、咀嚼困难或偏侧咀嚼？"",""是否发现牙齿松动？""]",预约口腔检查；不要自行用金属工具刮除牙结石。出现任一红旗症状（无法进食、面部肿胀、大量出血、剧烈疼痛）应立即就医或急诊。,"[""无法进食"",""面部肿胀"",""大量出血"",""剧烈疼痛""]",犬牙龈红和口臭；狗口臭牙龈红；狗牙齿很脏；口臭；牙龈红肿；牙面沉积；牙周疾病是犬常见口腔问题；预防护理和定期口腔检查很重要；无法进食；面部肿胀；大量出血；剧烈疼痛。,"[{""source_id"":""PMC9774197"",""title"":""Revisiting Periodontal Disease in Dogs: How to Manage This New Old Problem?"",""url"":""https://pmc.ncbi.nlm.nih.gov/articles/PMC9774197/"",""license"":""CC BY 4.0"",""page_or_section"":""Abstract"",""verification_status"":""source_identity_license_and_locator_verified_2026-08-12; veterinary_claim_review_pending"",""support_note"":""中文内容为保守概括；来源用于支持主题、物种和风险边界，不代表个体诊断。"",""change_note"":""已在 v1.4 核对来源身份、商业许可、题名和定位；未逐字复制。""}]",Only verified CC BY/CC0 evidence is retained; attribution and change notices are mandatory.,true,phrase_expansion_and_new_cards_applied_v1_7,blocked_pending_mainland_China_licensed_veterinarian_review,true,test,false,d66fc799dd36cf4fcde9574a5cf82c8bc33ffdf14e25560c4b617a7dd8336ab8
OS-ORAL-004,1.8.0-open-mvp-retrieval-and-safety-repair-draft,zh-CN,猫可能出现口腔疼痛的表现,"[""cat""]",oral,simple_owner_question,,"[""猫吃饭很慢"",""想吃又不敢吃""]","[""进食变慢"",""掉食"",""流口水"",""减少梳理""]","[""猫的口腔疼痛可能不容易被主人发现"",""行为和进食变化是重要线索""]","[""是否只愿意吃软食？"",""是否用爪子抓嘴？"",""体重是否下降？""]",尽快安排口腔检查，避免强行刷牙或掰嘴；不要强行打开嘴巴观察，可通过血迹、口水颜色或甩头后血迹等间接判断。如出现任一红旗（完全拒食、大量流涎、口腔出血、快速体重下降），请立即就医或急诊。,"[""完全拒食"",""大量流涎"",""口腔出血"",""快速体重下降""]",猫可能出现口腔疼痛的表现；猫吃饭很慢；想吃又不敢吃；进食变慢；掉食；流口水；减少梳理；猫的口腔疼痛可能不容易被主人发现；行为和进食变化是重要线索；完全拒食；大量流涎；口腔出血；快速体重下降。,"[{""source_id"":""PMC7146962"",""title"":""Pain behaviors before and after treatment of oral disease in cats using video assessment: a prospective, blinded, randomized clinical trial"",""url"":""https://pmc.ncbi.nlm.nih.gov/articles/PMC7146962/"",""license"":""CC BY 4.0"",""page_or_section"":""Abstract"",""verification_status"":""source_identity_license_and_locator_verified_2026-08-12; veterinary_claim_review_pending"",""support_note"":""中文内容为保守概括；来源用于支持主题、物种和风险边界，不代表个体诊断。"",""change_note"":""已在 v1.4 核对来源身份、商业许可、题名和定位；未逐字复制。""}]",Only verified CC BY/CC0 evidence is retained; attribution and change notices are mandatory.,true,phrase_expansion_and_new_cards_applied_v1_7,blocked_pending_mainland_China_licensed_veterinarian_review,true,test,false,d7bcc7fe171b241c8c127a0a334cdcefe808b058cab1e5b10cd45c97c5d24ec8
OS-MSK-001,1.8.0-open-mvp-retrieval-and-safety-repair-draft,zh-CN,犬起身僵硬或活动减少,"[""dog""]",musculoskeletal,simple_owner_question,,"[""狗睡醒后很僵"",""不愿意走路""]","[""休息后起身缓慢"",""活动量下降"",""上下楼犹豫""]","[""骨关节炎可造成疼痛和活动能力变化"",""需要排除其他骨科或神经问题""]","[""近期是否受过外伤？"",""这些症状持续了多长时间？"",""活动困难是否逐渐加重？""]",减少剧烈跑跳、铺设防滑垫并预约疼痛和关节评估。若出现上述任一红旗症状，请立即就医或急诊。,"[""突然无法站立"",""完全不能负重"",""外伤后疼痛"",""拖行肢体""]",犬起身僵硬或活动减少；狗睡醒后很僵；不愿意走路；休息后起身缓慢；活动量下降；上下楼犹豫；骨关节炎可造成疼痛和活动能力变化；需要排除其他骨科或神经问题；突然无法站立；完全不能负重；外伤后疼痛；拖行肢体。,"[{""source_id"":""PMC9499673"",""title"":""A 2022 Systematic Review and Meta-Analysis of Enriched Therapeutic Diets and Nutraceuticals in Canine and Feline Osteoarthritis"",""url"":""https://pmc.ncbi.nlm.nih.gov/articles/PMC9499673/"",""license"":""CC BY 4.0"",""page_or_section"":""Abstract"",""verification_status"":""source_identity_license_and_locator_verified_2026-08-12; veterinary_claim_review_pending"",""support_note"":""中文内容为保守概括；来源用于支持主题、物种和风险边界，不代表个体诊断。"",""change_note"":""已在 v1.4 核对来源身份、商业许可、题名和定位；未逐字复制。""}]",Only verified CC BY/CC0 evidence is retained; attribution and change notices are mandatory.,true,phrase_expansion_and_new_cards_applied_v1_7,blocked_pending_mainland_China_licensed_veterinarian_review,true,test,false,4fb227444d8be4829c7d05387d7648fa53054155a98eaa4f5c6f07bd2621b0bd
OS-MSK-002,1.8.0-open-mvp-retrieval-and-safety-repair-draft,zh-CN,猫减少跳跃,"[""cat""]",musculoskeletal,simple_owner_question,,"[""猫不愿意跳了"",""猫不上沙发了"",""瘸了"",""一瘸一拐"",""腿瘸""]","[""跳跃减少"",""起身缓慢"",""活动或梳理行为改变""]","[""猫骨关节炎常表现为活动和行为变化，而不一定明显跛行""]","[""它现在使用猫砂盆是否顺利？"",""它走路或起身时是否出现跛行？"",""它是否还愿意跳上高处？""]",增加低矮台阶和防滑表面，记录变化并安排关节及疼痛评估；若出现突然瘫痪、明显疼痛叫喊、后肢冰凉或外伤后无法站立等任一红旗，请立即就医或急诊。,"[""突然瘫痪"",""明显疼痛叫喊"",""后肢冰凉"",""外伤后无法站立""]",猫减少跳跃；猫不愿意跳了；猫不上沙发了；瘸了；一瘸一拐；腿瘸；跳跃减少；起身缓慢；活动或梳理行为改变；猫骨关节炎常表现为活动和行为变化，而不一定明显跛行；突然瘫痪；明显疼痛叫喊；后肢冰凉；外伤后无法站立。,"[{""source_id"":""PMC9499673"",""title"":""A 2022 Systematic Review and Meta-Analysis of Enriched Therapeutic Diets and Nutraceuticals in Canine and Feline Osteoarthritis"",""url"":""https://pmc.ncbi.nlm.nih.gov/articles/PMC9499673/"",""license"":""CC BY 4.0"",""page_or_section"":""Abstract"",""verification_status"":""source_identity_license_and_locator_verified_2026-08-12; veterinary_claim_review_pending"",""support_note"":""中文内容为保守概括；来源用于支持主题、物种和风险边界，不代表个体诊断。"",""change_note"":""已在 v1.4 核对来源身份、商业许可、题名和定位；未逐字复制。""}]",Only verified CC BY/CC0 evidence is retained; attribution and change notices are mandatory.,true,phrase_expansion_and_new_cards_applied_v1_7,blocked_pending_mainland_China_licensed_veterinarian_review,true,test,false,5a7485e4a847dfbb6542564cf3f58b4bab3a8f497d2fb5e9b69f29deed305e0b
OS-MSK-003,1.8.0-open-mvp-retrieval-and-safety-repair-draft,zh-CN,老年猫狗活动变化需要记录什么,"[""cat"",""dog""]",musculoskeletal,simple_owner_question,,"[""老年宠物走得慢"",""怎么判断关节不舒服""]","[""行走速度、跳跃、楼梯、起身和梳理发生变化""]","[""连续记录活动变化有助于兽医评估疼痛和生活质量""]","[""是否突然出现不能站立或无法支撑身体？"",""是否有剧烈疼痛表现，例如触碰时叫、颤抖或躲闪？"",""活动变化最明显出现在什么时间或哪个动作，例如起身、上下台阶或跳跃时？""]",用短视频记录起身、行走和上下台阶，并在复诊时提供；若出现任一红旗症状，应立即就医或急诊。,"[""突然不能站立"",""明显神经异常"",""剧烈疼痛"",""伴随外伤""]",老年猫狗活动变化需要记录什么；老年宠物走得慢；怎么判断关节不舒服；行走速度、跳跃、楼梯、起身和梳理发生变化；连续记录活动变化有助于兽医评估疼痛和生活质量；突然不能站立；明显神经异常；剧烈疼痛；伴随外伤。,"[{""source_id"":""PMC9499673"",""title"":""A 2022 Systematic Review and Meta-Analysis of Enriched Therapeutic Diets and Nutraceuticals in Canine and Feline Osteoarthritis"",""url"":""https://pmc.ncbi.nlm.nih.gov/articles/PMC9499673/"",""license"":""CC BY 4.0"",""page_or_section"":""Abstract"",""verification_status"":""source_identity_license_and_locator_verified_2026-08-12; veterinary_claim_review_pending"",""support_note"":""中文内容为保守概括；来源用于支持主题、物种和风险边界，不代表个体诊断。"",""change_note"":""已在 v1.4 核对来源身份、商业许可、题名和定位；未逐字复制。""}]",Only verified CC BY/CC0 evidence is retained; attribution and change notices are mandatory.,true,phrase_expansion_and_new_cards_applied_v1_7,blocked_pending_mainland_China_licensed_veterinarian_review,true,test,false,f3f20ade5cfb71fdc11ebc87f2de93cf8601bdadba6bda9e06762adf2da71042
OS-UR-001,1.8.0-open-mvp-retrieval-and-safety-repair-draft,zh-CN,猫频繁进猫砂盆但尿量很少,"[""cat""]",urinary,simple_owner_question,,"[""猫一直去猫砂盆"",""每次只尿一点""]","[""排尿次数增加"",""每次尿量减少"",""可能在盆外排尿""]","[""这些是猫下泌尿道问题的常见表现"",""需要区分膀胱炎症和尿道阻塞等情况""]","[""它现在是否完全尿不出来或只能滴几滴？"",""它是公猫吗？"",""它是否呕吐？""]",立即确认是否能排出尿；出现无尿或仅滴尿时按急症处理；若出现上述任一红旗表现，请立即就医或急诊。,"[""反复用力无尿"",""公猫仅滴尿"",""呕吐虚弱"",""腹部疼痛""]",猫频繁进猫砂盆但尿量很少；猫一直去猫砂盆；每次只尿一点；排尿次数增加；每次尿量减少；可能在盆外排尿；这些是猫下泌尿道问题的常见表现；需要区分膀胱炎症和尿道阻塞等情况；反复用力无尿；公猫仅滴尿；呕吐虚弱；腹部疼痛。,"[{""source_id"":""PMC6957472"",""title"":""Prevalence and risk factors of feline lower urinary tract disease in Chiang Mai, Thailand"",""url"":""https://pmc.ncbi.nlm.nih.gov/articles/PMC6957472/"",""license"":""CC BY 4.0"",""page_or_section"":""Abstract"",""verification_status"":""source_identity_license_and_locator_verified_2026-08-12; veterinary_claim_review_pending"",""support_note"":""中文内容为保守概括；来源用于支持主题、物种和风险边界，不代表个体诊断。"",""change_note"":""已在 v1.4 核对来源身份、商业许可、题名和定位；未逐字复制。""}]",Only verified CC BY/CC0 evidence is retained; attribution and change notices are mandatory.,true,phrase_expansion_and_new_cards_applied_v1_7,blocked_pending_mainland_China_licensed_veterinarian_review,true,test,false,eb01684a4f3e8daf4140d71536f671a704784f2d7a06a32ef8ebd62bd867b3ea
OS-UR-002,1.8.0-open-mvp-retrieval-and-safety-repair-draft,zh-CN,猫尿中带血,"[""cat""]",urinary,simple_owner_question,,"[""猫尿是粉色的"",""猫尿里有血""]","[""尿液粉红或红色"",""可能伴随频繁排尿和疼痛""]","[""血尿可见于猫下泌尿道疾病"",""需要结合尿量和是否阻塞判断紧急程度""]","[""猫咪是否完全无法排尿？"",""尿液中是否有大量血块？"",""猫咪是否有呕吐？""]",若猫咪没有完全无尿、大量血块、虚弱呕吐、腹部疼痛等红旗表现，可当天联系宠物医院并尽量提供尿液或猫砂照片；若出现任一红旗表现，应立即前往急诊，不要等到当天。,"[""完全无尿"",""大量血块"",""虚弱呕吐"",""腹部疼痛""]",猫尿中带血；猫尿是粉色的；猫尿里有血；尿液粉红或红色；可能伴随频繁排尿和疼痛；血尿可见于猫下泌尿道疾病；需要结合尿量和是否阻塞判断紧急程度；完全无尿；大量血块；虚弱呕吐；腹部疼痛。,"[{""source_id"":""PMC6957472"",""title"":""Prevalence and risk factors of feline lower urinary tract disease in Chiang Mai, Thailand"",""url"":""https://pmc.ncbi.nlm.nih.gov/articles/PMC6957472/"",""license"":""CC BY 4.0"",""page_or_section"":""Abstract"",""verification_status"":""source_identity_license_and_locator_verified_2026-08-12; veterinary_claim_review_pending"",""support_note"":""中文内容为保守概括；来源用于支持主题、物种和风险边界，不代表个体诊断。"",""change_note"":""已在 v1.4 核对来源身份、商业许可、题名和定位；未逐字复制。""}]",Only verified CC BY/CC0 evidence is retained; attribution and change notices are mandatory.,true,phrase_expansion_and_new_cards_applied_v1_7,blocked_pending_mainland_China_licensed_veterinarian_review,true,test,false,965ef88c32366d07874577794e8d921722c902cfaa3eb13dac6a4c2a1862240b
OS-UR-003,1.8.0-open-mvp-retrieval-and-safety-repair-draft,zh-CN,猫尿道阻塞风险,"[""cat""]",urinary,simple_owner_question,,"[""公猫尿不出来"",""猫蹲很久没有尿""]","[""反复排尿姿势但无尿或只有几滴"",""可能叫喊、舔舐或逐渐虚弱""]","[""尿道阻塞是需要立即处理的猫泌尿急症""]","[""已经多久没有正常排尿了？"",""是否出现呕吐？"",""是否精神变差或意识不清？""]",不要按压腹部或等待观察，立即前往宠物急诊。,"[""任何确认或高度怀疑的无尿"",""呕吐虚弱"",""意识下降""]",猫尿道阻塞风险；公猫尿不出来；猫蹲很久没有尿；反复排尿姿势但无尿或只有几滴；可能叫喊、舔舐或逐渐虚弱；尿道阻塞是需要立即处理的猫泌尿急症；任何确认或高度怀疑的无尿；呕吐虚弱；意识下降。,"[{""source_id"":""PMC6957472"",""title"":""Prevalence and risk factors of feline lower urinary tract disease in Chiang Mai, Thailand"",""url"":""https://pmc.ncbi.nlm.nih.gov/articles/PMC6957472/"",""license"":""CC BY 4.0"",""page_or_section"":""Abstract"",""verification_status"":""source_identity_license_and_locator_verified_2026-08-12; veterinary_claim_review_pending"",""support_note"":""中文内容为保守概括；来源用于支持主题、物种和风险边界，不代表个体诊断。"",""change_note"":""已在 v1.4 核对来源身份、商业许可、题名和定位；未逐字复制。""}]",Only verified CC BY/CC0 evidence is retained; attribution and change notices are mandatory.,true,phrase_expansion_and_new_cards_applied_v1_7,blocked_pending_mainland_China_licensed_veterinarian_review,true,test,false,9fb4536ed315e6879c0f9152ff0ac07eded104edca8115f62fc9f4e22150159e
OS-SKIN-001,1.8.0-open-mvp-retrieval-and-safety-repair-draft,zh-CN,犬反复瘙痒,"[""dog""]",dermatology,simple_owner_question,,"[""狗一直挠痒"",""皮肤反复发红""]","[""抓挠、舔咬或摩擦皮肤"",""可能反复发生""]","[""特应性皮炎是犬慢性瘙痒性皮肤病之一"",""相似表现也可由寄生虫、感染和其他过敏引起""]","[""瘙痒是否有季节性？"",""是否每月或定期进行驱虫？"",""皮肤是否有破损、出血或渗出？""]",记录瘙痒部位和频率，避免自行长期用药，安排皮肤检查。若出现抓破出血、大面积渗出、面部肿胀或精神食欲下降等任一红旗表现，应立即就医或急诊。,"[""抓破出血"",""大面积渗出"",""面部肿胀"",""精神食欲下降""]",犬反复瘙痒；狗一直挠痒；皮肤反复发红；抓挠、舔咬或摩擦皮肤；可能反复发生；特应性皮炎是犬慢性瘙痒性皮肤病之一；相似表现也可由寄生虫、感染和其他过敏引起；抓破出血；大面积渗出；面部肿胀；精神食欲下降。,"[{""source_id"":""PMC6172809"",""title"":""Atopic dermatitis in cats and dogs: a difficult disease for animals and owners"",""url"":""https://pmc.ncbi.nlm.nih.gov/articles/PMC6172809/"",""license"":""CC BY"",""page_or_section"":""Abstract"",""verification_status"":""source_identity_license_and_locator_verified_2026-08-12; veterinary_claim_review_pending"",""support_note"":""中文内容为保守概括；来源用于支持主题、物种和风险边界，不代表个体诊断。"",""change_note"":""已在 v1.4 核对来源身份、商业许可、题名和定位；未逐字复制。""},{""source_id"":""PMC4531508"",""title"":""Canine atopic dermatitis: detailed guidelines for diagnosis and allergen identification"",""url"":""https://pmc.ncbi.nlm.nih.gov/articles/PMC4531508/"",""license"":""CC BY 4.0"",""page_or_section"":""Abstract"",""verification_status"":""source_identity_license_and_locator_verified_2026-08-12; veterinary_claim_review_pending"",""support_note"":""中文内容为保守概括；来源用于支持主题、物种和风险边界，不代表个体诊断。"",""change_note"":""已在 v1.4 核对来源身份、商业许可、题名和定位；未逐字复制。""}]",Only verified CC BY/CC0 evidence is retained; attribution and change notices are mandatory.,true,phrase_expansion_and_new_cards_applied_v1_7,blocked_pending_mainland_China_licensed_veterinarian_review,true,test,false,0ab34a3d713be47ef83877c6ff5a03e2aadeedd94d43442b930317a5bb1decff
OS-SKIN-002,1.8.0-open-mvp-retrieval-and-safety-repair-draft,zh-CN,犬舔爪和耳朵反复不适,"[""dog""]",dermatology,simple_owner_question,,"[""狗一直舔脚"",""耳朵和爪子总是发红""]","[""舔咬足部"",""耳部反复发红或不适""]","[""这些部位可在过敏性皮肤问题中受到影响"",""仍需排除异物、寄生虫和感染""]","[""狗狗目前是否出现呼吸急促、全身风团或明显肿胀？"",""耳道内是否有异味、脓性分泌物或明显疼痛？"",""舔舐/不适的是一只脚还是多只脚？""]",仅用清水冲洗足部皮肤并彻底擦干，耳部不要自行冲洗；防止持续舔咬。耳部不适需由兽医检查后处理。出现任一红旗表现（如明显肿胀、化脓异味、无法负重、全身风团或呼吸异常）时，立即就医或急诊。,"[""明显肿胀"",""化脓异味"",""无法负重"",""全身风团或呼吸异常""]",犬舔爪和耳朵反复不适；狗一直舔脚；耳朵和爪子总是发红；舔咬足部；耳部反复发红或不适；这些部位可在过敏性皮肤问题中受到影响；仍需排除异物、寄生虫和感染；明显肿胀；化脓异味；无法负重；全身风团或呼吸异常。,"[{""source_id"":""PMC6172809"",""title"":""Atopic dermatitis in cats and dogs: a difficult disease for animals and owners"",""url"":""https://pmc.ncbi.nlm.nih.gov/articles/PMC6172809/"",""license"":""CC BY"",""page_or_section"":""Abstract"",""verification_status"":""source_identity_license_and_locator_verified_2026-08-12; veterinary_claim_review_pending"",""support_note"":""中文内容为保守概括；来源用于支持主题、物种和风险边界，不代表个体诊断。"",""change_note"":""已在 v1.4 核对来源身份、商业许可、题名和定位；未逐字复制。""},{""source_id"":""PMC4531508"",""title"":""Canine atopic dermatitis: detailed guidelines for diagnosis and allergen identification"",""url"":""https://pmc.ncbi.nlm.nih.gov/articles/PMC4531508/"",""license"":""CC BY 4.0"",""page_or_section"":""Abstract"",""verification_status"":""source_identity_license_and_locator_verified_2026-08-12; veterinary_claim_review_pending"",""support_note"":""中文内容为保守概括；来源用于支持主题、物种和风险边界，不代表个体诊断。"",""change_note"":""已在 v1.4 核对来源身份、商业许可、题名和定位；未逐字复制。""}]",Only verified CC BY/CC0 evidence is retained; attribution and change notices are mandatory.,true,phrase_expansion_and_new_cards_applied_v1_7,blocked_pending_mainland_China_licensed_veterinarian_review,true,test,false,cff6bf70c21ad708ba9ed9cb9bc972e8ae0c8e340290879dc9ac07f8b8d22911
OS-SKIN-003,1.8.0-open-mvp-retrieval-and-safety-repair-draft,zh-CN,猫狗局部脱毛不能只凭照片判断,"[""cat"",""dog""]",dermatology,simple_owner_question,,"[""秃了一块是不是猫癣"",""圆形脱毛是什么"",""猫藓"",""长癣"",""掉皮屑""]","[""局部被毛稀少或脱落"",""可能伴随鳞屑或抓挠""]","[""瘙痒和脱毛存在多种相似病因"",""诊断通常需要结合病史、寄生虫和感染检查""]","[""是否频繁抓挠、舔舐或摩擦脱毛处？"",""宠物年龄多大？"",""脱毛部位是一处还是多处？""]",拍照记录脱毛范围并安排皮肤检查；不要仅凭形状判断真菌感染。出现任一红旗（快速扩散、化脓渗出、幼龄宠物多处皮损、家人出现类似皮损）应立即就医或急诊。,"[""快速扩散"",""化脓渗出"",""幼龄宠物多处皮损"",""家人出现类似皮损""]",猫狗局部脱毛不能只凭照片判断；秃了一块是不是猫癣；圆形脱毛是什么；猫藓；长癣；掉皮屑；局部被毛稀少或脱落；可能伴随鳞屑或抓挠；瘙痒和脱毛存在多种相似病因；诊断通常需要结合病史、寄生虫和感染检查；快速扩散；化脓渗出；幼龄宠物多处皮损；家人出现类似皮损。,"[{""source_id"":""PMC6172809"",""title"":""Atopic dermatitis in cats and dogs: a difficult disease for animals and owners"",""url"":""https://pmc.ncbi.nlm.nih.gov/articles/PMC6172809/"",""license"":""CC BY"",""page_or_section"":""Abstract"",""verification_status"":""source_identity_license_and_locator_verified_2026-08-12; veterinary_claim_review_pending"",""support_note"":""中文内容为保守概括；来源用于支持主题、物种和风险边界，不代表个体诊断。"",""change_note"":""已在 v1.4 核对来源身份、商业许可、题名和定位；未逐字复制。""},{""source_id"":""PMC4531508"",""title"":""Canine atopic dermatitis: detailed guidelines for diagnosis and allergen identification"",""url"":""https://pmc.ncbi.nlm.nih.gov/articles/PMC4531508/"",""license"":""CC BY 4.0"",""page_or_section"":""Abstract"",""verification_status"":""source_identity_license_and_locator_verified_2026-08-12; veterinary_claim_review_pending"",""support_note"":""中文内容为保守概括；来源用于支持主题、物种和风险边界，不代表个体诊断。"",""change_note"":""已在 v1.4 核对来源身份、商业许可、题名和定位；未逐字复制。""}]",Only verified CC BY/CC0 evidence is retained; attribution and change notices are mandatory.,true,phrase_expansion_and_new_cards_applied_v1_7,blocked_pending_mainland_China_licensed_veterinarian_review,true,test,false,f4cc56e0aea136045e0a9469ef309a9ede11f70cb3450695c092c0540be51427
OS-BEH-001,1.8.0-open-mvp-retrieval-and-safety-repair-draft,zh-CN,猫到新环境后躲藏,"[""cat""]",behavior,simple_owner_question,,"[""新猫一直躲着"",""搬家后猫不出来""]","[""躲藏增加"",""互动和探索减少""]","[""躲藏可作为猫面对压力环境的一种行为"",""安全躲藏空间和环境管理有助于减轻压力""]","[""呼吸是否异常（如张口呼吸、急促或费力）？"",""是否精神极度萎靡、虚弱或反应迟钝？"",""是否超过一天没有正常排尿？""]",提供安静躲藏处、分开的食水和猫砂资源，不要强行拖出；若出现上述任一红旗表现，请立即就医或急诊。,"[""超过一天完全不吃"",""无尿"",""呼吸异常"",""持续呕吐或极度虚弱""]",猫到新环境后躲藏；新猫一直躲着；搬家后猫不出来；躲藏增加；互动和探索减少；躲藏可作为猫面对压力环境的一种行为；安全躲藏空间和环境管理有助于减轻压力；超过一天完全不吃；无尿；呼吸异常；持续呕吐或极度虚弱。,"[{""source_id"":""PMC9334771"",""title"":""Dealing With Stress in Cats: What Is New About the Olfactory Strategy?"",""url"":""https://pmc.ncbi.nlm.nih.gov/articles/PMC9334771/"",""license"":""CC BY"",""page_or_section"":""Abstract"",""verification_status"":""source_identity_license_and_locator_verified_2026-08-12; veterinary_claim_review_pending"",""support_note"":""中文内容为保守概括；来源用于支持主题、物种和风险边界，不代表个体诊断。"",""change_note"":""已在 v1.4 核对来源身份、商业许可、题名和定位；未逐字复制。""}]",Only verified CC BY/CC0 evidence is retained; attribution and change notices are mandatory.,true,phrase_expansion_and_new_cards_applied_v1_7,blocked_pending_mainland_China_licensed_veterinarian_review,true,test,false,51f7d386ad1c4cb588e3460a5fe2b75e5d2114adc8a5555b50693a446e7494bc
OS-BEH-002,1.8.0-open-mvp-retrieval-and-safety-repair-draft,zh-CN,室内猫环境丰富化,"[""cat""]",behavior,simple_owner_question,,"[""猫在家无聊怎么办"",""怎么减少猫的压力""]","[""活动、探索或玩耍减少"",""可能出现躲藏或紧张""]","[""环境丰富化与猫的压力行为和福利有关"",""资源需要分散并允许猫自主选择""]","[""猫咪是否有突然不吃不喝或排尿异常等紧急情况？"",""家里是否为猫咪提供了可躲藏和高处的空间？"",""你每天是否有固定的互动玩耍时间？""]",增加可选择的躲藏、高处、抓挠和短时互动玩耍；逐步引入变化；若出现上述任一红旗表现，请立即就医或急诊。,"[""突然行为改变伴随不吃不喝"",""排尿异常"",""攻击或自伤"",""持续异常叫喊""]",室内猫环境丰富化；猫在家无聊怎么办；怎么减少猫的压力；活动、探索或玩耍减少；可能出现躲藏或紧张；环境丰富化与猫的压力行为和福利有关；资源需要分散并允许猫自主选择；突然行为改变伴随不吃不喝；排尿异常；攻击或自伤；持续异常叫喊。,"[{""source_id"":""PMC9334771"",""title"":""Dealing With Stress in Cats: What Is New About the Olfactory Strategy?"",""url"":""https://pmc.ncbi.nlm.nih.gov/articles/PMC9334771/"",""license"":""CC BY"",""page_or_section"":""Abstract"",""verification_status"":""source_identity_license_and_locator_verified_2026-08-12; veterinary_claim_review_pending"",""support_note"":""中文内容为保守概括；来源用于支持主题、物种和风险边界，不代表个体诊断。"",""change_note"":""已在 v1.4 核对来源身份、商业许可、题名和定位；未逐字复制。""}]",Only verified CC BY/CC0 evidence is retained; attribution and change notices are mandatory.,true,phrase_expansion_and_new_cards_applied_v1_7,blocked_pending_mainland_China_licensed_veterinarian_review,true,test,false,17b2e3d92ce613247950e3e6b77eb80d7ca89fb689d14be8d69aeae815b2bd43
OS-VAX-001,1.8.0-open-mvp-retrieval-and-safety-repair-draft,zh-CN,幼猫幼犬疫苗计划,"[""cat"",""dog""]",preventive_care,simple_owner_question,,"[""幼猫幼犬什么时候打疫苗"",""疫苗怎么安排"",""打针""]","[""幼龄宠物需要建立免疫计划""]","[""幼龄动物存在母源抗体下降后的易感阶段"",""疫苗计划应结合年龄、健康和暴露风险制定""]","[""宠物目前是否有发热、咳嗽、腹泻、精神食欲差等急病表现？"",""请提供宠物具体的年龄和既往疫苗接种记录（种类和时间）。"",""宠物主要生活环境（室内/户外）以及外出接触其他动物的频率如何？""]",携带完整记录，由当地兽医按照中国大陆可用疫苗和个体风险制定计划；若出现上述任一红旗表现，请立即就医或急诊。,"[""接种前明显发热或急病"",""接种后面部肿胀"",""呼吸困难"",""虚脱""]",幼猫幼犬疫苗计划；幼猫幼犬什么时候打疫苗；疫苗怎么安排；打针；幼龄宠物需要建立免疫计划；幼龄动物存在母源抗体下降后的易感阶段；疫苗计划应结合年龄、健康和暴露风险制定；接种前明显发热或急病；接种后面部肿胀；呼吸困难；虚脱。,"[{""source_id"":""PMC7910975"",""title"":""Early Life Vaccination of Companion Animal Pets"",""url"":""https://pmc.ncbi.nlm.nih.gov/articles/PMC7910975/"",""license"":""CC BY 4.0"",""page_or_section"":""Abstract"",""verification_status"":""source_identity_license_and_locator_verified_2026-08-12; veterinary_claim_review_pending"",""support_note"":""中文内容为保守概括；来源用于支持主题、物种和风险边界，不代表个体诊断。"",""change_note"":""已在 v1.4 核对来源身份、商业许可、题名和定位；未逐字复制。""}]",Only verified CC BY/CC0 evidence is retained; attribution and change notices are mandatory.,true,phrase_expansion_and_new_cards_applied_v1_7,blocked_pending_mainland_China_licensed_veterinarian_review,true,test,false,4bef82907b9c968e83997d990dea9e4a68252977a36d592719df139c02f1df1f
OS-VAX-002,1.8.0-open-mvp-retrieval-and-safety-repair-draft,zh-CN,猫注射部位出现肿块,"[""cat""]",preventive_care,simple_owner_question,,"[""猫打针后有个包"",""疫苗位置有硬块""]","[""注射部位出现可触及肿块""]","[""猫注射后可能出现局部反应，但持续、增大或异常的肿块需要专业评估""]","[""注射大概是什么时候进行的？"",""肿块从注射后到现在持续多久了？"",""肿块现在大约有多大（直径是否超过2cm）？""]",测量并记录大小和日期，不要挤压；持续或增长时预约检查；若出现上述任一红旗表现，请立即就医或急诊。,"[""快速增长"",""破溃出血"",""明显疼痛"",""同时出现全身过敏表现"",""肿块持续超过3个月不消退"",""直径大于2cm"",""注射后1个月仍继续增大""]",猫注射部位出现肿块；猫打针后有个包；疫苗位置有硬块；注射部位出现可触及肿块；猫注射后可能出现局部反应，但持续、增大或异常的肿块需要专业评估；快速增长；破溃出血；明显疼痛；同时出现全身过敏表现；肿块持续超过3个月不消退；直径大于2cm；注射后1个月仍继续增大。,"[{""source_id"":""PMC10459272"",""title"":""Feline Injection-Site Sarcoma and Other Adverse Reactions to Vaccination in Cats"",""url"":""https://pmc.ncbi.nlm.nih.gov/articles/PMC10459272/"",""license"":""CC BY 4.0"",""page_or_section"":""Abstract"",""verification_status"":""source_identity_license_and_locator_verified_2026-08-12; veterinary_claim_review_pending"",""support_note"":""中文内容为保守概括；来源用于支持主题、物种和风险边界，不代表个体诊断。"",""change_note"":""已在 v1.4 核对来源身份、商业许可、题名和定位；未逐字复制。""}]",Only verified CC BY/CC0 evidence is retained; attribution and change notices are mandatory.,true,phrase_expansion_and_new_cards_applied_v1_7,blocked_pending_mainland_China_licensed_veterinarian_review,true,test,false,a0e1b4193ee394dd416257ce0dbfda7e30d84f5c290df0288a79bcfb0c9e06d7
OS-EYE-001,1.8.0-open-mvp-retrieval-and-safety-repair-draft,zh-CN,犬眼睛突然眯眼、发红或浑浊,"[""dog""]",eye,simple_owner_question,,"[""狗一只眼睁不开"",""眼睛突然白了或蓝了""]","[""眯眼疼痛"",""眼睛发红"",""晶状体或眼内出现异常浑浊""]","[""部分眼部疾病属于需要迅速评估的急症"",""照片不能排除眼内和眼压问题""]","[""是否突然看不见或走路常撞到东西？"",""眼睛是否有明显破口、出血或被撞击的外伤？"",""瞳孔是否异常（如两边不等大或对光没反应）？""]",防止抓揉，不要自行滴含激素眼药，当天立即就医。,"[""突然失明"",""剧烈疼痛"",""眼球外伤"",""瞳孔明显异常""]",犬眼睛突然眯眼、发红或浑浊；狗一只眼睁不开；眼睛突然白了或蓝了；眯眼疼痛；眼睛发红；晶状体或眼内出现异常浑浊；部分眼部疾病属于需要迅速评估的急症；照片不能排除眼内和眼压问题；突然失明；剧烈疼痛；眼球外伤；瞳孔明显异常。,"[{""source_id"":""PMC10353131"",""title"":""Lens-related ocular emergencies (LROE) in dogs: treatment and visual outcome after late presentation of 90 eyes"",""url"":""https://pmc.ncbi.nlm.nih.gov/articles/PMC10353131/"",""license"":""CC BY 4.0"",""page_or_section"":""Abstract"",""verification_status"":""source_identity_license_and_locator_verified_2026-08-12; veterinary_claim_review_pending"",""support_note"":""中文内容为保守概括；来源用于支持主题、物种和风险边界，不代表个体诊断。"",""change_note"":""已在 v1.4 核对来源身份、商业许可、题名和定位；未逐字复制。""}]",Only verified CC BY/CC0 evidence is retained; attribution and change notices are mandatory.,true,phrase_expansion_and_new_cards_applied_v1_7,blocked_pending_mainland_China_licensed_veterinarian_review,true,test,false,bfc050b38bbc0741c63cbd0c37e05aac3e42d4090c01408acea0c6dad0606847
OS-EYE-002,1.8.0-open-mvp-retrieval-and-safety-repair-draft,zh-CN,犬突然视力下降,"[""dog""]",eye,simple_owner_question,,"[""狗突然撞东西"",""好像突然看不见""]","[""突然撞击家具"",""对台阶或陌生环境犹豫"",""瞳孔或眼内外观异常""]","[""突然视力变化需要尽快进行眼科和全身评估""]","[""是否同时出现意识模糊、步态不稳、转圈或抽搐等神经症状？"",""眼睛是否有明显发红、眯眼、流泪或两侧瞳孔大小不一？"",""是双眼完全看不见，还是仅单眼或仅暗处/弱光下看不清？""]",限制在安全区域并当天就医，不要等待数日观察；若出现上述任一红旗表现，请立即就医或急诊。,"[""完全失明"",""眼痛"",""瞳孔不等大"",""意识或步态异常""]",犬突然视力下降；狗突然撞东西；好像突然看不见；突然撞击家具；对台阶或陌生环境犹豫；瞳孔或眼内外观异常；突然视力变化需要尽快进行眼科和全身评估；完全失明；眼痛；瞳孔不等大；意识或步态异常。,"[{""source_id"":""PMC10353131"",""title"":""Lens-related ocular emergencies (LROE) in dogs: treatment and visual outcome after late presentation of 90 eyes"",""url"":""https://pmc.ncbi.nlm.nih.gov/articles/PMC10353131/"",""license"":""CC BY 4.0"",""page_or_section"":""Abstract"",""verification_status"":""source_identity_license_and_locator_verified_2026-08-12; veterinary_claim_review_pending"",""support_note"":""中文内容为保守概括；来源用于支持主题、物种和风险边界，不代表个体诊断。"",""change_note"":""已在 v1.4 核对来源身份、商业许可、题名和定位；未逐字复制。""}]",Only verified CC BY/CC0 evidence is retained; attribution and change notices are mandatory.,true,phrase_expansion_and_new_cards_applied_v1_7,blocked_pending_mainland_China_licensed_veterinarian_review,true,test,false,4773e732c014e2f8ea624aa590b3356378d6d35bad9fd23f960b1f79530c9d4b
MVP-GI-001,1.8.0-open-mvp-retrieval-and-safety-repair-draft,zh-CN,猫反复腹泻需排查寄生虫和其他病因,"[""cat""]",gastrointestinal,simple_owner_question,,"[""猫反复拉稀"",""猫腹泻总不好"",""拉肚子"",""便软""]","[""稀便或软便反复出现"",""可能伴呕吐、食欲或体重变化""]","[""猫腹泻是症状而不是单一诊断，寄生虫、感染、饮食和慢性肠病等均可能相关"",""持续、反复或伴呕吐、拒食、体重下降时需要检查""]","[""腹泻是从何时开始的，每天大概发生几次？"",""进食和饮水是否正常，有无减少或完全不吃不喝？"",""是否有腹痛表现，比如躲藏、嚎叫或抗拒触碰腹部？""]",记录粪便、饮食和精神状态；如出现任一红旗（频繁水样便、便血或黑便、反复呕吐、虚弱或不饮水）应立即就医或急诊；持续、加重或幼猫出现症状时也应尽快就医。,"[""频繁水样便"",""便血或黑便"",""反复呕吐"",""虚弱或不饮水""]",猫反复腹泻需排查寄生虫和其他病因；猫反复拉稀；猫腹泻总不好；拉肚子；便软；稀便或软便反复出现；可能伴呕吐、食欲或体重变化；猫腹泻是症状而不是单一诊断，寄生虫、感染、饮食和慢性肠病等均可能相关；持续、反复或伴呕吐、拒食、体重下降时需要检查；频繁水样便；便血或黑便；反复呕吐；虚弱或不饮水。,"[{""source_id"":""PMC8404700"",""title"":""Canine and Feline Parasitology: Analogies, Differences, and Relevance for Human Health"",""url"":""https://pmc.ncbi.nlm.nih.gov/articles/PMC8404700/"",""license"":""CC BY"",""page_or_section"":""Abstract"",""verification_status"":""source_identity_license_and_locator_verified_2026-08-12; veterinary_claim_review_pending"",""support_note"":""中文内容为保守概括；来源用于支持主题、物种和风险边界，不代表个体诊断。"",""change_note"":""已在 v1.4 核对来源身份、商业许可、题名和定位；未逐字复制。""},{""source_id"":""PMC10385529"",""title"":""Fecal Calprotectin Concentrations in Cats with Chronic Enteropathies"",""url"":""https://pmc.ncbi.nlm.nih.gov/articles/PMC10385529/"",""license"":""CC BY 4.0"",""page_or_section"":""Abstract"",""verification_status"":""source_identity_license_and_locator_verified_2026-08-12; veterinary_claim_review_pending"",""support_note"":""中文内容为保守概括；来源用于支持主题、物种和风险边界，不代表个体诊断。"",""change_note"":""已在 v1.4 核对来源身份、商业许可、题名和定位；未逐字复制。""}]",Only verified CC BY/CC0 evidence is retained; attribution and change notices are mandatory.,true,phrase_expansion_and_new_cards_applied_v1_7,blocked_pending_mainland_China_licensed_veterinarian_review,true,test,false,c7b7d91bd85eb96a08c6a7a292513202594d30f7cd0feb9c1cbb0a045a6467c9
MVP-GI-002,1.8.0-open-mvp-retrieval-and-safety-repair-draft,zh-CN,犬偶发一次呕吐,"[""dog""]",gastrointestinal,simple_owner_question,,"[""狗吐了一次"",""狗刚刚呕吐""]","[""单次呕吐后目前精神基本正常""]","[""呕吐原因很多，病史和后续变化比单张照片更重要""]","[""目前精神怎么样？是否还能正常进食饮水？"",""呕吐物是什么颜色/性状？是否含血、咖啡色、黄色/绿色或异物？"",""最近有没有可能误食异物、毒物或药物？""]",暂停剧烈活动，记录呕吐物和后续进食饮水；若出现反复呕吐、无法留住饮水、腹胀干呕、血性或咖啡色呕吐物、精神萎靡等任一红旗表现，应立即联系兽医或前往急诊。,"[""反复呕吐"",""无法留住饮水"",""腹胀干呕（需立即急诊）"",""血性或咖啡色呕吐物（需立即急诊）"",""精神萎靡/嗜睡"",""虚弱"",""腹部疼痛"",""疑似误食异物、毒物或药物""]",犬偶发一次呕吐；狗吐了一次；狗刚刚呕吐；单次呕吐后目前精神基本正常；呕吐原因很多，病史和后续变化比单张照片更重要；反复呕吐；无法留住饮水；腹胀干呕（需立即急诊）；血性或咖啡色呕吐物（需立即急诊）；精神萎靡/嗜睡；虚弱；腹部疼痛；疑似误食异物、毒物或药物。,"[{""source_id"":""PMC9933778"",""title"":""Utility of diagnostic tests in vomiting dogs presented to an internal medicine emergency service"",""url"":""https://pmc.ncbi.nlm.nih.gov/articles/PMC9933778/"",""license"":""CC BY"",""page_or_section"":""Abstract"",""verification_status"":""source_identity_license_and_locator_verified_2026-08-12; veterinary_claim_review_pending"",""support_note"":""中文内容为保守概括；来源用于支持主题、物种和风险边界，不代表个体诊断。"",""change_note"":""已在 v1.4 核对来源身份、商业许可、题名和定位；未逐字复制。""}]",Only verified CC BY/CC0 evidence is retained; attribution and change notices are mandatory.,true,phrase_expansion_and_new_cards_applied_v1_7,blocked_pending_mainland_China_licensed_veterinarian_review,true,test,false,f3d3420939d68787e9a0153a233b4a2feaa8049c06843bdd0e7bb311b55814c2
MVP-GI-003,1.8.0-open-mvp-retrieval-and-safety-repair-draft,zh-CN,犬反复呕吐,"[""dog""]",gastrointestinal,simple_owner_question,,"[""狗一直吐"",""喝水也吐""]","[""短时间多次呕吐或进食饮水后继续吐""]","[""反复呕吐需要评估脱水、梗阻、中毒及其他系统性原因""]","[""呕吐物或大便是否带血或呈黑色？"",""精神是否变差或虚弱、平时是否还能正常活动？"",""呕吐发生了多少次、持续了多长时间？""]",不要自行催吐或喂人药；出现任一红旗症状（无法留住饮水、腹部膨大或疼痛、虚弱、疑似误食异物或毒物、呕吐物或大便带血/呈黑色）应立即就医或急诊，否则也需尽快线下检查。,"[""无法留住饮水"",""腹部膨大或疼痛"",""虚弱"",""疑似误食异物或毒物"",""呕吐物或大便带血/呈黑色""]",犬反复呕吐；狗一直吐；喝水也吐；短时间多次呕吐或进食饮水后继续吐；反复呕吐需要评估脱水、梗阻、中毒及其他系统性原因；无法留住饮水；腹部膨大或疼痛；虚弱；疑似误食异物或毒物；呕吐物或大便带血/呈黑色。,"[{""source_id"":""PMC9933778"",""title"":""Utility of diagnostic tests in vomiting dogs presented to an internal medicine emergency service"",""url"":""https://pmc.ncbi.nlm.nih.gov/articles/PMC9933778/"",""license"":""CC BY"",""page_or_section"":""Abstract"",""verification_status"":""source_identity_license_and_locator_verified_2026-08-12; veterinary_claim_review_pending"",""support_note"":""中文内容为保守概括；来源用于支持主题、物种和风险边界，不代表个体诊断。"",""change_note"":""已在 v1.4 核对来源身份、商业许可、题名和定位；未逐字复制。""}]",Only verified CC BY/CC0 evidence is retained; attribution and change notices are mandatory.,true,phrase_expansion_and_new_cards_applied_v1_7,blocked_pending_mainland_China_licensed_veterinarian_review,true,test,false,8c4f0742ca8e2e7f8ca8fb732fd95fbaf881a865c9fa60525dfe9d078397b644
MVP-GI-004,1.8.0-open-mvp-retrieval-and-safety-repair-draft,zh-CN,猫偶发呕吐需要观察什么,"[""cat""]",gastrointestinal,simple_owner_question,,"[""猫吐了一次"",""猫吐了食物""]","[""单次呕吐，当前精神和呼吸正常""]","[""一次呕吐不能确定原因，需结合食欲、精神、体重和是否继续呕吐判断"",""持续或反复胃肠症状可能需要排除肠道及肠外疾病""]","[""是否能正常进食饮水？"",""精神状态如何？是否比平时沉郁或躲藏？"",""最近一次排便是否正常？是否有便血或黑便？""]",记录频率、与进食关系和呕吐物；重复发生或伴随异常时就医；若出现上述任一红旗表现，请立即就医或急诊。,"[""一天内反复呕吐"",""不吃不喝"",""明显腹痛"",""虚弱或呼吸异常"",""呕吐物带血或咖啡渣样"",""便血或黑便"",""疑似吞食异物""]",猫偶发呕吐需要观察什么；猫吐了一次；猫吐了食物；单次呕吐，当前精神和呼吸正常；一次呕吐不能确定原因，需结合食欲、精神、体重和是否继续呕吐判断；持续或反复胃肠症状可能需要排除肠道及肠外疾病；一天内反复呕吐；不吃不喝；明显腹痛；虚弱或呼吸异常；呕吐物带血或咖啡渣样；便血或黑便；疑似吞食异物。,"[{""source_id"":""PMC10385529"",""title"":""Fecal Calprotectin Concentrations in Cats with Chronic Enteropathies"",""url"":""https://pmc.ncbi.nlm.nih.gov/articles/PMC10385529/"",""license"":""CC BY 4.0"",""page_or_section"":""Abstract"",""verification_status"":""source_identity_license_and_locator_verified_2026-08-12; veterinary_claim_review_pending"",""support_note"":""中文内容为保守概括；来源用于支持主题、物种和风险边界，不代表个体诊断。"",""change_note"":""已在 v1.4 核对来源身份、商业许可、题名和定位；未逐字复制。""}]",Only verified CC BY/CC0 evidence is retained; attribution and change notices are mandatory.,true,phrase_expansion_and_new_cards_applied_v1_7,blocked_pending_mainland_China_licensed_veterinarian_review,true,test,false,4b38138b8876467e73d54ceecffac4a214fa19245bb9863f7334385b9743e0e6
MVP-GI-005,1.8.0-open-mvp-retrieval-and-safety-repair-draft,zh-CN,猫反复呕吐不能只按毛球处理,"[""cat""]",gastrointestinal,simple_owner_question,,"[""猫一天吐很多次"",""猫喝水也吐"",""拉肚子"",""不吃东西""]","[""连续或反复呕吐""]","[""猫慢性胃肠疾病可表现为反复呕吐、食欲下降、腹泻或体重下降"",""反复呕吐需要系统评估，不能只依据呕吐物外观确定原因""]","[""呕吐持续了多久？总共呕吐了几次？"",""目前还能否正常进食或饮水？"",""呕吐物或粪便中是否有血液或黑色柏油样物质？""]",不要自行催吐；发现线状异物不要拉扯；若出现任一红旗症状（如无法饮水、极度虚弱、腹痛、线状异物露出等），应立即就医或急诊。尽快就医并携带呕吐物照片和可能误食物品信息。,"[""无法饮水"",""极度虚弱"",""腹痛"",""线状异物从口或肛门露出""]",猫反复呕吐不能只按毛球处理；猫一天吐很多次；猫喝水也吐；拉肚子；不吃东西；连续或反复呕吐；猫慢性胃肠疾病可表现为反复呕吐、食欲下降、腹泻或体重下降；反复呕吐需要系统评估，不能只依据呕吐物外观确定原因；无法饮水；极度虚弱；腹痛；线状异物从口或肛门露出。,"[{""source_id"":""PMC10385529"",""title"":""Fecal Calprotectin Concentrations in Cats with Chronic Enteropathies"",""url"":""https://pmc.ncbi.nlm.nih.gov/articles/PMC10385529/"",""license"":""CC BY 4.0"",""page_or_section"":""Abstract"",""verification_status"":""source_identity_license_and_locator_verified_2026-08-12; veterinary_claim_review_pending"",""support_note"":""中文内容为保守概括；来源用于支持主题、物种和风险边界，不代表个体诊断。"",""change_note"":""已在 v1.4 核对来源身份、商业许可、题名和定位；未逐字复制。""}]",Only verified CC BY/CC0 evidence is retained; attribution and change notices are mandatory.,true,phrase_expansion_and_new_cards_applied_v1_7,blocked_pending_mainland_China_licensed_veterinarian_review,true,test,false,507778d624074355e7bf16a825b7e4a0f91db77f69852a79fecfb70806f33cb3
MVP-GI-006,1.8.0-open-mvp-retrieval-and-safety-repair-draft,zh-CN,猫反复吐出毛发也需要评估,"[""cat""]",gastrointestinal,simple_owner_question,,"[""猫总吐出毛"",""猫频繁吐毛球正常吗""]","[""反复呕吐物中带毛"",""可能伴食欲或体重变化""]","[""频繁呕吐不是一个可仅凭“毛球”标签解释的诊断"",""伴体重下降、食欲变化或持续胃肠症状时应由兽医进一步评估""]","[""猫咪现在还能正常进食吗？"",""最近24小时内有没有排便？"",""排便是否带血或呈黑色？""]",增加温和梳理并记录频率；若出现频繁呕吐、持续干呕、不排便、便血或黑便、腹痛、不吃或精神差等任一情况，应立即就医。,"[""持续干呕吐不出"",""不排便"",""便血或黑便"",""腹痛"",""不吃或精神差""]",猫反复吐出毛发也需要评估；猫总吐出毛；猫频繁吐毛球正常吗；反复呕吐物中带毛；可能伴食欲或体重变化；频繁呕吐不是一个可仅凭“毛球”标签解释的诊断；伴体重下降、食欲变化或持续胃肠症状时应由兽医进一步评估；持续干呕吐不出；不排便；便血或黑便；腹痛；不吃或精神差。,"[{""source_id"":""PMC10385529"",""title"":""Fecal Calprotectin Concentrations in Cats with Chronic Enteropathies"",""url"":""https://pmc.ncbi.nlm.nih.gov/articles/PMC10385529/"",""license"":""CC BY 4.0"",""page_or_section"":""Abstract"",""verification_status"":""source_identity_license_and_locator_verified_2026-08-12; veterinary_claim_review_pending"",""support_note"":""中文内容为保守概括；来源用于支持主题、物种和风险边界，不代表个体诊断。"",""change_note"":""已在 v1.4 核对来源身份、商业许可、题名和定位；未逐字复制。""}]",Only verified CC BY/CC0 evidence is retained; attribution and change notices are mandatory.,true,phrase_expansion_and_new_cards_applied_v1_7,blocked_pending_mainland_China_licensed_veterinarian_review,true,test,false,b0aa67ace8f5fcbedc9bdd66d04f4bc4b0e616ffb6ba6d30a578c5c5dffd068e
MVP-GI-007,1.8.0-open-mvp-retrieval-and-safety-repair-draft,zh-CN,猫排便困难或便秘,"[""cat""]",gastrointestinal,simple_owner_question,,"[""猫几天没拉"",""猫拉屎很用力"",""拉不出"",""大便干硬""]","[""排便次数减少、粪便干硬或反复用力""]","[""猫便秘可反复并进展，严重或慢性病例需要检查原因""]","[""是否能确认猫排出了尿液（反复用力但无尿属于急症）？"",""猫是否出现呕吐？"",""猫是否有腹部疼痛表现（如弓背、躲藏、抗拒触摸）？""]",确认是在排便而非无尿；记录猫砂盆情况并尽快联系兽医，不自行使用人用泻药；若出现上述任一红旗表现，请立即就医或急诊。,"[""反复用力但无法确认排尿"",""呕吐"",""腹部疼痛"",""精神食欲下降""]",猫排便困难或便秘；猫几天没拉；猫拉屎很用力；拉不出；大便干硬；排便次数减少、粪便干硬或反复用力；猫便秘可反复并进展，严重或慢性病例需要检查原因；反复用力但无法确认排尿；呕吐；腹部疼痛；精神食欲下降。,"[{""source_id"":""PMC9800827"",""title"":""Use of radiographic and histologic scores to evaluate cats with idiopathic megacolon grouped based on the duration of their clinical signs"",""url"":""https://pmc.ncbi.nlm.nih.gov/articles/PMC9800827/"",""license"":""CC BY"",""page_or_section"":""Abstract"",""verification_status"":""source_identity_license_and_locator_verified_2026-08-12; veterinary_claim_review_pending"",""support_note"":""中文内容为保守概括；来源用于支持主题、物种和风险边界，不代表个体诊断。"",""change_note"":""已在 v1.4 核对来源身份、商业许可、题名和定位；未逐字复制。""}]",Only verified CC BY/CC0 evidence is retained; attribution and change notices are mandatory.,true,phrase_expansion_and_new_cards_applied_v1_7,blocked_pending_mainland_China_licensed_veterinarian_review,true,test,false,c22485c00394159d6ea6496b5f8a42bba6b224a52f93f24961bceef743cbace6
MVP-GI-008,1.8.0-open-mvp-retrieval-and-safety-repair-draft,zh-CN,犬反复吞咽或进食后反流,"[""dog""]",gastrointestinal,simple_owner_question,,"[""狗吃完东西就反流"",""狗反复吞咽像卡住""]","[""进食后未见明显腹部用力就有食物或液体返出"",""可能反复吞咽、咳呛或体重下降""]","[""反流与呕吐的过程不同，可能提示口咽或食管问题"",""反复发生、吞咽困难、咳呛或体重下降时需要检查""]","[""能否正常进食和饮水？"",""反流或吞咽问题从什么时候开始，已经发生几次？"",""近期体重是否下降或持续减轻？""]",保证可自由饮水并记录排便。轻微、偶发的反流可短暂观察；若出现反复或频繁反流、吞咽困难、咳呛或呼吸急促、体重下降或持续减轻、疑似误食异物、完全无便且精神差、腹部膨大、疼痛或呕吐等任一红旗表现，应立即就医或急诊。,"[""呼吸急促或困难"",""发绀"",""持续咳呛"",""发热"",""无法吞咽或大量流涎"",""腹部膨大"",""反复呕吐"",""完全无便并精神差"",""误食骨头或异物""]",犬反复吞咽或进食后反流；狗吃完东西就反流；狗反复吞咽像卡住；进食后未见明显腹部用力就有食物或液体返出；可能反复吞咽、咳呛或体重下降；反流与呕吐的过程不同，可能提示口咽或食管问题；反复发生、吞咽困难、咳呛或体重下降时需要检查；呼吸急促或困难；发绀；持续咳呛；发热；无法吞咽或大量流涎；腹部膨大；反复呕吐；完全无便并精神差；误食骨头或异物。,"[{""source_id"":""PMC3671744"",""title"":""Imaging Evaluation of Dogs and Cats with Dysphagia"",""url"":""https://pmc.ncbi.nlm.nih.gov/articles/PMC3671744/"",""license"":""CC BY"",""page_or_section"":""Abstract"",""verification_status"":""source_identity_license_and_locator_verified_2026-08-12; veterinary_claim_review_pending"",""support_note"":""中文内容为保守概括；来源用于支持主题、物种和风险边界，不代表个体诊断。"",""change_note"":""已在 v1.4 核对来源身份、商业许可、题名和定位；未逐字复制。""}]",Only verified CC BY/CC0 evidence is retained; attribution and change notices are mandatory.,true,phrase_expansion_and_new_cards_applied_v1_7,blocked_pending_mainland_China_licensed_veterinarian_review,true,test,false,0c5330d81319f97a43b220b173da85c67d855f1f14288f5648a018426033390f
MVP-GI-009,1.8.0-open-mvp-retrieval-and-safety-repair-draft,zh-CN,区分呕吐和反流,"[""cat"",""dog""]",gastrointestinal,simple_owner_question,,"[""吃完就吐"",""没有干呕就吐出来"",""咔咔"",""像卡东西""]","[""食物被动流出，或先出现恶心和腹部用力""]","[""反流和呕吐的发生机制与检查方向不同，视频有助于兽医区分""]","[""呕吐或反流是什么时候开始的？已经发生几次？"",""是否伴随疼痛、便血或精神下降？"",""是否能正常进食和饮水？""]",拍摄发作视频并记录与进食时间的关系；若出现吞咽困难、呼吸急促或咳嗽、无法进食饮水、体重下降、呕血、黑便或便血、精神萎靡或沉郁、牙龈干燥或皮肤回弹变慢、持续频繁呕吐或反流等任一危险信号，请立即就医或前往急诊，不要等待重复发生。,"[""吞咽困难"",""呼吸急促或咳嗽"",""无法进食饮水"",""体重下降"",""呕血"",""黑便或便血"",""精神萎靡或沉郁"",""牙龈干燥、皮肤回弹变慢或眼窝凹陷"",""持续频繁呕吐或反流""]",区分呕吐和反流；吃完就吐；没有干呕就吐出来；咔咔；像卡东西；食物被动流出，或先出现恶心和腹部用力；反流和呕吐的发生机制与检查方向不同，视频有助于兽医区分；吞咽困难；呼吸急促或咳嗽；无法进食饮水；体重下降；呕血；黑便或便血；精神萎靡或沉郁；牙龈干燥、皮肤回弹变慢或眼窝凹陷；持续频繁呕吐或反流。,"[{""source_id"":""PMC3671744"",""title"":""Imaging Evaluation of Dogs and Cats with Dysphagia"",""url"":""https://pmc.ncbi.nlm.nih.gov/articles/PMC3671744/"",""license"":""CC BY"",""page_or_section"":""Abstract"",""verification_status"":""source_identity_license_and_locator_verified_2026-08-12; veterinary_claim_review_pending"",""support_note"":""中文内容为保守概括；来源用于支持主题、物种和风险边界，不代表个体诊断。"",""change_note"":""已在 v1.4 核对来源身份、商业许可、题名和定位；未逐字复制。""}]",Only verified CC BY/CC0 evidence is retained; attribution and change notices are mandatory.,true,phrase_expansion_and_new_cards_applied_v1_7,blocked_pending_mainland_China_licensed_veterinarian_review,true,test,false,d25c7dee2bf5343deeffcd74838d0791cc6d2adf133b27f691c2da4604689431
MVP-GI-010,1.8.0-open-mvp-retrieval-and-safety-repair-draft,zh-CN,猫食欲突然下降,"[""cat""]",gastrointestinal,simple_owner_question,,"[""猫不爱吃饭"",""猫突然不吃"",""不吃东西"",""没胃口"",""挑食""]","[""进食量明显少于平时""]","[""猫食欲下降可能与压力、疼痛、口腔或全身疾病有关""]","[""猫咪食欲下降持续了多长时间？"",""近24小时内饮水情况如何，有没有明显增加或减少？"",""是否有观察到皮肤或眼白发黄、虚弱无力或呼吸异常？""]",记录实际进食量和饮水情况，观察口腔有无流涎、躲避食物等疼痛表现，以及皮肤/眼白颜色、精神状态和呼吸情况；出现任一红旗症状应立即就医或急诊，无红旗但食欲持续下降超过24小时应尽快咨询兽医。,"[""完全不吃"",""伴随呕吐或无尿"",""黄疸"",""虚弱或呼吸异常""]",猫食欲突然下降；猫不爱吃饭；猫突然不吃；不吃东西；没胃口；挑食；进食量明显少于平时；猫食欲下降可能与压力、疼痛、口腔或全身疾病有关；完全不吃；伴随呕吐或无尿；黄疸；虚弱或呼吸异常。,"[{""source_id"":""PMC10093350"",""title"":""Drivers of Palatability for Cats and Dogs—What It Means for Pet Food Development"",""url"":""https://pmc.ncbi.nlm.nih.gov/articles/PMC10093350/"",""license"":""CC BY 4.0"",""page_or_section"":""Abstract"",""verification_status"":""source_identity_license_and_locator_verified_2026-08-12; veterinary_claim_review_pending"",""support_note"":""中文内容为保守概括；来源用于支持主题、物种和风险边界，不代表个体诊断。"",""change_note"":""已在 v1.4 核对来源身份、商业许可、题名和定位；未逐字复制。""},{""source_id"":""PMC7071134"",""title"":""Pain and Problem Behavior in Cats and Dogs"",""url"":""https://pmc.ncbi.nlm.nih.gov/articles/PMC7071134/"",""license"":""CC BY"",""page_or_section"":""Abstract"",""verification_status"":""source_identity_license_and_locator_verified_2026-08-12; veterinary_claim_review_pending"",""support_note"":""中文内容为保守概括；来源用于支持主题、物种和风险边界，不代表个体诊断。"",""change_note"":""已在 v1.4 核对来源身份、商业许可、题名和定位；未逐字复制。""}]",Only verified CC BY/CC0 evidence is retained; attribution and change notices are mandatory.,true,phrase_expansion_and_new_cards_applied_v1_7,blocked_pending_mainland_China_licensed_veterinarian_review,true,test,false,5991fe318e330fbf79bdc5b8f3baba8db65bb45cbf4fc9dd472560372147ffaf
MVP-GI-011,1.8.0-open-mvp-retrieval-and-safety-repair-draft,zh-CN,犬食欲突然下降,"[""dog""]",gastrointestinal,simple_owner_question,,"[""狗突然不吃饭"",""狗没胃口""]","[""拒绝正餐或进食明显减少""]","[""适口性只是影响采食的一个方面，疼痛和疾病也会造成食欲改变""]","[""是否出现腹胀、干呕或反复呕吐？"",""是否精神极度虚弱或反应迟钝？"",""是否疑似误食毒物？""]",若出现腹胀干呕、反复呕吐、极度虚弱或疑似误食毒物等任一红旗表现，请立即前往急诊，不要仅在家记录观察；若暂无上述表现，可记录饮水、呕吐腹泻和疼痛情况，持续或出现全身异常时及时就医。,"[""腹胀干呕"",""反复呕吐"",""极度虚弱"",""疑似误食毒物""]",犬食欲突然下降；狗突然不吃饭；狗没胃口；拒绝正餐或进食明显减少；适口性只是影响采食的一个方面，疼痛和疾病也会造成食欲改变；腹胀干呕；反复呕吐；极度虚弱；疑似误食毒物。,"[{""source_id"":""PMC10093350"",""title"":""Drivers of Palatability for Cats and Dogs—What It Means for Pet Food Development"",""url"":""https://pmc.ncbi.nlm.nih.gov/articles/PMC10093350/"",""license"":""CC BY 4.0"",""page_or_section"":""Abstract"",""verification_status"":""source_identity_license_and_locator_verified_2026-08-12; veterinary_claim_review_pending"",""support_note"":""中文内容为保守概括；来源用于支持主题、物种和风险边界，不代表个体诊断。"",""change_note"":""已在 v1.4 核对来源身份、商业许可、题名和定位；未逐字复制。""},{""source_id"":""PMC7071134"",""title"":""Pain and Problem Behavior in Cats and Dogs"",""url"":""https://pmc.ncbi.nlm.nih.gov/articles/PMC7071134/"",""license"":""CC BY"",""page_or_section"":""Abstract"",""verification_status"":""source_identity_license_and_locator_verified_2026-08-12; veterinary_claim_review_pending"",""support_note"":""中文内容为保守概括；来源用于支持主题、物种和风险边界，不代表个体诊断。"",""change_note"":""已在 v1.4 核对来源身份、商业许可、题名和定位；未逐字复制。""}]",Only verified CC BY/CC0 evidence is retained; attribution and change notices are mandatory.,true,phrase_expansion_and_new_cards_applied_v1_7,blocked_pending_mainland_China_licensed_veterinarian_review,true,test,false,c12edebde9241826176bdac60350320df3401af0328cc27e7aac44411d58a6a0
MVP-GI-012,1.8.0-open-mvp-retrieval-and-safety-repair-draft,zh-CN,犬出现黑色柏油样便,"[""dog""]",gastrointestinal,simple_owner_question,,"[""便便黑得发亮"",""黑色黏便""]","[""粪便异常黑亮、黏稠或伴随异味""]","[""黑色柏油样便可提示消化道出血，但食物、药物和其他因素也会影响粪便颜色"",""黑便伴虚弱、苍白、呕血或循环异常属于急症""]","[""它现在是否精神明显变差、虚弱或出现过晕倒？"",""是否同时有呕血或牙龈苍白？"",""最近3天是否吃过动物血、肝脏、铁剂或铋剂等可能让大便变黑的食物或药物？""]",保留照片或样本并当天联系医院；状态差时直接急诊。,"[""牙龈苍白"",""虚弱或昏厥"",""呕血"",""呼吸急促""]",犬出现黑色柏油样便；便便黑得发亮；黑色黏便；粪便异常黑亮、黏稠或伴随异味；黑色柏油样便可提示消化道出血，但食物、药物和其他因素也会影响粪便颜色；黑便伴虚弱、苍白、呕血或循环异常属于急症；牙龈苍白；虚弱或昏厥；呕血；呼吸急促。,"[{""source_id"":""PMC8685323"",""title"":""Clinical Features and Risk Factors for Gastrointestinal Complications in Dogs Treated Surgically for Thoracolumbar Intervertebral Disc Extrusion"",""url"":""https://pmc.ncbi.nlm.nih.gov/articles/PMC8685323/"",""license"":""CC BY 4.0"",""page_or_section"":""Abstract"",""verification_status"":""source_identity_license_and_locator_verified_2026-08-12; veterinary_claim_review_pending"",""support_note"":""中文内容为保守概括；来源用于支持主题、物种和风险边界，不代表个体诊断。"",""change_note"":""已在 v1.4 核对来源身份、商业许可、题名和定位；未逐字复制。""}]",Only verified CC BY/CC0 evidence is retained; attribution and change notices are mandatory.,true,phrase_expansion_and_new_cards_applied_v1_7,blocked_pending_mainland_China_licensed_veterinarian_review,true,test,false,8b16a774d8860dabcb122fde2eb52b9d64345068702c07fba04581c2f79e2833
MVP-GI-013,1.8.0-open-mvp-retrieval-and-safety-repair-draft,zh-CN,犬便中出现鲜红色血,"[""dog""]",gastrointestinal,simple_owner_question,,"[""便便带鲜血"",""拉血了"",""拉肚子""]","[""粪便表面或便后可见鲜红血液""]","[""鲜红色血便可伴急性腹泻出现，但不能仅凭颜色确定病因或严重度"",""出血量、频率和全身状态决定就医紧迫度""]","[""目前便血量是否大、持续滴血或带血凝块？"",""它现在是否虚弱、无力或精神萎靡？"",""它是否尚未完成疫苗接种？""]",若出现任一红旗表现（如大量出血、虚弱、频繁水样腹泻、幼龄动物未完成免疫），请立即前往急诊；若无上述情况，可拍照记录粪便情况并当天咨询兽医。不要自行使用止泻或止血药。,"[""大量出血"",""频繁水样腹泻"",""虚弱"",""幼龄动物未完成免疫""]",犬便中出现鲜红色血；便便带鲜血；拉血了；拉肚子；粪便表面或便后可见鲜红血液；鲜红色血便可伴急性腹泻出现，但不能仅凭颜色确定病因或严重度；出血量、频率和全身状态决定就医紧迫度；大量出血；频繁水样腹泻；虚弱；幼龄动物未完成免疫。,"[{""source_id"":""PMC12156985"",""title"":""Epidemiology and clinical management of acute diarrhoea in dogs under primary veterinary care in the UK"",""url"":""https://pmc.ncbi.nlm.nih.gov/articles/PMC12156985/"",""license"":""CC BY 4.0"",""page_or_section"":""Abstract"",""verification_status"":""source_identity_license_and_locator_verified_2026-08-12; veterinary_claim_review_pending"",""support_note"":""中文内容为保守概括；来源用于支持主题、物种和风险边界，不代表个体诊断。"",""change_note"":""已在 v1.4 核对来源身份、商业许可、题名和定位；未逐字复制。""}]",Only verified CC BY/CC0 evidence is retained; attribution and change notices are mandatory.,true,phrase_expansion_and_new_cards_applied_v1_7,blocked_pending_mainland_China_licensed_veterinarian_review,true,test,false,1944afd6becb775488a3c612ce7b2f3754d0c83d83c5fe2effde8b8cf51ba8ad
MVP-GI-014,1.8.0-open-mvp-retrieval-and-safety-repair-draft,zh-CN,犬换粮后出现软便,"[""dog""]",gastrointestinal,simple_owner_question,,"[""刚换粮就软便"",""新粮吃了拉稀"",""拉肚子"",""便软""]","[""饮食变化后粪便变软""]","[""换粮时间与软便相关不等于已经确定原因"",""持续腹泻或伴呕吐、拒食、虚弱、便血时需要就医""]","[""软便/腹泻是从什么时候开始的？目前持续了多久？"",""到今天为止腹泻/软便发生了几次？"",""目前能否正常进食和饮水？""]",暂停引入任何新食物并记录当前配方和喂食比例；若软便持续，可暂时退回旧粮或改喂易消化食物，并逐步过渡；出现任一红旗表现时立即就医。,"[""反复呕吐"",""便血"",""精神下降"",""无法饮水"",""拒食/食欲废绝"",""持续腹泻超过24-48小时""]",犬换粮后出现软便；刚换粮就软便；新粮吃了拉稀；拉肚子；便软；饮食变化后粪便变软；换粮时间与软便相关不等于已经确定原因；持续腹泻或伴呕吐、拒食、虚弱、便血时需要就医；反复呕吐；便血；精神下降；无法饮水；拒食/食欲废绝；持续腹泻超过24-48小时。,"[{""source_id"":""PMC12156985"",""title"":""Epidemiology and clinical management of acute diarrhoea in dogs under primary veterinary care in the UK"",""url"":""https://pmc.ncbi.nlm.nih.gov/articles/PMC12156985/"",""license"":""CC BY 4.0"",""page_or_section"":""Abstract"",""verification_status"":""source_identity_license_and_locator_verified_2026-08-12; veterinary_claim_review_pending"",""support_note"":""中文内容为保守概括；来源用于支持主题、物种和风险边界，不代表个体诊断。"",""change_note"":""已在 v1.4 核对来源身份、商业许可、题名和定位；未逐字复制。""}]",Only verified CC BY/CC0 evidence is retained; attribution and change notices are mandatory.,true,phrase_expansion_and_new_cards_applied_v1_7,blocked_pending_mainland_China_licensed_veterinarian_review,true,test,false,c18e7b364a35edbaccabdfe5ac144289babda8187ca7ea72a9cfb65a48952db1
MVP-NUT-001,1.8.0-open-mvp-retrieval-and-safety-repair-draft,zh-CN,判断猫是否超重,"[""cat""]",nutrition,simple_owner_question,,"[""猫是不是太胖"",""猫肚子很大"",""怀了""]","[""腰线不明显、肋骨不易触及或活动减少等脂肪堆积表现"",""腹部异常膨大需与肥胖导致的腰围增大区分，警惕腹水、肿瘤、怀孕等可能""]","[""猫肥胖需要结合体况评分、体重趋势和肌肉状态评估""]","[""猫目前的主食、零食和每日喂食方式是怎样的？"",""猫是否伴随呕吐、腹泻或已诊断的慢性病？"",""猫是否已绝育或存在怀孕可能？""]",记录每月体重并让兽医进行体况和肌肉评分，不要突然大幅减食；若出现上述任一红旗表现，请立即就医或急诊。,"[""呼吸费力"",""无法正常活动"",""食欲下降同时快速消瘦"",""腹部快速增大或腹胀明显"",""腹部触诊有波动感"",""牙龈苍白或虚弱""]",判断猫是否超重；猫是不是太胖；猫肚子很大；怀了；腰线不明显、肋骨不易触及或活动减少等脂肪堆积表现；腹部异常膨大需与肥胖导致的腰围增大区分，警惕腹水、肿瘤、怀孕等可能；猫肥胖需要结合体况评分、体重趋势和肌肉状态评估；呼吸费力；无法正常活动；食欲下降同时快速消瘦；腹部快速增大或腹胀明显；腹部触诊有波动感；牙龈苍白或虚弱。,"[{""source_id"":""PMC5534443"",""title"":""Feline Obesity in Veterinary Medicine: Insights from a Thematic Analysis of Communication in Practice"",""url"":""https://pmc.ncbi.nlm.nih.gov/articles/PMC5534443/"",""license"":""CC BY"",""page_or_section"":""Abstract"",""verification_status"":""source_identity_license_and_locator_verified_2026-08-12; veterinary_claim_review_pending"",""support_note"":""中文内容为保守概括；来源用于支持主题、物种和风险边界，不代表个体诊断。"",""change_note"":""已在 v1.4 核对来源身份、商业许可、题名和定位；未逐字复制。""}]",Only verified CC BY/CC0 evidence is retained; attribution and change notices are mandatory.,true,phrase_expansion_and_new_cards_applied_v1_7,blocked_pending_mainland_China_licensed_veterinarian_review,true,test,false,c6c7b0999970a6778278f83e4f00466b11f62e0a15ec73f8e4642982b2ac1c61
MVP-NUT-002,1.8.0-open-mvp-retrieval-and-safety-repair-draft,zh-CN,判断犬是否超重,"[""dog""]",nutrition,simple_owner_question,,"[""狗是不是胖了"",""狗没有腰了"",""我家狗是不是太胖了？怎么判断？"",""狗狗减肥应该减多少、多久能减下来？"",""每天遛多久、怎么运动能帮狗减重？"",""减重期间狗粮要减量吗？可以给零食吗？""]","[""肋骨难以触及、腰腹轮廓变圆或运动耐力下降""]","[""犬体况评分结合观察和触摸评估脂肪覆盖，比只看体重更有意义"",""观察者之间可能存在差异，连续使用同一方法并由兽医确认更可靠""]","[""犬的年龄是多大？"",""犬有哪些已确诊的疾病或长期用药？特别是内分泌疾病、慢性消化系统疾病。"",""请描述犬的每日喂食情况：主食种类、大致喂食量、零食种类和频率，以及是否自由采食。""]",如出现运动时呼吸困难、昏厥或突然活动明显下降任一红旗，请立即停止居家体重管理并尽快就医或急诊。若没有这些红旗，可固定条件称重、记录体况照片，并与兽医制定渐进方案。,"[""运动时呼吸困难"",""昏厥"",""突然活动明显下降""]",判断犬是否超重；狗是不是胖了；狗没有腰了；我家狗是不是太胖了？怎么判断？；狗狗减肥应该减多少、多久能减下来？；每天遛多久、怎么运动能帮狗减重？；减重期间狗粮要减量吗？可以给零食吗？；肋骨难以触及、腰腹轮廓变圆或运动耐力下降；犬体况评分结合观察和触摸评估脂肪覆盖，比只看体重更有意义；观察者之间可能存在差异，连续使用同一方法并由兽医确认更可靠；运动时呼吸困难；昏厥；突然活动明显下降。,"[{""source_id"":""PMC11525006"",""title"":""Interobserver variability of assessing body condition scores in dogs"",""url"":""https://pmc.ncbi.nlm.nih.gov/articles/PMC11525006/"",""license"":""CC BY 4.0"",""page_or_section"":""Abstract"",""verification_status"":""source_identity_license_and_locator_verified_2026-08-12; veterinary_claim_review_pending"",""support_note"":""中文内容为保守概括；来源用于支持主题、物种和风险边界，不代表个体诊断。"",""change_note"":""已在 v1.4 核对来源身份、商业许可、题名和定位；未逐字复制。""}]",Only verified CC BY/CC0 evidence is retained; attribution and change notices are mandatory.,true,phrase_expansion_and_new_cards_applied_v1_7,blocked_pending_mainland_China_licensed_veterinarian_review,true,test,false,068ea76f00c2952ae46dc8b905447cbf4e0f133eb18127c8ab2de96306af469c
MVP-NUT-003,1.8.0-open-mvp-retrieval-and-safety-repair-draft,zh-CN,猫安全减重原则,"[""cat""]",nutrition,simple_owner_question,,"[""宠物怎么减肥"",""能不能少喂一半"",""我家猫太胖了怎么减肥"",""猫咪肚子很大是肥还是病"",""猫该怎么判断是不是超重"",""猫减重多久能瘦下来""]","[""体重或体况持续偏高""]","[""减重需要控制总能量并持续监测；过快或随意大幅减食并不安全""]","[""猫咪最近是否出现过拒食、呕吐、腹泻或虚弱等警示症状？"",""目前每天主食和零食的种类及大致喂食量是多少？"",""近一个月体重是稳定、上升还是下降？""]",称量主食和零食，定期复称，由兽医根据体况和疾病风险设定计划；若出现上述任一红旗表现，请立即就医或急诊。,"[""拒食"",""快速消瘦"",""呕吐腹泻"",""虚弱""]",猫安全减重原则；宠物怎么减肥；能不能少喂一半；我家猫太胖了怎么减肥；猫咪肚子很大是肥还是病；猫该怎么判断是不是超重；猫减重多久能瘦下来；体重或体况持续偏高；减重需要控制总能量并持续监测；过快或随意大幅减食并不安全；拒食；快速消瘦；呕吐腹泻；虚弱。,"[{""source_id"":""PMC5534443"",""title"":""Feline Obesity in Veterinary Medicine: Insights from a Thematic Analysis of Communication in Practice"",""url"":""https://pmc.ncbi.nlm.nih.gov/articles/PMC5534443/"",""license"":""CC BY"",""page_or_section"":""Abstract"",""verification_status"":""source_identity_license_and_locator_verified_2026-08-12; veterinary_claim_review_pending"",""support_note"":""中文内容为保守概括；来源用于支持主题、物种和风险边界，不代表个体诊断。"",""change_note"":""已在 v1.4 核对来源身份、商业许可、题名和定位；未逐字复制。""}]",Only verified CC BY/CC0 evidence is retained; attribution and change notices are mandatory.,true,phrase_expansion_and_new_cards_applied_v1_7,blocked_pending_mainland_China_licensed_veterinarian_review,true,test,false,6e4f7f0921c4e5f440cf3538d8fa82eebe6c0066b28df8d6123a552e54876c16
MVP-NUT-004,1.8.0-open-mvp-retrieval-and-safety-repair-draft,zh-CN,猫零食会不会影响体重,"[""cat""]",nutrition,simple_owner_question,,"[""零食喂多了吗"",""训练奖励会胖吗""]","[""正餐之外频繁获得零食或人食""]","[""总摄入量包括主食、零食和家庭成员额外投喂""]","[""猫咪目前的年龄、体重以及近期体重变化情况是怎样的？"",""猫咪是否出现活动耐力明显下降？"",""猫咪是否有呼吸急促、张口呼吸或呼吸困难？""]",统一家庭投喂记录，把奖励计入每日总量，并监测体重趋势。出现任一红旗（如呼吸异常、体重快速增加等）应立即就医或急诊，暂缓自行调整饮食。,"[""呼吸异常/张口呼吸/呼吸费力"",""体重快速增加"",""活动耐力明显下降"",""已有慢性病""]",猫零食会不会影响体重；零食喂多了吗；训练奖励会胖吗；正餐之外频繁获得零食或人食；总摄入量包括主食、零食和家庭成员额外投喂；呼吸异常/张口呼吸/呼吸费力；体重快速增加；活动耐力明显下降；已有慢性病。,"[{""source_id"":""PMC5534443"",""title"":""Feline Obesity in Veterinary Medicine: Insights from a Thematic Analysis of Communication in Practice"",""url"":""https://pmc.ncbi.nlm.nih.gov/articles/PMC5534443/"",""license"":""CC BY"",""page_or_section"":""Abstract"",""verification_status"":""source_identity_license_and_locator_verified_2026-08-12; veterinary_claim_review_pending"",""support_note"":""中文内容为保守概括；来源用于支持主题、物种和风险边界，不代表个体诊断。"",""change_note"":""已在 v1.4 核对来源身份、商业许可、题名和定位；未逐字复制。""}]",Only verified CC BY/CC0 evidence is retained; attribution and change notices are mandatory.,true,phrase_expansion_and_new_cards_applied_v1_7,blocked_pending_mainland_China_licensed_veterinarian_review,true,test,false,e62cf7843ebf562fec69f555857fbafdb6751fca765e06ca673c0e8e001a0472
MVP-NUT-005,1.8.0-open-mvp-retrieval-and-safety-repair-draft,zh-CN,猫突然挑食,"[""cat""]",nutrition,simple_owner_question,,"[""猫只吃某一种"",""猫变挑食了""]","[""拒绝原有食物但可能接受气味更强的食物""]","[""猫的采食受气味、质地、环境和健康状态共同影响""]","[""猫最近24小时实际吃了多少？"",""最近是否出现腹泻？"",""猫是否有已知慢性病（如肾病、糖尿病、甲状腺问题等）？""]",先确认实际进食量和是否有环境压力或食物变化；若猫出现完全不吃、流口水或咀嚼疼痛、呕吐、体重下降中任一红旗，应立即就医或急诊。,"[""完全不吃"",""流口水或咀嚼疼痛"",""呕吐"",""体重下降""]",猫突然挑食；猫只吃某一种；猫变挑食了；拒绝原有食物但可能接受气味更强的食物；猫的采食受气味、质地、环境和健康状态共同影响；完全不吃；流口水或咀嚼疼痛；呕吐；体重下降。,"[{""source_id"":""PMC10093350"",""title"":""Drivers of Palatability for Cats and Dogs—What It Means for Pet Food Development"",""url"":""https://pmc.ncbi.nlm.nih.gov/articles/PMC10093350/"",""license"":""CC BY 4.0"",""page_or_section"":""Abstract"",""verification_status"":""source_identity_license_and_locator_verified_2026-08-12; veterinary_claim_review_pending"",""support_note"":""中文内容为保守概括；来源用于支持主题、物种和风险边界，不代表个体诊断。"",""change_note"":""已在 v1.4 核对来源身份、商业许可、题名和定位；未逐字复制。""},{""source_id"":""PMC7146962"",""title"":""Pain behaviors before and after treatment of oral disease in cats using video assessment: a prospective, blinded, randomized clinical trial"",""url"":""https://pmc.ncbi.nlm.nih.gov/articles/PMC7146962/"",""license"":""CC BY 4.0"",""page_or_section"":""Abstract"",""verification_status"":""source_identity_license_and_locator_verified_2026-08-12; veterinary_claim_review_pending"",""support_note"":""中文内容为保守概括；来源用于支持主题、物种和风险边界，不代表个体诊断。"",""change_note"":""已在 v1.4 核对来源身份、商业许可、题名和定位；未逐字复制。""}]",Only verified CC BY/CC0 evidence is retained; attribution and change notices are mandatory.,true,phrase_expansion_and_new_cards_applied_v1_7,blocked_pending_mainland_China_licensed_veterinarian_review,true,test,false,dffd6c5b84738b1d68cf432ffa50d6dc0ee9618bcf71b66f61d8e29f2084cab9
MVP-NUT-006,1.8.0-open-mvp-retrieval-and-safety-repair-draft,zh-CN,犬突然挑食,"[""dog""]",nutrition,simple_owner_question,,"[""狗只吃零食不吃饭"",""狗变挑食""]","[""拒绝主食但索要零食""]","[""适口性会影响采食，但突然改变也可能是疼痛或疾病信号""]","[""它最近24小时是否有呕吐或腹泻？"",""它最近24小时是否有腹胀干呕、虚弱或口腔疼痛？"",""它最近体重是否有明显下降，或是否有已确诊的慢性病？""]",记录所有食物来源并减少随意加餐；伴随不适或持续拒食时检查；若出现上述任一红旗表现，请立即就医或急诊。,"[""腹胀干呕"",""呕吐腹泻"",""口腔疼痛"",""虚弱""]",犬突然挑食；狗只吃零食不吃饭；狗变挑食；拒绝主食但索要零食；适口性会影响采食，但突然改变也可能是疼痛或疾病信号；腹胀干呕；呕吐腹泻；口腔疼痛；虚弱。,"[{""source_id"":""PMC10093350"",""title"":""Drivers of Palatability for Cats and Dogs—What It Means for Pet Food Development"",""url"":""https://pmc.ncbi.nlm.nih.gov/articles/PMC10093350/"",""license"":""CC BY 4.0"",""page_or_section"":""Abstract"",""verification_status"":""source_identity_license_and_locator_verified_2026-08-12; veterinary_claim_review_pending"",""support_note"":""中文内容为保守概括；来源用于支持主题、物种和风险边界，不代表个体诊断。"",""change_note"":""已在 v1.4 核对来源身份、商业许可、题名和定位；未逐字复制。""},{""source_id"":""PMC7071134"",""title"":""Pain and Problem Behavior in Cats and Dogs"",""url"":""https://pmc.ncbi.nlm.nih.gov/articles/PMC7071134/"",""license"":""CC BY"",""page_or_section"":""Abstract"",""verification_status"":""source_identity_license_and_locator_verified_2026-08-12; veterinary_claim_review_pending"",""support_note"":""中文内容为保守概括；来源用于支持主题、物种和风险边界，不代表个体诊断。"",""change_note"":""已在 v1.4 核对来源身份、商业许可、题名和定位；未逐字复制。""}]",Only verified CC BY/CC0 evidence is retained; attribution and change notices are mandatory.,true,phrase_expansion_and_new_cards_applied_v1_7,blocked_pending_mainland_China_licensed_veterinarian_review,true,test,false,f6d97d6f52ccd13973d87b3992b4149b7c418d5700a9ad8528d8316e7a2bde6a
MVP-NUT-007,1.8.0-open-mvp-retrieval-and-safety-repair-draft,zh-CN,犬猫生食的风险,"[""cat"",""dog""]",nutrition,simple_owner_question,,"[""能不能喂生肉"",""生骨肉安全吗"",""计划或正在喂未经充分加热的肉类""]","[""呕吐"",""腹泻"",""便血"",""食欲下降""]","[""生食可能带来病原传播、营养不均衡和骨头损伤风险""]","[""宠物的年龄、体重，以及当前是否处于幼年、老年、怀孕、慢性病或免疫抑制等状态？"",""目前是否已出现呕吐或腹泻？"",""目前是否已出现便血或吞骨后疼痛/干呕？""]",不要把生食视为无风险方案；如坚持使用，应先与兽医营养专业人员讨论。出现任一红旗症状应立即就医或急诊。,"[""呕吐腹泻"",""便血"",""吞骨后疼痛或干呕""]",犬猫生食的风险；能不能喂生肉；生骨肉安全吗；计划或正在喂未经充分加热的肉类；呕吐；腹泻；便血；食欲下降；生食可能带来病原传播、营养不均衡和骨头损伤风险；呕吐腹泻；吞骨后疼痛或干呕。,"[{""source_id"":""PMC5644655"",""title"":""Raw Meat-Based Diets in Dogs and Cats"",""url"":""https://pmc.ncbi.nlm.nih.gov/articles/PMC5644655/"",""license"":""CC BY"",""page_or_section"":""Abstract"",""verification_status"":""source_identity_license_and_locator_verified_2026-08-12; veterinary_claim_review_pending"",""support_note"":""中文内容为保守概括；来源用于支持主题、物种和风险边界，不代表个体诊断。"",""change_note"":""已在 v1.4 核对来源身份、商业许可、题名和定位；未逐字复制。""}]",Only verified CC BY/CC0 evidence is retained; attribution and change notices are mandatory.,true,phrase_expansion_and_new_cards_applied_v1_7,blocked_pending_mainland_China_licensed_veterinarian_review,true,test,false,5eff99fefedc43e96d0533f9d27c9b987adefdc60da30301fc298ba118b4ed82
MVP-NUT-008,1.8.0-open-mvp-retrieval-and-safety-repair-draft,zh-CN,犬猫啃食骨头,"[""cat"",""dog""]",nutrition,simple_owner_question,,"[""可以喂骨头吗"",""吞了骨头怎么办"",""咔咔"",""像卡东西"",""狗能吃骨头吗""]","[""啃咬或吞入骨头""]","[""骨头可能造成口腔、食道或胃肠道机械损伤，也可能造成梗阻""]","[""宠物目前是否出现任一红旗表现：呼吸困难、发绀、剧烈咳嗽、流涎、抓挠嘴部、吞咽困难、反复干呕、腹痛、便血或无法排便、精神萎靡？"",""吞入的骨头是什么种类、大致大小，是生骨还是煮熟骨？"",""骨头大概是在多久前吞入的？""]",不要继续喂骨头；若已吞入，记录骨头的种类、大小和吞入时间并联系兽医，不自行催吐。若出现任一红旗表现，立即就医或前往急诊。,"[""呼吸困难"",""发绀"",""剧烈咳嗽"",""流涎"",""抓挠嘴部"",""吞咽困难"",""反复干呕"",""腹痛"",""便血或无法排便"",""精神萎靡""]",犬猫啃食骨头；可以喂骨头吗；吞了骨头怎么办；咔咔；像卡东西；狗能吃骨头吗；啃咬或吞入骨头；骨头可能造成口腔、食道或胃肠道机械损伤，也可能造成梗阻；呼吸困难；发绀；剧烈咳嗽；流涎；抓挠嘴部；吞咽困难；反复干呕；腹痛；便血或无法排便；精神萎靡。,"[{""source_id"":""PMC5644655"",""title"":""Raw Meat-Based Diets in Dogs and Cats"",""url"":""https://pmc.ncbi.nlm.nih.gov/articles/PMC5644655/"",""license"":""CC BY"",""page_or_section"":""Abstract"",""verification_status"":""source_identity_license_and_locator_verified_2026-08-12; veterinary_claim_review_pending"",""support_note"":""中文内容为保守概括；来源用于支持主题、物种和风险边界，不代表个体诊断。"",""change_note"":""已在 v1.4 核对来源身份、商业许可、题名和定位；未逐字复制。""},{""source_id"":""PMC3671744"",""title"":""Imaging Evaluation of Dogs and Cats with Dysphagia"",""url"":""https://pmc.ncbi.nlm.nih.gov/articles/PMC3671744/"",""license"":""CC BY"",""page_or_section"":""Abstract"",""verification_status"":""source_identity_license_and_locator_verified_2026-08-12; veterinary_claim_review_pending"",""support_note"":""中文内容为保守概括；来源用于支持主题、物种和风险边界，不代表个体诊断。"",""change_note"":""已在 v1.4 核对来源身份、商业许可、题名和定位；未逐字复制。""}]",Only verified CC BY/CC0 evidence is retained; attribution and change notices are mandatory.,true,phrase_expansion_and_new_cards_applied_v1_7,blocked_pending_mainland_China_licensed_veterinarian_review,true,test,false,29b27f5ac21e35e4a472af45ffc27a2788b0423c1ff3973fbb747295c49ce8f9
MVP-NUT-009,1.8.0-open-mvp-retrieval-and-safety-repair-draft,zh-CN,监测饮水量变化,"[""cat"",""dog""]",nutrition,simple_owner_question,,"[""最近喝水变多"",""怎么记录喝水""]","[""饮水次数或水碗消耗量改变""]","[""饮水变化需要结合排尿、饮食类型、天气和全身状态评估""]","[""近期是否使用任何药物或保健品（如利尿剂、糖皮质激素等）？"",""与平时相比，饮水量是明显增加、明显减少还是大致不变？请描述大概变化幅度。"",""排尿方面，频率、尿量或排尿状态有哪些变化（如明显增加、明显减少、排尿困难或尿色异常）？""]",若出现任一红旗表现（如完全不饮水、呕吐或无法留住水、虚弱、大量饮水伴大量排尿），请立即就医/急诊，不要仅居家记录；无红旗表现时，可固定水碗和计量方式记录数日，同时记录尿量和体重，持续异常时就医检查。,"[""大量饮水伴随大量排尿"",""呕吐或无法留住水"",""虚弱"",""完全不饮水""]",监测饮水量变化；最近喝水变多；怎么记录喝水；饮水次数或水碗消耗量改变；饮水变化需要结合排尿、饮食类型、天气和全身状态评估；大量饮水伴随大量排尿；呕吐或无法留住水；虚弱；完全不饮水。,"[{""source_id"":""PMC8093391"",""title"":""Effects of IV Fluids in Dogs and Cats With Kidney Failure"",""url"":""https://pmc.ncbi.nlm.nih.gov/articles/PMC8093391/"",""license"":""CC BY 4.0"",""page_or_section"":""Abstract"",""verification_status"":""source_identity_license_and_locator_verified_2026-08-12; veterinary_claim_review_pending"",""support_note"":""中文内容为保守概括；来源用于支持主题、物种和风险边界，不代表个体诊断。"",""change_note"":""已在 v1.4 核对来源身份、商业许可、题名和定位；未逐字复制。""},{""source_id"":""PMC12472474"",""title"":""Comparative Pharmacological and Pharmaceutical Perspectives on Antidiabetic Therapies in Humans, Dogs, and Cats"",""url"":""https://pmc.ncbi.nlm.nih.gov/articles/PMC12472474/"",""license"":""CC BY 4.0"",""page_or_section"":""Abstract"",""verification_status"":""source_identity_license_and_locator_verified_2026-08-12; veterinary_claim_review_pending"",""support_note"":""中文内容为保守概括；来源用于支持主题、物种和风险边界，不代表个体诊断。"",""change_note"":""已在 v1.4 核对来源身份、商业许可、题名和定位；未逐字复制。""}]",Only verified CC BY/CC0 evidence is retained; attribution and change notices are mandatory.,true,phrase_expansion_and_new_cards_applied_v1_7,blocked_pending_mainland_China_licensed_veterinarian_review,true,test,false,b9cfd1df38d415259d7b944accd3e45da54a318a6dc58dfb7e4b9767a2654181
MVP-NUT-010,1.8.0-open-mvp-retrieval-and-safety-repair-draft,zh-CN,选择主食和换粮记录,"[""cat"",""dog""]",nutrition,simple_owner_question,,"[""怎么选主粮"",""换粮需要注意什么""]","[""计划更换日常主食或已开始换粮""]","[""犬猫的营养和采食特征不同，选择应匹配物种、生命阶段和个体健康状况""]","[""宠物目前的年龄、体重以及近期体重是否有明显变化？"",""是否已经换粮？换粮后是否出现反复呕吐、严重腹泻、面部肿胀或呼吸异常？"",""宠物是否有慢性病或正在服药？""]",若出现反复呕吐、严重腹泻、面部肿胀或呼吸异常中任一红旗症状，立即停止新粮并急诊；无红旗症状时才逐步观察粪便、食欲和体重，慢性病宠物先咨询兽医。,"[""换粮后反复呕吐"",""严重腹泻"",""面部肿胀或呼吸异常""]",选择主食和换粮记录；怎么选主粮；换粮需要注意什么；计划更换日常主食或已开始换粮；犬猫的营养和采食特征不同，选择应匹配物种、生命阶段和个体健康状况；换粮后反复呕吐；严重腹泻；面部肿胀或呼吸异常。,"[{""source_id"":""PMC10093350"",""title"":""Drivers of Palatability for Cats and Dogs—What It Means for Pet Food Development"",""url"":""https://pmc.ncbi.nlm.nih.gov/articles/PMC10093350/"",""license"":""CC BY 4.0"",""page_or_section"":""Abstract"",""verification_status"":""source_identity_license_and_locator_verified_2026-08-12; veterinary_claim_review_pending"",""support_note"":""中文内容为保守概括；来源用于支持主题、物种和风险边界，不代表个体诊断。"",""change_note"":""已在 v1.4 核对来源身份、商业许可、题名和定位；未逐字复制。""}]",Only verified CC BY/CC0 evidence is retained; attribution and change notices are mandatory.,true,phrase_expansion_and_new_cards_applied_v1_7,blocked_pending_mainland_China_licensed_veterinarian_review,true,test,false,cfc49f361df99109c9ff91c7d2c9d61291034822f2a7b2fc8cbfceda2fa04206
MVP-PAR-001,1.8.0-open-mvp-retrieval-and-safety-repair-draft,zh-CN,猫身上发现跳蚤或黑色颗粒,"[""cat""]",parasites,simple_owner_question,,"[""猫有跳蚤"",""毛里有黑点"",""除虫"",""打虫""]","[""可见跳蚤、跳蚤粪样颗粒或瘙痒""]","[""猫蚤可寄生猫和犬，环境阶段会影响持续控制""]","[""同住动物或家人是否也发现跳蚤或黑色颗粒？"",""目前给猫用的驱虫产品是否按体重和推荐频率使用？"",""最近是否使用过犬用驱虫产品？""]",用密齿梳检查并联系兽医选择猫可用产品，同时处理同住动物和环境；若出现任一红旗（幼猫虚弱或牙龈苍白、大面积抓伤、使用犬用驱虫产品后异常），应立即就医或急诊。,"[""幼猫虚弱或牙龈苍白"",""大面积抓伤"",""使用犬用驱虫产品后异常""]",猫身上发现跳蚤或黑色颗粒；猫有跳蚤；毛里有黑点；除虫；打虫；可见跳蚤、跳蚤粪样颗粒或瘙痒；猫蚤可寄生猫和犬，环境阶段会影响持续控制；幼猫虚弱或牙龈苍白；大面积抓伤；使用犬用驱虫产品后异常。,"[{""source_id"":""PMC5746801"",""title"":""The Biology and Ecology of Cat Fleas and Advancements in Their Pest Management: A Review"",""url"":""https://pmc.ncbi.nlm.nih.gov/articles/PMC5746801/"",""license"":""CC BY"",""page_or_section"":""Abstract"",""verification_status"":""source_identity_license_and_locator_verified_2026-08-12; veterinary_claim_review_pending"",""support_note"":""中文内容为保守概括；来源用于支持主题、物种和风险边界，不代表个体诊断。"",""change_note"":""已在 v1.4 核对来源身份、商业许可、题名和定位；未逐字复制。""},{""source_id"":""PMC8404700"",""title"":""Canine and Feline Parasitology: Analogies, Differences, and Relevance for Human Health"",""url"":""https://pmc.ncbi.nlm.nih.gov/articles/PMC8404700/"",""license"":""CC BY"",""page_or_section"":""Abstract"",""verification_status"":""source_identity_license_and_locator_verified_2026-08-12; veterinary_claim_review_pending"",""support_note"":""中文内容为保守概括；来源用于支持主题、物种和风险边界，不代表个体诊断。"",""change_note"":""已在 v1.4 核对来源身份、商业许可、题名和定位；未逐字复制。""}]",Only verified CC BY/CC0 evidence is retained; attribution and change notices are mandatory.,true,phrase_expansion_and_new_cards_applied_v1_7,blocked_pending_mainland_China_licensed_veterinarian_review,true,test,false,006a0646a76e974b524ebe0f83b67bbc5418b7f71fcece9a8e64a539006e4df8
MVP-PAR-002,1.8.0-open-mvp-retrieval-and-safety-repair-draft,zh-CN,犬身上发现跳蚤,"[""dog""]",parasites,simple_owner_question,,"[""狗有跳蚤"",""狗身上黑点会动"",""除虫"",""打虫"",""驱完虫""]","[""可见跳蚤或持续抓咬皮肤""]","[""跳蚤是犬猫常见外寄生虫，单只动物处理可能不足""]","[""是否已使用任何跳蚤/蜱产品？如已使用，请说明产品名称、剂量和上次使用时间。"",""狗狗年龄多大？是否幼犬？"",""皮肤是否有大面积红肿、破溃或脓性分泌物？""]",联系兽医选择适合犬体重和健康状态的产品，并同步检查同住宠物；若出现任一红旗症状（如幼犬虚弱、牙龈苍白、皮肤大面积感染、驱虫后抽搐或流涎），应立即就医或急诊。,"[""幼犬虚弱"",""牙龈苍白"",""皮肤大面积感染"",""驱虫后抽搐或流涎""]",犬身上发现跳蚤；狗有跳蚤；狗身上黑点会动；除虫；打虫；驱完虫；可见跳蚤或持续抓咬皮肤；跳蚤是犬猫常见外寄生虫，单只动物处理可能不足；幼犬虚弱；牙龈苍白；皮肤大面积感染；驱虫后抽搐或流涎。,"[{""source_id"":""PMC5746801"",""title"":""The Biology and Ecology of Cat Fleas and Advancements in Their Pest Management: A Review"",""url"":""https://pmc.ncbi.nlm.nih.gov/articles/PMC5746801/"",""license"":""CC BY"",""page_or_section"":""Abstract"",""verification_status"":""source_identity_license_and_locator_verified_2026-08-12; veterinary_claim_review_pending"",""support_note"":""中文内容为保守概括；来源用于支持主题、物种和风险边界，不代表个体诊断。"",""change_note"":""已在 v1.4 核对来源身份、商业许可、题名和定位；未逐字复制。""},{""source_id"":""PMC8404700"",""title"":""Canine and Feline Parasitology: Analogies, Differences, and Relevance for Human Health"",""url"":""https://pmc.ncbi.nlm.nih.gov/articles/PMC8404700/"",""license"":""CC BY"",""page_or_section"":""Abstract"",""verification_status"":""source_identity_license_and_locator_verified_2026-08-12; veterinary_claim_review_pending"",""support_note"":""中文内容为保守概括；来源用于支持主题、物种和风险边界，不代表个体诊断。"",""change_note"":""已在 v1.4 核对来源身份、商业许可、题名和定位；未逐字复制。""}]",Only verified CC BY/CC0 evidence is retained; attribution and change notices are mandatory.,true,phrase_expansion_and_new_cards_applied_v1_7,blocked_pending_mainland_China_licensed_veterinarian_review,true,test,false,97475c4bce3b6d346aadef847b73035c4ed43dea9a0d976873e6aa1035ed69f3
MVP-PAR-003,1.8.0-open-mvp-retrieval-and-safety-repair-draft,zh-CN,犬猫身上发现蜱虫,"[""cat"",""dog""]",parasites,simple_owner_question,,"[""身上有蜱"",""皮肤上有一只虫吸着""]","[""皮肤附着蜱或移除后局部红肿""]","[""蜱可造成局部刺激并传播病原，不同地区风险不同""]","[""蜱虫目前是否仍附着在宠物皮肤上？"",""同住动物或家人是否也发现蜱虫？"",""是否正在使用犬/猫专用、按体重和物种选择的驱虫产品？""]",不要挤破虫体；自行移除时用细尖镊子贴近皮肤垂直拔出，不要扭转、挤压或涂抹酒精/凡士林；无法安全完整移除时由医院处理；出现任一红旗症状（如虚弱/发热、牙龈苍白、步态异常、局部持续肿胀化脓）应立即就医或急诊。,"[""虚弱或发热"",""牙龈苍白"",""步态异常"",""局部持续肿胀化脓""]",犬猫身上发现蜱虫；身上有蜱；皮肤上有一只虫吸着；皮肤附着蜱或移除后局部红肿；蜱可造成局部刺激并传播病原，不同地区风险不同；虚弱或发热；牙龈苍白；步态异常；局部持续肿胀化脓。,"[{""source_id"":""PMC8404700"",""title"":""Canine and Feline Parasitology: Analogies, Differences, and Relevance for Human Health"",""url"":""https://pmc.ncbi.nlm.nih.gov/articles/PMC8404700/"",""license"":""CC BY"",""page_or_section"":""Abstract"",""verification_status"":""source_identity_license_and_locator_verified_2026-08-12; veterinary_claim_review_pending"",""support_note"":""中文内容为保守概括；来源用于支持主题、物种和风险边界，不代表个体诊断。"",""change_note"":""已在 v1.4 核对来源身份、商业许可、题名和定位；未逐字复制。""}]",Only verified CC BY/CC0 evidence is retained; attribution and change notices are mandatory.,true,phrase_expansion_and_new_cards_applied_v1_7,blocked_pending_mainland_China_licensed_veterinarian_review,true,test,false,3a3ee52947de2753f357512236841837de15863276308abbbda12ef6c574f9d6
MVP-PAR-004,1.8.0-open-mvp-retrieval-and-safety-repair-draft,zh-CN,选择驱虫产品不能只看品牌,"[""cat"",""dog""]",parasites,simple_owner_question,,"[""驱虫药怎么选"",""猫狗能共用驱虫药吗"",""除虫"",""打虫""]","[""抓挠、舔咬、皮肤红疹、脱毛、可见跳蚤/蜱、粪便中见虫体或节片、腹胀、体重下降等""]","[""犬猫寄生虫风险和可用产品存在差异，产品选择需结合物种、体重、年龄和暴露""]","[""宠物是猫还是狗？体重和年龄是多少？"",""宠物身上、粪便中或环境里是否发现虫体、虫卵/节片或其他白色颗粒样物、跳蚤或蜱？""]",若已出现流涎、震颤、抽搐、呼吸异常或虚弱等任一症状，应立即停止使用相关驱虫产品并尽快就医；否则核对物种、体重和成分后由当地兽医制定方案，猫不要使用未确认安全的犬用产品；若出现上述任一红旗表现，请立即就医或急诊。,"[""用药后流涎震颤"",""抽搐"",""呼吸异常"",""虚弱""]",选择驱虫产品不能只看品牌；驱虫药怎么选；猫狗能共用驱虫药吗；除虫；打虫；抓挠、舔咬、皮肤红疹、脱毛、可见跳蚤/蜱、粪便中见虫体或节片、腹胀、体重下降等；犬猫寄生虫风险和可用产品存在差异，产品选择需结合物种、体重、年龄和暴露；用药后流涎震颤；抽搐；呼吸异常；虚弱。,"[{""source_id"":""PMC8404700"",""title"":""Canine and Feline Parasitology: Analogies, Differences, and Relevance for Human Health"",""url"":""https://pmc.ncbi.nlm.nih.gov/articles/PMC8404700/"",""license"":""CC BY"",""page_or_section"":""Abstract"",""verification_status"":""source_identity_license_and_locator_verified_2026-08-12; veterinary_claim_review_pending"",""support_note"":""中文内容为保守概括；来源用于支持主题、物种和风险边界，不代表个体诊断。"",""change_note"":""已在 v1.4 核对来源身份、商业许可、题名和定位；未逐字复制。""},{""source_id"":""PMC11247265"",""title"":""Control of companion animal parasites and impact on One Health"",""url"":""https://pmc.ncbi.nlm.nih.gov/articles/PMC11247265/"",""license"":""CC BY"",""page_or_section"":""Abstract"",""verification_status"":""source_identity_license_and_locator_verified_2026-08-12; veterinary_claim_review_pending"",""support_note"":""中文内容为保守概括；来源用于支持主题、物种和风险边界，不代表个体诊断。"",""change_note"":""已在 v1.4 核对来源身份、商业许可、题名和定位；未逐字复制。""}]",Only verified CC BY/CC0 evidence is retained; attribution and change notices are mandatory.,true,phrase_expansion_and_new_cards_applied_v1_7,blocked_pending_mainland_China_licensed_veterinarian_review,true,test,false,cb44c1af1fedf906468a2367ac22097b6e242c71db5e980cddddb3a4e547bda1
MVP-PAR-005,1.8.0-open-mvp-retrieval-and-safety-repair-draft,zh-CN,驱虫频率需要个体化,"[""cat"",""dog""]",parasites,simple_owner_question,,"[""多久驱虫一次"",""室内宠物要不要驱虫"",""除虫"",""打虫""]","[""未见虫体、呕吐腹泻、体重下降等异常表现""]","[""寄生虫控制应基于地区流行病学和个体暴露风险，不宜用单一频率覆盖所有宠物""]","[""近期是否旅行或去过蜱虫、心丝虫等高发地区？"",""宠物是否经常在草地、林地等蜱虫高发环境活动？"",""目前是否在规律使用适合宠物物种和体重的驱虫产品？""]",向本地兽医说明生活方式、旅行和环境暴露情况，建立并记录个体化驱虫计划；若出现任一红旗（如可见虫体伴随呕吐腹泻、幼龄宠物虚弱、体重下降等），应立即就医或急诊。,"[""可见虫体伴随呕吐腹泻"",""幼龄宠物虚弱"",""体重下降""]",驱虫频率需要个体化；多久驱虫一次；室内宠物要不要驱虫；除虫；打虫；未见虫体、呕吐腹泻、体重下降等异常表现；寄生虫控制应基于地区流行病学和个体暴露风险，不宜用单一频率覆盖所有宠物；可见虫体伴随呕吐腹泻；幼龄宠物虚弱；体重下降。,"[{""source_id"":""PMC11247265"",""title"":""Control of companion animal parasites and impact on One Health"",""url"":""https://pmc.ncbi.nlm.nih.gov/articles/PMC11247265/"",""license"":""CC BY"",""page_or_section"":""Abstract"",""verification_status"":""source_identity_license_and_locator_verified_2026-08-12; veterinary_claim_review_pending"",""support_note"":""中文内容为保守概括；来源用于支持主题、物种和风险边界，不代表个体诊断。"",""change_note"":""已在 v1.4 核对来源身份、商业许可、题名和定位；未逐字复制。""},{""source_id"":""PMC8404700"",""title"":""Canine and Feline Parasitology: Analogies, Differences, and Relevance for Human Health"",""url"":""https://pmc.ncbi.nlm.nih.gov/articles/PMC8404700/"",""license"":""CC BY"",""page_or_section"":""Abstract"",""verification_status"":""source_identity_license_and_locator_verified_2026-08-12; veterinary_claim_review_pending"",""support_note"":""中文内容为保守概括；来源用于支持主题、物种和风险边界，不代表个体诊断。"",""change_note"":""已在 v1.4 核对来源身份、商业许可、题名和定位；未逐字复制。""}]",Only verified CC BY/CC0 evidence is retained; attribution and change notices are mandatory.,true,phrase_expansion_and_new_cards_applied_v1_7,blocked_pending_mainland_China_licensed_veterinarian_review,true,test,false,ce5cdc9bab629fb5518a2330f2b430e68e81a9dac0b897e46d8cbc78874d3f9d
MVP-PAR-006,1.8.0-open-mvp-retrieval-and-safety-repair-draft,zh-CN,粪便中看到虫体或米粒样节片,"[""cat"",""dog""]",parasites,simple_owner_question,,"[""便里有虫"",""屁股旁有白色米粒""]","[""粪便或肛周可见虫体或节片样物""]","[""不同寄生虫处理方法不同，外观照片不能完成全部鉴别""]","[""是否同时出现便血、腹泻呕吐、腹部膨大或明显消瘦？"",""看到的虫体或节片是米粒样、长条状还是白色小颗粒？"",""最近是否规律使用适合宠物种类和体重的驱虫药？""]",拍照并密封少量新鲜粪便样本，清理环境和手卫生，预约粪检；若出现便血、幼宠腹泻呕吐、腹部膨大并虚弱或明显消瘦等任一红旗表现，请立即就医或前往急诊。,"[""幼宠腹泻呕吐"",""腹部膨大并虚弱"",""便血"",""明显消瘦""]",粪便中看到虫体或米粒样节片；便里有虫；屁股旁有白色米粒；粪便或肛周可见虫体或节片样物；不同寄生虫处理方法不同，外观照片不能完成全部鉴别；幼宠腹泻呕吐；腹部膨大并虚弱；便血；明显消瘦。,"[{""source_id"":""PMC8404700"",""title"":""Canine and Feline Parasitology: Analogies, Differences, and Relevance for Human Health"",""url"":""https://pmc.ncbi.nlm.nih.gov/articles/PMC8404700/"",""license"":""CC BY"",""page_or_section"":""Abstract"",""verification_status"":""source_identity_license_and_locator_verified_2026-08-12; veterinary_claim_review_pending"",""support_note"":""中文内容为保守概括；来源用于支持主题、物种和风险边界，不代表个体诊断。"",""change_note"":""已在 v1.4 核对来源身份、商业许可、题名和定位；未逐字复制。""},{""source_id"":""PMC11247265"",""title"":""Control of companion animal parasites and impact on One Health"",""url"":""https://pmc.ncbi.nlm.nih.gov/articles/PMC11247265/"",""license"":""CC BY"",""page_or_section"":""Abstract"",""verification_status"":""source_identity_license_and_locator_verified_2026-08-12; veterinary_claim_review_pending"",""support_note"":""中文内容为保守概括；来源用于支持主题、物种和风险边界，不代表个体诊断。"",""change_note"":""已在 v1.4 核对来源身份、商业许可、题名和定位；未逐字复制。""}]",Only verified CC BY/CC0 evidence is retained; attribution and change notices are mandatory.,true,phrase_expansion_and_new_cards_applied_v1_7,blocked_pending_mainland_China_licensed_veterinarian_review,true,test,false,1df2f192fb5bb51dac4b3b572cfd857f3ac5d15f59db77a21d3f29e0bd64a71a
MVP-PAR-007,1.8.0-open-mvp-retrieval-and-safety-repair-draft,zh-CN,多宠家庭疑似耳螨,"[""cat"",""dog""]",parasites,simple_owner_question,,"[""几只猫都抓耳朵"",""耳朵黑像咖啡渣""]","[""多只动物抓耳、甩头或耳垢增多""]","[""耳螨等寄生虫可在接触动物间传播，但仍需耳道检查确认""]","[""是否出现头歪、走路不稳或转圈等平衡异常？"",""耳道是否出血或触碰时剧烈疼痛？"",""是否自行使用过任何耳药、滴剂或驱虫产品？""]",分开共用梳具并预约耳镜和分泌物检查，不自行滴不明液体；若出现上述任一红旗表现，请立即就医或急诊。,"[""头歪失衡"",""耳道出血"",""剧烈疼痛""]",多宠家庭疑似耳螨；几只猫都抓耳朵；耳朵黑像咖啡渣；多只动物抓耳、甩头或耳垢增多；耳螨等寄生虫可在接触动物间传播，但仍需耳道检查确认；头歪失衡；耳道出血；剧烈疼痛。,"[{""source_id"":""PMC8404700"",""title"":""Canine and Feline Parasitology: Analogies, Differences, and Relevance for Human Health"",""url"":""https://pmc.ncbi.nlm.nih.gov/articles/PMC8404700/"",""license"":""CC BY"",""page_or_section"":""Abstract"",""verification_status"":""source_identity_license_and_locator_verified_2026-08-12; veterinary_claim_review_pending"",""support_note"":""中文内容为保守概括；来源用于支持主题、物种和风险边界，不代表个体诊断。"",""change_note"":""已在 v1.4 核对来源身份、商业许可、题名和定位；未逐字复制。""}]",Only verified CC BY/CC0 evidence is retained; attribution and change notices are mandatory.,true,phrase_expansion_and_new_cards_applied_v1_7,blocked_pending_mainland_China_licensed_veterinarian_review,true,test,false,f772d5355aaeb1c9551a2f6f279fad9ccf042a088fbc61f7176b71637434af34
MVP-PAR-008,1.8.0-open-mvp-retrieval-and-safety-repair-draft,zh-CN,清理宠物粪便与人宠共患风险,"[""cat"",""dog""]",parasites,simple_owner_question,,"[""宠物寄生虫会传人吗"",""粪便怎么处理""]","[""宠物粪便中可见虫体或米粒样节片"",""宠物腹泻或肛周有跳蚤、蜱""]","[""部分犬猫寄生虫具有公共健康意义，及时清理粪便和手卫生是基础措施""]","[""家庭成员是否出现不明原因腹泻、腹痛、发热、皮疹或神经系统症状？"",""宠物粪便中是否可见虫体、米粒样节片、黏液或血？"",""同住动物是否也出现腹泻、虫体或肛周跳蚤、蜱等异常？""]",及时清理并密封处理粪便，清洁双手；儿童和免疫脆弱者避免直接接触；若出现上述任一红旗表现，请立即就医或急诊。,"[""家庭成员出现不明原因腹泻、腹痛、发热、皮肤游走性红肿或神经系统症状；免疫功能低下者或孕妇接触粪便后出现任何不适"",""宠物持续腹泻或可见虫体""]",清理宠物粪便与人宠共患风险；宠物寄生虫会传人吗；粪便怎么处理；宠物粪便中可见虫体或米粒样节片；宠物腹泻或肛周有跳蚤、蜱；部分犬猫寄生虫具有公共健康意义，及时清理粪便和手卫生是基础措施；家庭成员出现不明原因腹泻、腹痛、发热、皮肤游走性红肿或神经系统症状；免疫功能低下者或孕妇接触粪便后出现任何不适；宠物持续腹泻或可见虫体。,"[{""source_id"":""PMC11247265"",""title"":""Control of companion animal parasites and impact on One Health"",""url"":""https://pmc.ncbi.nlm.nih.gov/articles/PMC11247265/"",""license"":""CC BY"",""page_or_section"":""Abstract"",""verification_status"":""source_identity_license_and_locator_verified_2026-08-12; veterinary_claim_review_pending"",""support_note"":""中文内容为保守概括；来源用于支持主题、物种和风险边界，不代表个体诊断。"",""change_note"":""已在 v1.4 核对来源身份、商业许可、题名和定位；未逐字复制。""},{""source_id"":""PMC8404700"",""title"":""Canine and Feline Parasitology: Analogies, Differences, and Relevance for Human Health"",""url"":""https://pmc.ncbi.nlm.nih.gov/articles/PMC8404700/"",""license"":""CC BY"",""page_or_section"":""Abstract"",""verification_status"":""source_identity_license_and_locator_verified_2026-08-12; veterinary_claim_review_pending"",""support_note"":""中文内容为保守概括；来源用于支持主题、物种和风险边界，不代表个体诊断。"",""change_note"":""已在 v1.4 核对来源身份、商业许可、题名和定位；未逐字复制。""}]",Only verified CC BY/CC0 evidence is retained; attribution and change notices are mandatory.,true,phrase_expansion_and_new_cards_applied_v1_7,blocked_pending_mainland_China_licensed_veterinarian_review,true,test,false,c2780dbafe8266dded42be4a7c8cd466c27e66bdbe8b20bfc88c4d489b95ea20
MVP-PAR-009,1.8.0-open-mvp-retrieval-and-safety-repair-draft,zh-CN,室内猫也需要评估寄生虫风险,"[""cat""]",parasites,simple_owner_question,,"[""不出门的猫要驱虫吗"",""室内猫会有跳蚤吗""]","[""完全或主要室内生活""]","[""室内生活可降低部分暴露，但不能自动排除跳蚤、蚊虫、鞋底带入或新动物带入风险""]","[""猫是否出现呼吸困难或持续咳嗽？"",""猫是否出现虚弱、精神差或黏膜苍白？"",""是否在猫身上、粪便或生活环境里看到跳蚤、蜱或虫体/虫体、节片或白色颗粒样物？""]",请咨询兽医，根据地区、楼层环境、同住动物和是否外出制定驱虫方案，并使用适合猫的种类和体重的产品。出现任一红旗表现时，请立即就医或急诊。,"[""发现跳蚤或蜱"",""持续瘙痒"",""粪便见虫"",""虚弱/黏膜苍白"",""咳嗽/呼吸困难""]",室内猫也需要评估寄生虫风险；不出门的猫要驱虫吗；室内猫会有跳蚤吗；完全或主要室内生活；室内生活可降低部分暴露，但不能自动排除跳蚤、蚊虫、鞋底带入或新动物带入风险；发现跳蚤或蜱；持续瘙痒；粪便见虫；虚弱/黏膜苍白；咳嗽/呼吸困难。,"[{""source_id"":""PMC5746801"",""title"":""The Biology and Ecology of Cat Fleas and Advancements in Their Pest Management: A Review"",""url"":""https://pmc.ncbi.nlm.nih.gov/articles/PMC5746801/"",""license"":""CC BY"",""page_or_section"":""Abstract"",""verification_status"":""source_identity_license_and_locator_verified_2026-08-12; veterinary_claim_review_pending"",""support_note"":""中文内容为保守概括；来源用于支持主题、物种和风险边界，不代表个体诊断。"",""change_note"":""已在 v1.4 核对来源身份、商业许可、题名和定位；未逐字复制。""},{""source_id"":""PMC11247265"",""title"":""Control of companion animal parasites and impact on One Health"",""url"":""https://pmc.ncbi.nlm.nih.gov/articles/PMC11247265/"",""license"":""CC BY"",""page_or_section"":""Abstract"",""verification_status"":""source_identity_license_and_locator_verified_2026-08-12; veterinary_claim_review_pending"",""support_note"":""中文内容为保守概括；来源用于支持主题、物种和风险边界，不代表个体诊断。"",""change_note"":""已在 v1.4 核对来源身份、商业许可、题名和定位；未逐字复制。""}]",Only verified CC BY/CC0 evidence is retained; attribution and change notices are mandatory.,true,phrase_expansion_and_new_cards_applied_v1_7,blocked_pending_mainland_China_licensed_veterinarian_review,true,test,false,63fd350c8ff01a109cf34d5411fc3b38e377442986c38ef8924e80e90c856b16
MVP-GRM-001,1.8.0-open-mvp-retrieval-and-safety-repair-draft,zh-CN,季节性掉毛还是异常脱毛,"[""cat"",""dog""]",grooming,simple_owner_question,,"[""最近掉毛很多"",""是不是正常换毛"",""不吃东西"",""没胃口"",""挑食""]","[""全身掉毛增加或局部被毛变稀""]","[""梳理可帮助观察皮肤，但局部脱毛、对称性脱毛、瘙痒和炎症提示需检查""]","[""脱毛是全身均匀的换毛，还是局部、对称性或快速扩散的异常脱毛？"",""皮肤是否有红肿、渗出或化脓？"",""宠物是否有精神变差、食欲下降或活动减少？""]",梳理时记录脱毛范围是否对称、皮肤有无皮屑红斑和抓挠；出现任一红旗症状（快速扩散脱毛、渗出化脓、剧烈瘙痒、精神食欲下降）应立即就医或急诊。,"[""快速扩散脱毛"",""对称性脱毛"",""渗出化脓"",""剧烈瘙痒"",""精神食欲下降""]",季节性掉毛还是异常脱毛；最近掉毛很多；是不是正常换毛；不吃东西；没胃口；挑食；全身掉毛增加或局部被毛变稀；梳理可帮助观察皮肤，但局部脱毛、对称性脱毛、瘙痒和炎症提示需检查；快速扩散脱毛；对称性脱毛；渗出化脓；剧烈瘙痒；精神食欲下降。,"[{""source_id"":""PMC8907591"",""title"":""Grooming-Related Concerns Among Companion Animals: Preliminary Data on an Overlooked Topic and Considerations for Animals' Access to Health-Related Services"",""url"":""https://pmc.ncbi.nlm.nih.gov/articles/PMC8907591/"",""license"":""CC BY"",""page_or_section"":""Abstract"",""verification_status"":""source_identity_license_and_locator_verified_2026-08-12; veterinary_claim_review_pending"",""support_note"":""中文内容为保守概括；来源用于支持主题、物种和风险边界，不代表个体诊断。"",""change_note"":""已在 v1.4 核对来源身份、商业许可、题名和定位；未逐字复制。""},{""source_id"":""PMC6172809"",""title"":""Atopic dermatitis in cats and dogs: a difficult disease for animals and owners"",""url"":""https://pmc.ncbi.nlm.nih.gov/articles/PMC6172809/"",""license"":""CC BY"",""page_or_section"":""Abstract"",""verification_status"":""source_identity_license_and_locator_verified_2026-08-12; veterinary_claim_review_pending"",""support_note"":""中文内容为保守概括；来源用于支持主题、物种和风险边界，不代表个体诊断。"",""change_note"":""已在 v1.4 核对来源身份、商业许可、题名和定位；未逐字复制。""}]",Only verified CC BY/CC0 evidence is retained; attribution and change notices are mandatory.,true,phrase_expansion_and_new_cards_applied_v1_7,blocked_pending_mainland_China_licensed_veterinarian_review,true,test,false,8df26d9faa3d2e071a0387cfe7275500567815c5c43050b3076757541eb2cc68
MVP-GRM-002,1.8.0-open-mvp-retrieval-and-safety-repair-draft,zh-CN,猫狗皮屑增多,"[""cat"",""dog""]",grooming,simple_owner_question,,"[""身上很多皮屑"",""像头皮屑一样""]","[""被毛间白色鳞屑增多""]","[""皮屑可与皮肤屏障、梳理、寄生虫或皮肤病有关，照片不能确定原因""]","[""皮肤出现皮屑/症状持续多久了？"",""近期是否更换过食物、洗护用品或居住环境？"",""宠物是否有既往皮肤病、过敏或寄生虫史？""]",观察是否频繁抓挠、是否可见跳蚤/虱等外寄生虫；若皮屑持续或伴随红疹、脱毛、渗出，应做皮肤检查。若出现任一红旗表现（大面积发红、脱毛渗出、强烈瘙痒、家人出现皮损）应立即就医或急诊。,"[""大面积发红"",""脱毛渗出"",""强烈瘙痒"",""家人出现皮损""]",猫狗皮屑增多；身上很多皮屑；像头皮屑一样；被毛间白色鳞屑增多；皮屑可与皮肤屏障、梳理、寄生虫或皮肤病有关，照片不能确定原因；大面积发红；脱毛渗出；强烈瘙痒；家人出现皮损。,"[{""source_id"":""PMC6172809"",""title"":""Atopic dermatitis in cats and dogs: a difficult disease for animals and owners"",""url"":""https://pmc.ncbi.nlm.nih.gov/articles/PMC6172809/"",""license"":""CC BY"",""page_or_section"":""Abstract"",""verification_status"":""source_identity_license_and_locator_verified_2026-08-12; veterinary_claim_review_pending"",""support_note"":""中文内容为保守概括；来源用于支持主题、物种和风险边界，不代表个体诊断。"",""change_note"":""已在 v1.4 核对来源身份、商业许可、题名和定位；未逐字复制。""}]",Only verified CC BY/CC0 evidence is retained; attribution and change notices are mandatory.,true,phrase_expansion_and_new_cards_applied_v1_7,blocked_pending_mainland_China_licensed_veterinarian_review,true,test,false,5c61691f2ad034acb6ba3dbaa076a77146fc411021008cefeb0f91236c502958
MVP-GRM-003,1.8.0-open-mvp-retrieval-and-safety-repair-draft,zh-CN,猫狗被毛打结,"[""cat"",""dog""]",grooming,simple_owner_question,,"[""毛打结很严重"",""毛团贴着皮肤""]","[""毛结靠近皮肤或拉扯疼痛""]","[""严重打结可隐藏皮肤问题，强行拉扯或贴皮剪切会增加损伤风险""]","[""毛结下方皮肤是否有破损、出血、渗液或异味？"",""触碰毛结附近时，宠物是否出现攻击、躲闪或剧烈抗拒？"",""打结范围是否广泛或紧贴皮肤？""]",不要用剪刀贴皮盲剪；范围大、紧贴皮肤或宠物抗拒时找专业人员处理；若出现上述任一红旗表现，请立即就医或急诊。,"[""皮肤被割伤"",""毛结下渗出异味"",""宠物剧烈疼痛或攻击""]",猫狗被毛打结；毛打结很严重；毛团贴着皮肤；毛结靠近皮肤或拉扯疼痛；严重打结可隐藏皮肤问题，强行拉扯或贴皮剪切会增加损伤风险；皮肤被割伤；毛结下渗出异味；宠物剧烈疼痛或攻击。,"[{""source_id"":""PMC8907591"",""title"":""Grooming-Related Concerns Among Companion Animals: Preliminary Data on an Overlooked Topic and Considerations for Animals' Access to Health-Related Services"",""url"":""https://pmc.ncbi.nlm.nih.gov/articles/PMC8907591/"",""license"":""CC BY"",""page_or_section"":""Abstract"",""verification_status"":""source_identity_license_and_locator_verified_2026-08-12; veterinary_claim_review_pending"",""support_note"":""中文内容为保守概括；来源用于支持主题、物种和风险边界，不代表个体诊断。"",""change_note"":""已在 v1.4 核对来源身份、商业许可、题名和定位；未逐字复制。""}]",Only verified CC BY/CC0 evidence is retained; attribution and change notices are mandatory.,true,phrase_expansion_and_new_cards_applied_v1_7,blocked_pending_mainland_China_licensed_veterinarian_review,true,test,false,78d4677f1e70b315ac4a638418474c284712eb767372c5e34f6e6eed5c3dda16
MVP-GRM-004,1.8.0-open-mvp-retrieval-and-safety-repair-draft,zh-CN,指甲过长,"[""cat"",""dog""]",grooming,simple_owner_question,,"[""指甲太长了"",""走路指甲响"",""瘸了"",""一瘸一拐"",""腿瘸"",""狗指甲剪出血了怎么办"",""怎么给狗剪指甲不剪到血线"",""狗黑指甲看不到血线怎么剪"",""狗指甲太长有什么影响"",""狗不让剪指甲怎么办""]","[""指甲触地、弯曲或影响步态""]","[""指甲护理属于基础梳洗，但需要避免伤及含血管的甲芯""]","[""是否有出血不止？"",""指甲是否已经嵌入肉垫？"",""是否有明显跛行或肿胀？""]",少量逐步修剪；看不清甲芯、宠物挣扎或已有变形时请专业人员处理；若出现上述任一红旗表现，请立即就医或急诊。,"[""指甲嵌入肉垫"",""出血不止"",""明显跛行或肿胀""]",指甲过长；指甲太长了；走路指甲响；瘸了；一瘸一拐；腿瘸；狗指甲剪出血了怎么办；怎么给狗剪指甲不剪到血线；狗黑指甲看不到血线怎么剪；狗指甲太长有什么影响；狗不让剪指甲怎么办；指甲触地、弯曲或影响步态；指甲护理属于基础梳洗，但需要避免伤及含血管的甲芯；指甲嵌入肉垫；出血不止；明显跛行或肿胀。,"[{""source_id"":""PMC8907591"",""title"":""Grooming-Related Concerns Among Companion Animals: Preliminary Data on an Overlooked Topic and Considerations for Animals' Access to Health-Related Services"",""url"":""https://pmc.ncbi.nlm.nih.gov/articles/PMC8907591/"",""license"":""CC BY"",""page_or_section"":""Abstract"",""verification_status"":""source_identity_license_and_locator_verified_2026-08-12; veterinary_claim_review_pending"",""support_note"":""中文内容为保守概括；来源用于支持主题、物种和风险边界，不代表个体诊断。"",""change_note"":""已在 v1.4 核对来源身份、商业许可、题名和定位；未逐字复制。""}]",Only verified CC BY/CC0 evidence is retained; attribution and change notices are mandatory.,true,phrase_expansion_and_new_cards_applied_v1_7,blocked_pending_mainland_China_licensed_veterinarian_review,true,test,false,20430fb3519433dceceacfc362c8a953786b4174fbe0f65b434108fe06b2c72f
MVP-GRM-005,1.8.0-open-mvp-retrieval-and-safety-repair-draft,zh-CN,指甲劈裂或出血,"[""cat"",""dog""]",minor_injury,simple_owner_question,,"[""指甲断了"",""指甲流血"",""瘸了"",""一瘸一拐"",""腿瘸""]","[""甲壳劈裂、悬挂或少量出血""]","[""指甲损伤可疼痛并影响行走，深部损伤需要专业处理""]","[""出血是否持续或难以止住？"",""指甲是否裂至根部或甲根有撕脱？"",""是否明显跛行或不敢用受伤的脚着地？""]",限制舔咬和奔跑，可用干净纱布轻压；若出现持续出血、甲根撕脱或裂至根部、明显跛行、肿胀或化脓等任一红旗表现，应立即就医。,"[""持续出血"",""甲根撕脱"",""明显跛行"",""肿胀化脓""]",指甲劈裂或出血；指甲断了；指甲流血；瘸了；一瘸一拐；腿瘸；甲壳劈裂、悬挂或少量出血；指甲损伤可疼痛并影响行走，深部损伤需要专业处理；持续出血；甲根撕脱；明显跛行；肿胀化脓。,"[{""source_id"":""PMC8907591"",""title"":""Grooming-Related Concerns Among Companion Animals: Preliminary Data on an Overlooked Topic and Considerations for Animals' Access to Health-Related Services"",""url"":""https://pmc.ncbi.nlm.nih.gov/articles/PMC8907591/"",""license"":""CC BY"",""page_or_section"":""Abstract"",""verification_status"":""source_identity_license_and_locator_verified_2026-08-12; veterinary_claim_review_pending"",""support_note"":""中文内容为保守概括；来源用于支持主题、物种和风险边界，不代表个体诊断。"",""change_note"":""已在 v1.4 核对来源身份、商业许可、题名和定位；未逐字复制。""},{""source_id"":""PMC8357988"",""title"":""Volume Resuscitation in the Acutely Hemorrhaging Patient: Historic Use to Current Applications"",""url"":""https://pmc.ncbi.nlm.nih.gov/articles/PMC8357988/"",""license"":""CC BY"",""page_or_section"":""Abstract"",""verification_status"":""source_identity_license_and_locator_verified_2026-08-12; veterinary_claim_review_pending"",""support_note"":""中文内容为保守概括；来源用于支持主题、物种和风险边界，不代表个体诊断。"",""change_note"":""已在 v1.4 核对来源身份、商业许可、题名和定位；未逐字复制。""}]",Only verified CC BY/CC0 evidence is retained; attribution and change notices are mandatory.,true,phrase_expansion_and_new_cards_applied_v1_7,blocked_pending_mainland_China_licensed_veterinarian_review,true,test,false,f5e4bcd00609e2928603d86a15e023f76442c14f6a1cd314b84b1d3084115266
MVP-GRM-006,1.8.0-open-mvp-retrieval-and-safety-repair-draft,zh-CN,散步后反复舔爪,"[""dog""]",dermatology,simple_owner_question,,"[""遛完一直舔脚"",""脚垫发红""]","[""散步后舔咬足部或趾间发红""]","[""足部不适可能与刺激物、异物、创伤、寄生虫或过敏有关""]","[""狗狗这次散步后舔爪的情况持续多久了，是每次都出现还是第一次发生？"",""它是明显瘙痒想一直舔咬，还是看起来以疼痛为主、不太愿意让人碰脚？"",""最近有没有接触新的地面清洁剂、草坪药物、除虫剂，或刚洗过澡、用过新护毛产品？""]",用清水冲洗并彻底擦干，检查趾间和肉垫；持续或单脚剧痛时检查。若出现无法负重、异物刺入、明显肿胀化脓或全身风团，应立即就医或急诊。,"[""无法负重"",""异物刺入"",""明显肿胀化脓"",""全身风团""]",散步后反复舔爪；遛完一直舔脚；脚垫发红；散步后舔咬足部或趾间发红；足部不适可能与刺激物、异物、创伤、寄生虫或过敏有关；无法负重；异物刺入；明显肿胀化脓；全身风团。,"[{""source_id"":""PMC4531508"",""title"":""Canine atopic dermatitis: detailed guidelines for diagnosis and allergen identification"",""url"":""https://pmc.ncbi.nlm.nih.gov/articles/PMC4531508/"",""license"":""CC BY 4.0"",""page_or_section"":""Abstract"",""verification_status"":""source_identity_license_and_locator_verified_2026-08-12; veterinary_claim_review_pending"",""support_note"":""中文内容为保守概括；来源用于支持主题、物种和风险边界，不代表个体诊断。"",""change_note"":""已在 v1.4 核对来源身份、商业许可、题名和定位；未逐字复制。""},{""source_id"":""PMC10294810"",""title"":""Dermatological Problems of Brachycephalic Dogs"",""url"":""https://pmc.ncbi.nlm.nih.gov/articles/PMC10294810/"",""license"":""CC BY 4.0"",""page_or_section"":""Abstract"",""verification_status"":""source_identity_license_and_locator_verified_2026-08-12; veterinary_claim_review_pending"",""support_note"":""中文内容为保守概括；来源用于支持主题、物种和风险边界，不代表个体诊断。"",""change_note"":""已在 v1.4 核对来源身份、商业许可、题名和定位；未逐字复制。""}]",Only verified CC BY/CC0 evidence is retained; attribution and change notices are mandatory.,true,phrase_expansion_and_new_cards_applied_v1_7,blocked_pending_mainland_China_licensed_veterinarian_review,true,test,false,96d5a25c60e00df7ef2c723f23104dcad7eac8f6bd4990b5e4af4c15bee0795a
MVP-GRM-007,1.8.0-open-mvp-retrieval-and-safety-repair-draft,zh-CN,短头犬皮褶发红有异味,"[""dog""]",dermatology,simple_owner_question,,"[""法斗脸褶很臭"",""皮褶发红""]","[""面部或尾部皮褶潮湿、红、异味""]","[""短头犬皮褶容易出现摩擦、潮湿和继发皮肤问题""]","[""皮褶问题反复发作还是第一次出现？持续多久了？"",""皮褶是否有分泌物或渗出？如果有，是清亮、脓性还是血性？"",""是否瘙痒或疼痛？程度如何？""]",保持褶皱清洁干燥，不使用刺激性消毒剂；出现任一红旗症状（明显疼痛、脓性分泌物、快速肿胀、精神食欲下降）应立即就医或急诊；反复发作、有分泌物或症状持续不缓解时，也建议尽快就诊。,"[""明显疼痛"",""脓性分泌物"",""快速肿胀"",""精神食欲下降""]",短头犬皮褶发红有异味；法斗脸褶很臭；皮褶发红；面部或尾部皮褶潮湿、红、异味；短头犬皮褶容易出现摩擦、潮湿和继发皮肤问题；明显疼痛；脓性分泌物；快速肿胀；精神食欲下降。,"[{""source_id"":""PMC10294810"",""title"":""Dermatological Problems of Brachycephalic Dogs"",""url"":""https://pmc.ncbi.nlm.nih.gov/articles/PMC10294810/"",""license"":""CC BY 4.0"",""page_or_section"":""Abstract"",""verification_status"":""source_identity_license_and_locator_verified_2026-08-12; veterinary_claim_review_pending"",""support_note"":""中文内容为保守概括；来源用于支持主题、物种和风险边界，不代表个体诊断。"",""change_note"":""已在 v1.4 核对来源身份、商业许可、题名和定位；未逐字复制。""}]",Only verified CC BY/CC0 evidence is retained; attribution and change notices are mandatory.,true,phrase_expansion_and_new_cards_applied_v1_7,blocked_pending_mainland_China_licensed_veterinarian_review,true,test,false,9e49d05fc086a8443794d44cda17b067a1ac8d5704255869591956918a423362
MVP-GRM-008,1.8.0-open-mvp-retrieval-and-safety-repair-draft,zh-CN,洗澡后皮肤发红或瘙痒,"[""cat"",""dog""]",dermatology,simple_owner_question,,"[""洗完澡一直挠"",""换沐浴露后红了""]","[""洗澡后出现抓挠、发红或皮肤干燥""]","[""外用品和清洁过程可能刺激皮肤，也可能暴露原有皮肤病""]","[""皮肤发红或瘙痒的部位在哪里？"",""皮肤发红或瘙痒持续了多长时间？"",""皮肤是否有异味、渗出或瘙痒程度如何？""]",停止继续使用新产品，用清水彻底冲净并擦干；持续或加重时就医；若出现上述任一红旗表现，请立即就医或急诊。,"[""面部肿胀"",""呼吸异常"",""大面积风团"",""渗出或剧痛""]",洗澡后皮肤发红或瘙痒；洗完澡一直挠；换沐浴露后红了；洗澡后出现抓挠、发红或皮肤干燥；外用品和清洁过程可能刺激皮肤，也可能暴露原有皮肤病；面部肿胀；呼吸异常；大面积风团；渗出或剧痛。,"[{""source_id"":""PMC6172809"",""title"":""Atopic dermatitis in cats and dogs: a difficult disease for animals and owners"",""url"":""https://pmc.ncbi.nlm.nih.gov/articles/PMC6172809/"",""license"":""CC BY"",""page_or_section"":""Abstract"",""verification_status"":""source_identity_license_and_locator_verified_2026-08-12; veterinary_claim_review_pending"",""support_note"":""中文内容为保守概括；来源用于支持主题、物种和风险边界，不代表个体诊断。"",""change_note"":""已在 v1.4 核对来源身份、商业许可、题名和定位；未逐字复制。""}]",Only verified CC BY/CC0 evidence is retained; attribution and change notices are mandatory.,true,phrase_expansion_and_new_cards_applied_v1_7,blocked_pending_mainland_China_licensed_veterinarian_review,true,test,false,8a4ec5a31ba667acfcf3a857aea04b0492e075994b0c0c4ac42c985b2be96006
MVP-GRM-009,1.8.0-open-mvp-retrieval-and-safety-repair-draft,zh-CN,小面积表浅擦伤,"[""cat"",""dog""]",minor_injury,simple_owner_question,,"[""擦破一点皮"",""有个小伤口""]","[""小面积表皮破损，目前出血少且精神正常""]","[""伤口深度和污染程度仅凭表面不一定能完全判断""]","[""伤口是什么时候发生的，可能是什么原因造成的？"",""伤口周围是否出现明显肿胀、疼痛或跛行？"",""动物的精神状态和食欲是否正常？""]",防止舔咬，保持清洁干燥并记录变化；污染、疼痛或愈合异常时就医；若出现上述任一红旗表现，请立即就医或急诊。,"[""持续出血"",""伤口很深或张开"",""被咬伤"",""肿胀渗出或异味""]",小面积表浅擦伤；擦破一点皮；有个小伤口；小面积表皮破损，目前出血少且精神正常；伤口深度和污染程度仅凭表面不一定能完全判断；持续出血；伤口很深或张开；被咬伤；肿胀渗出或异味。,"[{""source_id"":""PMC10892332"",""title"":""First-Intention Incisional Wound Healing in Dogs and Cats: A Controlled Trial of Dermapliq and Manuka Honey"",""url"":""https://pmc.ncbi.nlm.nih.gov/articles/PMC10892332/"",""license"":""CC BY 4.0"",""page_or_section"":""Abstract"",""verification_status"":""source_identity_license_and_locator_verified_2026-08-12; veterinary_claim_review_pending"",""support_note"":""中文内容为保守概括；来源用于支持主题、物种和风险边界，不代表个体诊断。"",""change_note"":""已在 v1.4 核对来源身份、商业许可、题名和定位；未逐字复制。""},{""source_id"":""PMC8357988"",""title"":""Volume Resuscitation in the Acutely Hemorrhaging Patient: Historic Use to Current Applications"",""url"":""https://pmc.ncbi.nlm.nih.gov/articles/PMC8357988/"",""license"":""CC BY"",""page_or_section"":""Abstract"",""verification_status"":""source_identity_license_and_locator_verified_2026-08-12; veterinary_claim_review_pending"",""support_note"":""中文内容为保守概括；来源用于支持主题、物种和风险边界，不代表个体诊断。"",""change_note"":""已在 v1.4 核对来源身份、商业许可、题名和定位；未逐字复制。""}]",Only verified CC BY/CC0 evidence is retained; attribution and change notices are mandatory.,true,phrase_expansion_and_new_cards_applied_v1_7,blocked_pending_mainland_China_licensed_veterinarian_review,true,test,false,8202dbb26d055377b814c327501827d034caa6382dff84491ac0db65e5c543b6
MVP-GRM-010,1.8.0-open-mvp-retrieval-and-safety-repair-draft,zh-CN,被其他动物咬伤,"[""cat"",""dog""]",minor_injury,simple_owner_question,,"[""被狗咬了"",""猫打架有洞""]","[""皮肤可见牙印、穿刺口、肿胀或疼痛""]","[""咬伤表面可能较小但存在深部组织损伤和污染风险""]","[""咬伤来源动物是家养、流浪，还是无法判断？目前能否观察到它？"",""该动物的疫苗接种（尤其狂犬病）情况是否明确？"",""伤口局部的肿胀、疼痛和活动情况如何？""]",避免自行封闭伤口，防止舔咬，并尽快由兽医评估。如出现胸腹部穿刺、呼吸异常、持续出血、虚弱或牙龈苍白等任一红旗，应立即就医或急诊。,"[""胸腹部穿刺"",""呼吸异常"",""持续出血"",""虚弱或牙龈苍白""]",被其他动物咬伤；被狗咬了；猫打架有洞；皮肤可见牙印、穿刺口、肿胀或疼痛；咬伤表面可能较小但存在深部组织损伤和污染风险；胸腹部穿刺；呼吸异常；持续出血；虚弱或牙龈苍白。,"[{""source_id"":""PMC6598119"",""title"":""Prognostic Significance of Organ Dysfunction in Cats With Polytrauma"",""url"":""https://pmc.ncbi.nlm.nih.gov/articles/PMC6598119/"",""license"":""CC BY"",""page_or_section"":""Abstract"",""verification_status"":""source_identity_license_and_locator_verified_2026-08-12; veterinary_claim_review_pending"",""support_note"":""中文内容为保守概括；来源用于支持主题、物种和风险边界，不代表个体诊断。"",""change_note"":""已在 v1.4 核对来源身份、商业许可、题名和定位；未逐字复制。""},{""source_id"":""PMC8357988"",""title"":""Volume Resuscitation in the Acutely Hemorrhaging Patient: Historic Use to Current Applications"",""url"":""https://pmc.ncbi.nlm.nih.gov/articles/PMC8357988/"",""license"":""CC BY"",""page_or_section"":""Abstract"",""verification_status"":""source_identity_license_and_locator_verified_2026-08-12; veterinary_claim_review_pending"",""support_note"":""中文内容为保守概括；来源用于支持主题、物种和风险边界，不代表个体诊断。"",""change_note"":""已在 v1.4 核对来源身份、商业许可、题名和定位；未逐字复制。""}]",Only verified CC BY/CC0 evidence is retained; attribution and change notices are mandatory.,true,phrase_expansion_and_new_cards_applied_v1_7,blocked_pending_mainland_China_licensed_veterinarian_review,true,test,false,6c27781abefa514471ed73e2ee033003b8302239e86a30f7e03c5615e66dc7d5
MVP-BEH-001,1.8.0-open-mvp-retrieval-and-safety-repair-draft,zh-CN,猫突然在猫砂盆外排尿,"[""cat""]",behavior,simple_owner_question,,"[""猫突然乱尿"",""尿在床上"",""尿血"",""尿里带血"",""我家猫总在盆外面拉尿，是报复我吗"",""猫突然不在猫砂盆里尿了怎么办"",""猫砂盆明明很干净，猫还是乱尿"",""猫咪在墙角大便，怎么纠正""]","[""原本正常使用猫砂盆，近期在外排尿""]","[""猫砂盆外排尿既可能与环境和资源有关，也可能是泌尿疾病表现""]","[""猫咪是否频繁进出猫砂盆，但只能排出少量尿液、滴尿或完全无尿？"",""最近是否有猫砂盆位置、猫砂类型、清洁频率、家庭成员或多猫资源等方面的变化？"",""尿液中或猫砂盆外是否能看到血液或粉红色？""]",先确认尿量和是否疼痛；清洁事故点并安排泌尿评估，不惩罚；若出现上述任一红旗表现，请立即就医或急诊。,"[""反复用力无尿"",""血尿"",""呕吐虚弱"",""公猫仅滴尿""]",猫突然在猫砂盆外排尿；猫突然乱尿；尿在床上；尿血；尿里带血；我家猫总在盆外面拉尿，是报复我吗；猫突然不在猫砂盆里尿了怎么办；猫砂盆明明很干净，猫还是乱尿；猫咪在墙角大便，怎么纠正；原本正常使用猫砂盆，近期在外排尿；猫砂盆外排尿既可能与环境和资源有关，也可能是泌尿疾病表现；反复用力无尿；血尿；呕吐虚弱；公猫仅滴尿。,"[{""source_id"":""PMC5985598"",""title"":""Common Risk Factors for Urinary House Soiling (Periuria) in Cats and Its Differentiation: The Sensitivity and Specificity of Common Diagnostic Signs"",""url"":""https://pmc.ncbi.nlm.nih.gov/articles/PMC5985598/"",""license"":""CC BY"",""page_or_section"":""Abstract"",""verification_status"":""source_identity_license_and_locator_verified_2026-08-12; veterinary_claim_review_pending"",""support_note"":""中文内容为保守概括；来源用于支持主题、物种和风险边界，不代表个体诊断。"",""change_note"":""已在 v1.4 核对来源身份、商业许可、题名和定位；未逐字复制。""},{""source_id"":""PMC6957472"",""title"":""Prevalence and risk factors of feline lower urinary tract disease in Chiang Mai, Thailand"",""url"":""https://pmc.ncbi.nlm.nih.gov/articles/PMC6957472/"",""license"":""CC BY 4.0"",""page_or_section"":""Abstract"",""verification_status"":""source_identity_license_and_locator_verified_2026-08-12; veterinary_claim_review_pending"",""support_note"":""中文内容为保守概括；来源用于支持主题、物种和风险边界，不代表个体诊断。"",""change_note"":""已在 v1.4 核对来源身份、商业许可、题名和定位；未逐字复制。""}]",Only verified CC BY/CC0 evidence is retained; attribution and change notices are mandatory.,true,phrase_expansion_and_new_cards_applied_v1_7,blocked_pending_mainland_China_licensed_veterinarian_review,true,test,false,565acd50724d76ca82c66710113436f281587279e2a9e7bcffe1944b0458ca64
MVP-BEH-002,1.8.0-open-mvp-retrieval-and-safety-repair-draft,zh-CN,多猫家庭猫砂盆资源,"[""cat""]",behavior,simple_owner_question,,"[""几只猫抢猫砂盆"",""猫不愿意进猫砂盆"",""拉不出"",""大便干硬""]","[""猫砂盆冲突、守门或部分猫在外排泄""]","[""猫砂盆位置、清洁、类型和多猫资源竞争都可能影响使用""]","[""猫砂盆冲突或在外排泄的行为是从什么时候开始的？"",""这种行为每天大约发生几次？"",""近期是否有搬家、新增宠物、家庭成员变化等环境变动？""]",如果出现任一红旗症状（如排尿疼痛、无尿、便秘呕吐、持续攻击等），请立即联系急诊兽医。否则可先提供分散、安静、易进入且保持清洁的猫砂盆，观察是否有猫阻挡。,"[""排尿疼痛"",""无尿"",""便秘呕吐"",""持续攻击""]",多猫家庭猫砂盆资源；几只猫抢猫砂盆；猫不愿意进猫砂盆；拉不出；大便干硬；猫砂盆冲突、守门或部分猫在外排泄；猫砂盆位置、清洁、类型和多猫资源竞争都可能影响使用；排尿疼痛；无尿；便秘呕吐；持续攻击。,"[{""source_id"":""PMC5985598"",""title"":""Common Risk Factors for Urinary House Soiling (Periuria) in Cats and Its Differentiation: The Sensitivity and Specificity of Common Diagnostic Signs"",""url"":""https://pmc.ncbi.nlm.nih.gov/articles/PMC5985598/"",""license"":""CC BY"",""page_or_section"":""Abstract"",""verification_status"":""source_identity_license_and_locator_verified_2026-08-12; veterinary_claim_review_pending"",""support_note"":""中文内容为保守概括；来源用于支持主题、物种和风险边界，不代表个体诊断。"",""change_note"":""已在 v1.4 核对来源身份、商业许可、题名和定位；未逐字复制。""},{""source_id"":""PMC9334771"",""title"":""Dealing With Stress in Cats: What Is New About the Olfactory Strategy?"",""url"":""https://pmc.ncbi.nlm.nih.gov/articles/PMC9334771/"",""license"":""CC BY"",""page_or_section"":""Abstract"",""verification_status"":""source_identity_license_and_locator_verified_2026-08-12; veterinary_claim_review_pending"",""support_note"":""中文内容为保守概括；来源用于支持主题、物种和风险边界，不代表个体诊断。"",""change_note"":""已在 v1.4 核对来源身份、商业许可、题名和定位；未逐字复制。""}]",Only verified CC BY/CC0 evidence is retained; attribution and change notices are mandatory.,true,phrase_expansion_and_new_cards_applied_v1_7,blocked_pending_mainland_China_licensed_veterinarian_review,true,test,false,372cde7d998ac094e1778c0ca8f13fc1eb9fb9c20c3ebce9efbb0649369f0732
MVP-BEH-003,1.8.0-open-mvp-retrieval-and-safety-repair-draft,zh-CN,室内猫缺少合适抓挠和活动资源,"[""cat""]",behavior,simple_owner_question,,"[""猫一直抓沙发"",""怎么让猫不抓家具"",""瘸了"",""一瘸一拐"",""腿瘸""]","[""在家具或墙面抓挠""]","[""猫的环境和资源安排会影响压力相关行为"",""应提供可抓挠、躲藏、攀爬和互动的选择，并观察是否同时有疼痛或皮肤问题""]","[""抓挠行为是从什么时候开始的，大概多久发生一次？"",""最近家里环境、作息或家庭成员有无变化？"",""抓挠时是否表现疼痛、跛行或爪部出血/指甲撕裂？""]",在常抓位置旁提供稳定抓板或抓柱并奖励使用，避免体罚；若出现上述任一红旗表现，请立即就医或急诊。,"[""抓挠时表现疼痛或跛行"",""爪部持续出血或指甲撕裂"",""抓挠部位脱毛、红肿、破溃或渗出"",""突然行为改变并不吃""]",室内猫缺少合适抓挠和活动资源；猫一直抓沙发；怎么让猫不抓家具；瘸了；一瘸一拐；腿瘸；在家具或墙面抓挠；猫的环境和资源安排会影响压力相关行为；应提供可抓挠、躲藏、攀爬和互动的选择，并观察是否同时有疼痛或皮肤问题；抓挠时表现疼痛或跛行；爪部持续出血或指甲撕裂；抓挠部位脱毛、红肿、破溃或渗出；突然行为改变并不吃。,"[{""source_id"":""PMC9334771"",""title"":""Dealing With Stress in Cats: What Is New About the Olfactory Strategy?"",""url"":""https://pmc.ncbi.nlm.nih.gov/articles/PMC9334771/"",""license"":""CC BY"",""page_or_section"":""Abstract"",""verification_status"":""source_identity_license_and_locator_verified_2026-08-12; veterinary_claim_review_pending"",""support_note"":""中文内容为保守概括；来源用于支持主题、物种和风险边界，不代表个体诊断。"",""change_note"":""已在 v1.4 核对来源身份、商业许可、题名和定位；未逐字复制。""}]",Only verified CC BY/CC0 evidence is retained; attribution and change notices are mandatory.,true,phrase_expansion_and_new_cards_applied_v1_7,blocked_pending_mainland_China_licensed_veterinarian_review,true,test,false,723ecc20dfa374ac3b089d2722d3ab76142a9ece3f4e0ce6f0936dd3d3b02e42
MVP-BEH-004,1.8.0-open-mvp-retrieval-and-safety-repair-draft,zh-CN,猫夜间异常叫喊,"[""cat""]",behavior,simple_owner_question,,"[""猫晚上一直叫"",""老猫半夜叫"",""闹猫"",""闹狗""]","[""夜间叫声较以往明显增加""]","[""叫声变化可与环境、发情、压力、疼痛或老年相关问题有关""]","[""这种情况是突然出现还是逐渐加重？夜间叫喊的频率和持续时间如何？"",""最近家里环境、成员或作息有无变化？猫是否已绝育或可能处于发情期？"",""猫有没有表现出迷失方向、频繁撞物或步态异常？""]",记录视频、作息和排泄；出现任一红旗症状时，应立即就医或前往急诊。,"[""呼吸异常"",""无法排尿"",""明显疼痛"",""迷失方向并频繁撞物""]",猫夜间异常叫喊；猫晚上一直叫；老猫半夜叫；闹猫；闹狗；夜间叫声较以往明显增加；叫声变化可与环境、发情、压力、疼痛或老年相关问题有关；呼吸异常；无法排尿；明显疼痛；迷失方向并频繁撞物。,"[{""source_id"":""PMC9334771"",""title"":""Dealing With Stress in Cats: What Is New About the Olfactory Strategy?"",""url"":""https://pmc.ncbi.nlm.nih.gov/articles/PMC9334771/"",""license"":""CC BY"",""page_or_section"":""Abstract"",""verification_status"":""source_identity_license_and_locator_verified_2026-08-12; veterinary_claim_review_pending"",""support_note"":""中文内容为保守概括；来源用于支持主题、物种和风险边界，不代表个体诊断。"",""change_note"":""已在 v1.4 核对来源身份、商业许可、题名和定位；未逐字复制。""},{""source_id"":""PMC7071134"",""title"":""Pain and Problem Behavior in Cats and Dogs"",""url"":""https://pmc.ncbi.nlm.nih.gov/articles/PMC7071134/"",""license"":""CC BY"",""page_or_section"":""Abstract"",""verification_status"":""source_identity_license_and_locator_verified_2026-08-12; veterinary_claim_review_pending"",""support_note"":""中文内容为保守概括；来源用于支持主题、物种和风险边界，不代表个体诊断。"",""change_note"":""已在 v1.4 核对来源身份、商业许可、题名和定位；未逐字复制。""}]",Only verified CC BY/CC0 evidence is retained; attribution and change notices are mandatory.,true,phrase_expansion_and_new_cards_applied_v1_7,blocked_pending_mainland_China_licensed_veterinarian_review,true,test,false,7955c05e7c156c57a06175ed3cc4f56cdf4266b204fb13d9b67c694601409ee2
MVP-BEH-005,1.8.0-open-mvp-retrieval-and-safety-repair-draft,zh-CN,犬独处时破坏或嚎叫,"[""dog""]",behavior,simple_owner_question,,"[""一出门狗就叫"",""独处拆家"",""乱咬东西""]","[""独处时叫喊、破坏、踱步或排泄""]","[""分离相关行为需要结合独处视频、时间和其他触发因素评估""]","[""这些破坏或嚎叫行为通常在哪些情况下出现？"",""这类行为大概每天或每周发生几次？"",""最近它的食欲有没有变化？""]",若出现自伤、试图破门导致出血、完全无法进食或攻击升级任一红旗，应立即联系兽医或急诊，不要仅进行行为训练；无红旗时可拍摄独处前后视频记录触发因素和频率，逐步训练并咨询行为专业人员，不惩罚恐惧表现。,"[""自伤"",""试图破门导致出血"",""完全无法进食"",""攻击升级""]",犬独处时破坏或嚎叫；一出门狗就叫；独处拆家；乱咬东西；独处时叫喊、破坏、踱步或排泄；分离相关行为需要结合独处视频、时间和其他触发因素评估；自伤；试图破门导致出血；完全无法进食；攻击升级。,"[{""source_id"":""PMC8868415"",""title"":""Impact of Changes in Time Left Alone on Separation-Related Behaviour in UK Pet Dogs"",""url"":""https://pmc.ncbi.nlm.nih.gov/articles/PMC8868415/"",""license"":""CC BY 4.0"",""page_or_section"":""Abstract"",""verification_status"":""source_identity_license_and_locator_verified_2026-08-12; veterinary_claim_review_pending"",""support_note"":""中文内容为保守概括；来源用于支持主题、物种和风险边界，不代表个体诊断。"",""change_note"":""已在 v1.4 核对来源身份、商业许可、题名和定位；未逐字复制。""}]",Only verified CC BY/CC0 evidence is retained; attribution and change notices are mandatory.,true,phrase_expansion_and_new_cards_applied_v1_7,blocked_pending_mainland_China_licensed_veterinarian_review,true,test,false,66a47838d815f708686f5b00a756c2cdfffa70c575de189ad7c11dc448e71b7a
MVP-BEH-006,1.8.0-open-mvp-retrieval-and-safety-repair-draft,zh-CN,犬害怕雷声和巨响,"[""dog""]",behavior,simple_owner_question,,"[""打雷就发抖"",""狗怕鞭炮"",""喘不上气"",""张着嘴喘""]","[""巨响时躲藏、发抖、喘气或试图逃跑""]","[""恐惧反应会影响福利，强迫接触或惩罚可能加重压力""]","[""害怕表现是近期突然出现还是长期存在？"",""是否同时有食欲、排泄、活动或疼痛异常？"",""巨响后是否出现持续呼吸急促/呼吸困难、黏膜发紫或虚脱？""]",提前提供安全安静区域，防止逃逸；反应严重时咨询兽医或行为专业人员。若出现持续呼吸急促/呼吸困难、黏膜发紫、虚脱、外伤、自伤或攻击无法安全管理，应立即就医或急诊。,"[""撞击逃跑造成外伤"",""持续呼吸急促/呼吸困难"",""黏膜发紫"",""虚脱"",""自伤"",""攻击无法安全管理""]",犬害怕雷声和巨响；打雷就发抖；狗怕鞭炮；喘不上气；张着嘴喘；巨响时躲藏、发抖、喘气或试图逃跑；恐惧反应会影响福利，强迫接触或惩罚可能加重压力；撞击逃跑造成外伤；持续呼吸急促/呼吸困难；黏膜发紫；虚脱；自伤；攻击无法安全管理。,"[{""source_id"":""PMC7826566"",""title"":""A Review on Mitigating Fear and Aggression in Dogs and Cats in a Veterinary Setting"",""url"":""https://pmc.ncbi.nlm.nih.gov/articles/PMC7826566/"",""license"":""CC BY 4.0"",""page_or_section"":""Abstract"",""verification_status"":""source_identity_license_and_locator_verified_2026-08-12; veterinary_claim_review_pending"",""support_note"":""中文内容为保守概括；来源用于支持主题、物种和风险边界，不代表个体诊断。"",""change_note"":""已在 v1.4 核对来源身份、商业许可、题名和定位；未逐字复制。""}]",Only verified CC BY/CC0 evidence is retained; attribution and change notices are mandatory.,true,phrase_expansion_and_new_cards_applied_v1_7,blocked_pending_mainland_China_licensed_veterinarian_review,true,test,false,66efab4d589a6572242ef12a7190cc123b704c6a06f3c18d86daf7eae7abd5c8
MVP-BEH-007,1.8.0-open-mvp-retrieval-and-safety-repair-draft,zh-CN,犬突然出现攻击行为,"[""dog""]",behavior,simple_owner_question,,"[""狗突然咬人"",""以前不凶现在凶""]","[""触碰、靠近或特定活动时突然低吼、扑咬""]","[""突然攻击可能与恐惧、疼痛或疾病有关，不能只按服从问题处理""]","[""是否已有人被咬伤？受伤程度如何？"",""狗是否出现流涎、吞咽困难、走路不稳等神经症状，或明显疼痛表现？"",""狗最近是否接种过狂犬病疫苗？""]",先隔离风险并停止强迫触碰，记录触发情境，尽快做疼痛和健康评估；若出现上述任一红旗表现，请立即就医或急诊。,"[""无法安全隔离"",""明显疼痛"",""已经造成严重咬伤"",""疑似狂犬病或急性神经系统感染（如未接种疫苗、流涎/吞咽困难、进行性神经症状、行为突然改变）"",""被咬伤者需要医疗处理""]",犬突然出现攻击行为；狗突然咬人；以前不凶现在凶；触碰、靠近或特定活动时突然低吼、扑咬；突然攻击可能与恐惧、疼痛或疾病有关，不能只按服从问题处理；无法安全隔离；明显疼痛；已经造成严重咬伤；疑似狂犬病或急性神经系统感染（如未接种疫苗、流涎/吞咽困难、进行性神经症状、行为突然改变）；被咬伤者需要医疗处理。,"[{""source_id"":""PMC7071134"",""title"":""Pain and Problem Behavior in Cats and Dogs"",""url"":""https://pmc.ncbi.nlm.nih.gov/articles/PMC7071134/"",""license"":""CC BY"",""page_or_section"":""Abstract"",""verification_status"":""source_identity_license_and_locator_verified_2026-08-12; veterinary_claim_review_pending"",""support_note"":""中文内容为保守概括；来源用于支持主题、物种和风险边界，不代表个体诊断。"",""change_note"":""已在 v1.4 核对来源身份、商业许可、题名和定位；未逐字复制。""},{""source_id"":""PMC7826566"",""title"":""A Review on Mitigating Fear and Aggression in Dogs and Cats in a Veterinary Setting"",""url"":""https://pmc.ncbi.nlm.nih.gov/articles/PMC7826566/"",""license"":""CC BY 4.0"",""page_or_section"":""Abstract"",""verification_status"":""source_identity_license_and_locator_verified_2026-08-12; veterinary_claim_review_pending"",""support_note"":""中文内容为保守概括；来源用于支持主题、物种和风险边界，不代表个体诊断。"",""change_note"":""已在 v1.4 核对来源身份、商业许可、题名和定位；未逐字复制。""}]",Only verified CC BY/CC0 evidence is retained; attribution and change notices are mandatory.,true,phrase_expansion_and_new_cards_applied_v1_7,blocked_pending_mainland_China_licensed_veterinarian_review,true,test,false,1dada1f60032ac1d7a535ad15377032d011c6557f8240b8d1e766c68bc165232
MVP-BEH-008,1.8.0-open-mvp-retrieval-and-safety-repair-draft,zh-CN,犬在家精力过剩,"[""dog""]",behavior,simple_owner_question,,"[""狗在家太无聊"",""总啃东西""]","[""反复寻求活动、啃咬或难以安静""]","[""活动、探索和可预测作息会影响犬行为，但需按年龄和身体状态调整""]","[""它是否可能吞下啃咬的碎片、玩具或布类，并出现呕吐、干呕、不吃或排便异常？"",""它是否突然无法安静，并表现出疼痛迹象，如呜咽、颤抖、躲藏或触碰时躲避？"",""它是否出现攻击人、咬伤或反复啃咬自己造成损伤的行为？""]",增加短时嗅闻、互动和安全啃咬活动，逐步建立作息；若出现上述任一红旗表现，请立即就医或急诊。,"[""吞食异物"",""突然无法安静伴随疼痛"",""攻击或自伤""]",犬在家精力过剩；狗在家太无聊；总啃东西；反复寻求活动、啃咬或难以安静；活动、探索和可预测作息会影响犬行为，但需按年龄和身体状态调整；吞食异物；突然无法安静伴随疼痛；攻击或自伤。,"[{""source_id"":""PMC8868415"",""title"":""Impact of Changes in Time Left Alone on Separation-Related Behaviour in UK Pet Dogs"",""url"":""https://pmc.ncbi.nlm.nih.gov/articles/PMC8868415/"",""license"":""CC BY 4.0"",""page_or_section"":""Abstract"",""verification_status"":""source_identity_license_and_locator_verified_2026-08-12; veterinary_claim_review_pending"",""support_note"":""中文内容为保守概括；来源用于支持主题、物种和风险边界，不代表个体诊断。"",""change_note"":""已在 v1.4 核对来源身份、商业许可、题名和定位；未逐字复制。""}]",Only verified CC BY/CC0 evidence is retained; attribution and change notices are mandatory.,true,phrase_expansion_and_new_cards_applied_v1_7,blocked_pending_mainland_China_licensed_veterinarian_review,true,test,false,a0e62dcde9e57aaed9b670dab7e6947a78483ad825694bef753653e5502e6b93
MVP-BEH-009,1.8.0-open-mvp-retrieval-and-safety-repair-draft,zh-CN,新猫与原住猫逐步介绍,"[""cat""]",behavior,simple_owner_question,,"[""新猫和原住猫打架"",""怎么让两只猫熟悉""]","[""躲藏、哈气、追逐或资源回避""]","[""猫的压力与资源控制和环境可预测性有关，直接强迫接触可能升级冲突""]","[""是否有一方出现无法排尿（如频繁进出猫砂盆但无尿）？"",""是否出现持续追咬并已造成伤口？"",""是否有一方完全不吃超过24小时？""]",先分区并交换气味，提供分散资源，再按双方反应逐步增加可视接触；若出现无法排尿、持续追咬造成伤口、完全不吃超过24小时、冲突无法安全隔离等任一红旗症状，应立即就医或急诊。,"[""持续追咬造成伤口"",""一方完全不吃"",""无法排尿"",""冲突无法安全隔离""]",新猫与原住猫逐步介绍；新猫和原住猫打架；怎么让两只猫熟悉；躲藏、哈气、追逐或资源回避；猫的压力与资源控制和环境可预测性有关，直接强迫接触可能升级冲突；持续追咬造成伤口；一方完全不吃；无法排尿；冲突无法安全隔离。,"[{""source_id"":""PMC9334771"",""title"":""Dealing With Stress in Cats: What Is New About the Olfactory Strategy?"",""url"":""https://pmc.ncbi.nlm.nih.gov/articles/PMC9334771/"",""license"":""CC BY"",""page_or_section"":""Abstract"",""verification_status"":""source_identity_license_and_locator_verified_2026-08-12; veterinary_claim_review_pending"",""support_note"":""中文内容为保守概括；来源用于支持主题、物种和风险边界，不代表个体诊断。"",""change_note"":""已在 v1.4 核对来源身份、商业许可、题名和定位；未逐字复制。""}]",Only verified CC BY/CC0 evidence is retained; attribution and change notices are mandatory.,true,phrase_expansion_and_new_cards_applied_v1_7,blocked_pending_mainland_China_licensed_veterinarian_review,true,test,false,500a0d1dadbafee4490765dc5bbe5988138a9d1e002bfa0ef0b08398dcdf5b83
MVP-UR-001,1.8.0-open-mvp-retrieval-and-safety-repair-draft,zh-CN,犬排尿次数明显增加,"[""dog""]",urinary,simple_owner_question,,"[""狗总想尿"",""每次尿一点"",""老往厕所跑"",""尿血"",""尿里带血""]","[""排尿频繁、每次量少或突然在家排尿""]","[""排尿变化可能涉及下泌尿道、全身代谢或行为因素，需要结合尿量和疼痛判断""]","[""每次排尿量是正常、减少还是明显增多？"",""是否出现腹痛或烦躁、呕吐、虚弱、发热等情况？"",""是否反复摆出排尿姿势却没有尿液、只能滴尿或无法确认正常排尿？（无需等待固定时长）""]",记录饮水、排尿次数和尿液颜色，尽快安排尿液及身体检查；若出现上述任一红旗表现，请立即就医或急诊。,"[""反复用力无尿"",""反复排尿姿势但无尿或只能滴尿（无需等待固定时长）"",""血尿"",""发热虚弱"",""腹部疼痛""]",犬排尿次数明显增加；狗总想尿；每次尿一点；老往厕所跑；尿血；尿里带血；排尿频繁、每次量少或突然在家排尿；排尿变化可能涉及下泌尿道、全身代谢或行为因素，需要结合尿量和疼痛判断；反复用力无尿；反复排尿姿势但无尿或只能滴尿（无需等待固定时长）；血尿；发热虚弱；腹部疼痛。,"[{""source_id"":""PMC11912946"",""title"":""Retrospective study of 353 confirmed cases of urolithiasis in dogs and cats treated at veterinary clinics in the northern region of Pará, Brazil"",""url"":""https://pmc.ncbi.nlm.nih.gov/articles/PMC11912946/"",""license"":""CC BY 4.0"",""page_or_section"":""Abstract"",""verification_status"":""source_identity_license_and_locator_verified_2026-08-12; veterinary_claim_review_pending"",""support_note"":""中文内容为保守概括；来源用于支持主题、物种和风险边界，不代表个体诊断。"",""change_note"":""已在 v1.4 核对来源身份、商业许可、题名和定位；未逐字复制。""}]",Only verified CC BY/CC0 evidence is retained; attribution and change notices are mandatory.,true,urgent_triage_threshold_repaired_v1_8,blocked_pending_mainland_China_licensed_veterinarian_review,true,test,false,e552da34d4e83a97e97e7964f3fbd47c9e2ba9d8e5b1aaa6c5a1ee3999da700c
MVP-UR-002,1.8.0-open-mvp-retrieval-and-safety-repair-draft,zh-CN,犬尿中带血,"[""dog""]",urinary,simple_owner_question,,"[""狗尿血"",""尿是粉红色"",""尿里带血""]","[""尿液呈粉红、红色或可见血块""]","[""血尿需要检查原因和是否存在排尿受阻，不能仅凭颜色诊断""]","[""它排尿的次数和每次尿量有没有变化？"",""它排尿时是否表现出疼痛或费力？"",""它有没有呕吐？""]",若出现完全无尿、大量血块、虚弱或牙龈苍白等任一红旗表现，请立即前往急诊；否则可保留新鲜尿样或照片，并在当天就医。,"[""完全无尿"",""大量血块"",""虚弱"",""牙龈苍白""]",犬尿中带血；狗尿血；尿是粉红色；尿里带血；尿液呈粉红、红色或可见血块；血尿需要检查原因和是否存在排尿受阻，不能仅凭颜色诊断；完全无尿；大量血块；虚弱；牙龈苍白。,"[{""source_id"":""PMC11912946"",""title"":""Retrospective study of 353 confirmed cases of urolithiasis in dogs and cats treated at veterinary clinics in the northern region of Pará, Brazil"",""url"":""https://pmc.ncbi.nlm.nih.gov/articles/PMC11912946/"",""license"":""CC BY 4.0"",""page_or_section"":""Abstract"",""verification_status"":""source_identity_license_and_locator_verified_2026-08-12; veterinary_claim_review_pending"",""support_note"":""中文内容为保守概括；来源用于支持主题、物种和风险边界，不代表个体诊断。"",""change_note"":""已在 v1.4 核对来源身份、商业许可、题名和定位；未逐字复制。""}]",Only verified CC BY/CC0 evidence is retained; attribution and change notices are mandatory.,true,phrase_expansion_and_new_cards_applied_v1_7,blocked_pending_mainland_China_licensed_veterinarian_review,true,test,false,f2aa9aa690db16e6190e475d4e3ffb43e49bed59ce9abce4e8500d08c9f33d25
MVP-UR-003,1.8.0-open-mvp-retrieval-and-safety-repair-draft,zh-CN,犬无法正常排尿,"[""dog""]",urinary,simple_owner_question,,"[""狗尿不出来"",""一直蹲但没尿""]","[""反复排尿姿势但无尿或仅滴尿""]","[""犬尿道阻塞或完全无法排尿属于急症，需要立即由兽医评估处理""]","[""是否完全无尿或仅滴尿？"",""是否出现腹部疼痛、呕吐或虚弱？"",""是否出现后肢无力或步态异常？""]",不要按压腹部或等待，立即前往宠物急诊。,"[""确认无尿"",""腹部疼痛"",""呕吐虚弱"",""后肢神经异常""]",犬无法正常排尿；狗尿不出来；一直蹲但没尿；反复排尿姿势但无尿或仅滴尿；犬尿道阻塞或完全无法排尿属于急症，需要立即由兽医评估处理；确认无尿；腹部疼痛；呕吐虚弱；后肢神经异常。,"[{""source_id"":""PMC8093391"",""title"":""Effects of IV Fluids in Dogs and Cats With Kidney Failure"",""url"":""https://pmc.ncbi.nlm.nih.gov/articles/PMC8093391/"",""license"":""CC BY 4.0"",""page_or_section"":""Abstract"",""verification_status"":""source_identity_license_and_locator_verified_2026-08-12; veterinary_claim_review_pending"",""support_note"":""中文内容为保守概括；来源用于支持主题、物种和风险边界，不代表个体诊断。"",""change_note"":""已在 v1.4 核对来源身份、商业许可、题名和定位；未逐字复制。""}]",Only verified CC BY/CC0 evidence is retained; attribution and change notices are mandatory.,true,phrase_expansion_and_new_cards_applied_v1_7,blocked_pending_mainland_China_licensed_veterinarian_review,true,test,false,c26e92d4bdf8a6cf03b570014764c4d6fb1bd0a4ab87180b6b9367c24d49a3c9
MVP-UR-004,1.8.0-open-mvp-retrieval-and-safety-repair-draft,zh-CN,猫在外排尿先排除泌尿问题,"[""cat""]",urinary,simple_owner_question,,"[""猫乱尿是不是报复"",""突然尿在外面""]","[""猫砂盆外排尿，可能伴随频繁进盆或舔生殖部位""]","[""在外排尿不能简单解释为报复，泌尿不适和猫砂盆因素都需评估""]","[""猫咪是否频繁进出猫砂盆，但每次只滴几滴尿或完全无尿？"",""排尿时是否表现出疼痛（嚎叫、痛苦、频繁舔生殖部位或弓背用力）？"",""每次尿量是减少、正常还是增多？饮水量或排尿频率是否明显增加？""]",确认实际尿量和疼痛表现，先做健康检查再调整环境。若出现呕吐、虚弱、精神萎靡、无尿或仅滴尿、血尿、公猫反复用力等任一红旗症状，应立即就医或急诊。,"[""无尿或仅滴尿"",""血尿"",""呕吐虚弱"",""公猫反复用力""]",猫在外排尿先排除泌尿问题；猫乱尿是不是报复；突然尿在外面；猫砂盆外排尿，可能伴随频繁进盆或舔生殖部位；在外排尿不能简单解释为报复，泌尿不适和猫砂盆因素都需评估；无尿或仅滴尿；血尿；呕吐虚弱；公猫反复用力。,"[{""source_id"":""PMC5985598"",""title"":""Common Risk Factors for Urinary House Soiling (Periuria) in Cats and Its Differentiation: The Sensitivity and Specificity of Common Diagnostic Signs"",""url"":""https://pmc.ncbi.nlm.nih.gov/articles/PMC5985598/"",""license"":""CC BY"",""page_or_section"":""Abstract"",""verification_status"":""source_identity_license_and_locator_verified_2026-08-12; veterinary_claim_review_pending"",""support_note"":""中文内容为保守概括；来源用于支持主题、物种和风险边界，不代表个体诊断。"",""change_note"":""已在 v1.4 核对来源身份、商业许可、题名和定位；未逐字复制。""},{""source_id"":""PMC6957472"",""title"":""Prevalence and risk factors of feline lower urinary tract disease in Chiang Mai, Thailand"",""url"":""https://pmc.ncbi.nlm.nih.gov/articles/PMC6957472/"",""license"":""CC BY 4.0"",""page_or_section"":""Abstract"",""verification_status"":""source_identity_license_and_locator_verified_2026-08-12; veterinary_claim_review_pending"",""support_note"":""中文内容为保守概括；来源用于支持主题、物种和风险边界，不代表个体诊断。"",""change_note"":""已在 v1.4 核对来源身份、商业许可、题名和定位；未逐字复制。""}]",Only verified CC BY/CC0 evidence is retained; attribution and change notices are mandatory.,true,phrase_expansion_and_new_cards_applied_v1_7,blocked_pending_mainland_China_licensed_veterinarian_review,true,test,false,b2c3f8cb40f4f521317b6e542765fa8dc266a299dec4a68428f65ca41cccb567
MVP-UR-005,1.8.0-open-mvp-retrieval-and-safety-repair-draft,zh-CN,犬猫饮水和排尿同时增多,"[""cat"",""dog""]",urinary,simple_owner_question,,"[""喝水尿尿都变多"",""水碗很快喝完"",""喝水多尿多""]","[""饮水增加且尿团、排尿量或次数同步增加""]","[""持续多饮多尿可能与多种内分泌、肾脏或其他全身问题有关""]","[""排尿次数和每次尿量如何？"",""是否完全无尿？"",""是否疼痛、血尿或总是在外排尿？""]",不要限制饮水；量化记录饮水和尿量并尽快安排检查；若出现完全无尿、虚弱、反复呕吐、脱水或意识异常等任一红旗表现，请立即就医/急诊。,"[""虚弱"",""反复呕吐"",""脱水"",""意识异常"",""完全无尿""]",犬猫饮水和排尿同时增多；喝水尿尿都变多；水碗很快喝完；喝水多尿多；饮水增加且尿团、排尿量或次数同步增加；持续多饮多尿可能与多种内分泌、肾脏或其他全身问题有关；虚弱；反复呕吐；脱水；意识异常；完全无尿。,"[{""source_id"":""PMC8093391"",""title"":""Effects of IV Fluids in Dogs and Cats With Kidney Failure"",""url"":""https://pmc.ncbi.nlm.nih.gov/articles/PMC8093391/"",""license"":""CC BY 4.0"",""page_or_section"":""Abstract"",""verification_status"":""source_identity_license_and_locator_verified_2026-08-12; veterinary_claim_review_pending"",""support_note"":""中文内容为保守概括；来源用于支持主题、物种和风险边界，不代表个体诊断。"",""change_note"":""已在 v1.4 核对来源身份、商业许可、题名和定位；未逐字复制。""},{""source_id"":""PMC12472474"",""title"":""Comparative Pharmacological and Pharmaceutical Perspectives on Antidiabetic Therapies in Humans, Dogs, and Cats"",""url"":""https://pmc.ncbi.nlm.nih.gov/articles/PMC12472474/"",""license"":""CC BY 4.0"",""page_or_section"":""Abstract"",""verification_status"":""source_identity_license_and_locator_verified_2026-08-12; veterinary_claim_review_pending"",""support_note"":""中文内容为保守概括；来源用于支持主题、物种和风险边界，不代表个体诊断。"",""change_note"":""已在 v1.4 核对来源身份、商业许可、题名和定位；未逐字复制。""}]",Only verified CC BY/CC0 evidence is retained; attribution and change notices are mandatory.,true,phrase_expansion_and_new_cards_applied_v1_7,blocked_pending_mainland_China_licensed_veterinarian_review,true,test,false,20ebc3846d2cd13b348def0fbf892a3be64db8924b3fb80ed271c0712d06a4d9
MVP-EYE-001,1.8.0-open-mvp-retrieval-and-safety-repair-draft,zh-CN,猫眼睛眯眼或突然发红,"[""cat""]",eye,simple_owner_question,,"[""猫一只眼睁不开"",""猫眼睛突然红""]","[""眯眼、流泪、发红或抓揉""]","[""眼痛和突然变化需要尽快检查，照片不能排除角膜或眼内问题""]","[""眼睛是否有明显外伤、出血或被撞到？"",""是否突然看不见或走路经常撞东西？"",""眼睛表面是否发白或浑浊？""]",戴保护圈防抓揉，不使用家中剩余眼药，当天就医；若出现上述任一红旗表现，请立即就医或急诊。,"[""眼球外伤"",""角膜浑浊"",""突然失明"",""瞳孔明显异常""]",猫眼睛眯眼或突然发红；猫一只眼睁不开；猫眼睛突然红；眯眼、流泪、发红或抓揉；眼痛和突然变化需要尽快检查，照片不能排除角膜或眼内问题；眼球外伤；角膜浑浊；突然失明；瞳孔明显异常。,"[{""source_id"":""PMC12291713"",""title"":""Recurrent vs. Nonrecurrent Superficial Non-Healing Corneal Ulcers in Cats: A Multifactorial Retrospective Analysis"",""url"":""https://pmc.ncbi.nlm.nih.gov/articles/PMC12291713/"",""license"":""CC BY 4.0"",""page_or_section"":""Abstract"",""verification_status"":""source_identity_license_and_locator_verified_2026-08-12; veterinary_claim_review_pending"",""support_note"":""中文内容为保守概括；来源用于支持主题、物种和风险边界，不代表个体诊断。"",""change_note"":""已在 v1.4 核对来源身份、商业许可、题名和定位；未逐字复制。""}]",Only verified CC BY/CC0 evidence is retained; attribution and change notices are mandatory.,true,phrase_expansion_and_new_cards_applied_v1_7,blocked_pending_mainland_China_licensed_veterinarian_review,true,test,false,cf2389a0369fb6f870655ef01d4f5d87923fe55512715cb1fa8c338aee95430f
MVP-EYE-002,1.8.0-open-mvp-retrieval-and-safety-repair-draft,zh-CN,猫突然撞东西或疑似视力下降,"[""cat""]",eye,simple_owner_question,,"[""猫突然看不见"",""猫一直撞东西""]","[""突然撞物、犹豫跳跃或瞳孔异常""]","[""猫突然视力变化可能涉及眼部或全身疾病，需要紧急评估""]","[""猫咪是突然完全看不见，还是部分视力变差？"",""视力问题是单眼还是双眼？大概从什么时候开始？"",""是否同时有眯眼、抓揉眼睛、眼红或眼内浑浊等异常？""]",将猫限制在安全安静空间并当天急诊检查；若出现完全失明、瞳孔不等大、眼内出血或伴随神经异常等任一红旗，应立即就医或急诊。,"[""完全失明"",""瞳孔不等大"",""眼内出血"",""伴随神经异常""]",猫突然撞东西或疑似视力下降；猫突然看不见；猫一直撞东西；突然撞物、犹豫跳跃或瞳孔异常；猫突然视力变化可能涉及眼部或全身疾病，需要紧急评估；完全失明；瞳孔不等大；眼内出血；伴随神经异常。,"[{""source_id"":""PMC9350498"",""title"":""Feline intralenticular Encephalitozoon cuniculi : three cases from California"",""url"":""https://pmc.ncbi.nlm.nih.gov/articles/PMC9350498/"",""license"":""CC BY 4.0"",""page_or_section"":""Case series description"",""verification_status"":""source_identity_license_and_locator_verified_2026-08-12; veterinary_claim_review_pending"",""support_note"":""中文内容为保守概括；来源用于支持主题、物种和风险边界，不代表个体诊断。"",""change_note"":""已在 v1.4 核对来源身份、商业许可、题名和定位；未逐字复制。""},{""source_id"":""PMC12291713"",""title"":""Recurrent vs. Nonrecurrent Superficial Non-Healing Corneal Ulcers in Cats: A Multifactorial Retrospective Analysis"",""url"":""https://pmc.ncbi.nlm.nih.gov/articles/PMC12291713/"",""license"":""CC BY 4.0"",""page_or_section"":""Abstract"",""verification_status"":""source_identity_license_and_locator_verified_2026-08-12; veterinary_claim_review_pending"",""support_note"":""中文内容为保守概括；来源用于支持主题、物种和风险边界，不代表个体诊断。"",""change_note"":""已在 v1.4 核对来源身份、商业许可、题名和定位；未逐字复制。""}]",Only verified CC BY/CC0 evidence is retained; attribution and change notices are mandatory.,true,phrase_expansion_and_new_cards_applied_v1_7,blocked_pending_mainland_China_licensed_veterinarian_review,true,test,false,bd13f27d21cda0e164085fe72bd51877c5c9d506e7cbe4a43ac1db1ef8d87e13
MVP-EYE-003,1.8.0-open-mvp-retrieval-and-safety-repair-draft,zh-CN,犬眼部分泌物需结合疼痛和眼表检查,"[""dog""]",eye,simple_owner_question,,"[""狗眼屎变多"",""眼睛流泪""]","[""分泌物或流泪增加，但目前眼睛能正常睁开""]","[""眼部分泌物的量和颜色不能单独确定病因"",""若伴眯眼、浑浊、外伤或视力变化，应及时做眼科检查""]","[""是一只眼睛还是两只眼睛出现分泌物或流泪？"",""分泌物或流泪是从什么时候开始的？"",""眼睛近期有没有受过外伤或进入异物？""]",先观察有无红旗表现；若出现任一红旗（持续眯眼、怕光、频繁抓揉/摩擦眼睛、角膜浑浊、外伤或视力改变）应立即就医或急诊。没有红旗表现时，可用干净湿纱布轻拭眼周并短暂观察。,"[""持续眯眼"",""怕光"",""频繁抓揉/摩擦眼睛"",""角膜浑浊"",""外伤"",""视力改变""]",犬眼部分泌物需结合疼痛和眼表检查；狗眼屎变多；眼睛流泪；分泌物或流泪增加，但目前眼睛能正常睁开；眼部分泌物的量和颜色不能单独确定病因；若伴眯眼、浑浊、外伤或视力变化，应及时做眼科检查；持续眯眼；怕光；频繁抓揉/摩擦眼睛；角膜浑浊；外伤；视力改变。,"[{""source_id"":""PMC10353131"",""title"":""Lens-related ocular emergencies (LROE) in dogs: treatment and visual outcome after late presentation of 90 eyes"",""url"":""https://pmc.ncbi.nlm.nih.gov/articles/PMC10353131/"",""license"":""CC BY 4.0"",""page_or_section"":""Abstract"",""verification_status"":""source_identity_license_and_locator_verified_2026-08-12; veterinary_claim_review_pending"",""support_note"":""中文内容为保守概括；来源用于支持主题、物种和风险边界，不代表个体诊断。"",""change_note"":""已在 v1.4 核对来源身份、商业许可、题名和定位；未逐字复制。""}]",Only verified CC BY/CC0 evidence is retained; attribution and change notices are mandatory.,true,phrase_expansion_and_new_cards_applied_v1_7,blocked_pending_mainland_China_licensed_veterinarian_review,true,test,false,55af3b508c826fe4cfb0f6ad1a396ce72f559c158161cdf7973461aef90e233f
MVP-EYE-004,1.8.0-open-mvp-retrieval-and-safety-repair-draft,zh-CN,猫少量眼鼻分泌物,"[""cat""]",eye,simple_owner_question,,"[""猫有眼屎"",""眼睛流泪打喷嚏"",""喷鼻""]","[""眼部分泌物，可能伴随喷嚏或鼻分泌物""]","[""猫眼鼻分泌物可与上呼吸道疾病相关，也需排除局部眼病""]","[""眼睛分泌物是单眼还是双眼？大概从什么时候开始的？"",""猫咪眼睛周围是否有外伤、红肿，或者看起来视力有变化、总想闭眼？"",""是否完全不吃、精神萎靡或躲藏？""]",温和清洁眼周并监测食欲和呼吸；持续或加重时就医；若出现上述任一红旗表现，请立即就医或急诊。,"[""张口呼吸"",""眼痛眯眼"",""完全不吃"",""角膜浑浊""]",猫少量眼鼻分泌物；猫有眼屎；眼睛流泪打喷嚏；喷鼻；眼部分泌物，可能伴随喷嚏或鼻分泌物；猫眼鼻分泌物可与上呼吸道疾病相关，也需排除局部眼病；张口呼吸；眼痛眯眼；完全不吃；角膜浑浊。,"[{""source_id"":""PMC11405337"",""title"":""Feline respiratory disease complex: insights into the role of viral and bacterial co-infections"",""url"":""https://pmc.ncbi.nlm.nih.gov/articles/PMC11405337/"",""license"":""CC BY 4.0"",""page_or_section"":""Abstract"",""verification_status"":""source_identity_license_and_locator_verified_2026-08-12; veterinary_claim_review_pending"",""support_note"":""中文内容为保守概括；来源用于支持主题、物种和风险边界，不代表个体诊断。"",""change_note"":""已在 v1.4 核对来源身份、商业许可、题名和定位；未逐字复制。""}]",Only verified CC BY/CC0 evidence is retained; attribution and change notices are mandatory.,true,phrase_expansion_and_new_cards_applied_v1_7,blocked_pending_mainland_China_licensed_veterinarian_review,true,test,false,a4043eaa4f52d71716f0587159586f30aeebb43ad8592d7adbb97503f5929617
MVP-PREV-001,1.8.0-open-mvp-retrieval-and-safety-repair-draft,zh-CN,成年犬猫基础健康检查,"[""cat"",""dog""]",preventive_care,simple_owner_question,,"[""没生病要体检吗"",""日常体检看什么""]","[""进食正常"",""饮水正常"",""精神良好"",""大小便正常""]","[""系统化健康访视有助于覆盖体重、口腔、皮肤、行为、寄生虫和免疫等方面""]","[""动物的年龄或出生日期是？"",""是否有已知疾病或正在使用药物？"",""最近一次疫苗接种和驱虫是什么时候？""]",保存体重、疫苗驱虫和既往病史，按本地兽医建议安排预防性检查；出现任一红旗（如快速变化、体重下降、食欲排泄异常）应立即就医或急诊。,"[""出现任何快速变化"",""体重下降"",""食欲排泄异常""]",成年犬猫基础健康检查；没生病要体检吗；日常体检看什么；进食正常；饮水正常；精神良好；大小便正常；系统化健康访视有助于覆盖体重、口腔、皮肤、行为、寄生虫和免疫等方面；出现任何快速变化；体重下降；食欲排泄异常。,"[{""source_id"":""PMC5465235"",""title"":""Evaluating Checklist Use in Companion Animal Wellness Visits in a Veterinary Teaching Hospital: A Preliminary Study"",""url"":""https://pmc.ncbi.nlm.nih.gov/articles/PMC5465235/"",""license"":""CC BY"",""page_or_section"":""Abstract"",""verification_status"":""source_identity_license_and_locator_verified_2026-08-12; veterinary_claim_review_pending"",""support_note"":""中文内容为保守概括；来源用于支持主题、物种和风险边界，不代表个体诊断。"",""change_note"":""已在 v1.4 核对来源身份、商业许可、题名和定位；未逐字复制。""}]",Only verified CC BY/CC0 evidence is retained; attribution and change notices are mandatory.,true,phrase_expansion_and_new_cards_applied_v1_7,blocked_pending_mainland_China_licensed_veterinarian_review,true,test,false,e45197e861849f62ecae6f8a352a2376b11dc765f08aab2dbdbcc21192083f94
MVP-PREV-002,1.8.0-open-mvp-retrieval-and-safety-repair-draft,zh-CN,老年犬猫需要记录的变化,"[""cat"",""dog""]",preventive_care,simple_owner_question,,"[""宠物老了要观察什么"",""老年猫狗变化""]","[""活动、睡眠、进食、饮水、排泄或互动发生变化""]","[""老年宠物的行为变化可能反映疼痛或疾病，不应一律归为正常衰老""]","[""宠物目前是否有呼吸困难？"",""宠物目前是否有无法站立或行走困难？"",""宠物近期是否出现突然失明或视力明显下降？""]",无下列红旗症状时，可每月记录体重、活动、饮食和排泄变化；出现任一红旗症状（快速消瘦、突然失明、无法站立、呼吸困难）应立即就医或急诊。,"[""快速消瘦"",""突然失明"",""无法站立"",""呼吸困难""]",老年犬猫需要记录的变化；宠物老了要观察什么；老年猫狗变化；活动、睡眠、进食、饮水、排泄或互动发生变化；老年宠物的行为变化可能反映疼痛或疾病，不应一律归为正常衰老；快速消瘦；突然失明；无法站立；呼吸困难。,"[{""source_id"":""PMC8470385"",""title"":""Successful and Unsuccessful Brain Aging in Pets: Pathophysiological Mechanisms behind Clinical Signs and Potential Benefits from Palmitoylethanolamide Nutritional Intervention"",""url"":""https://pmc.ncbi.nlm.nih.gov/articles/PMC8470385/"",""license"":""CC BY 4.0"",""page_or_section"":""Abstract"",""verification_status"":""source_identity_license_and_locator_verified_2026-08-12; veterinary_claim_review_pending"",""support_note"":""中文内容为保守概括；来源用于支持主题、物种和风险边界，不代表个体诊断。"",""change_note"":""已在 v1.4 核对来源身份、商业许可、题名和定位；未逐字复制。""}]",Only verified CC BY/CC0 evidence is retained; attribution and change notices are mandatory.,true,phrase_expansion_and_new_cards_applied_v1_7,blocked_pending_mainland_China_licensed_veterinarian_review,true,test,false,f18944791882479edb8c02a33f9b925cc32dc5809ff4b56d90c6090a4df95c3e
MVP-PREV-003,1.8.0-open-mvp-retrieval-and-safety-repair-draft,zh-CN,发现皮下小肿块如何记录,"[""cat"",""dog""]",preventive_care,simple_owner_question,,"[""摸到一个小包"",""皮下有肿块""]","[""新发现可触及肿块""]","[""仅凭触感或照片不能确定肿块性质，大小变化和持续时间是重要信息""]","[""肿块第一次大概是什么时候发现的？"",""触摸肿块时宠物是否表现疼痛、躲避或抗拒？"",""宠物目前呼吸、进食和正常行走是否受到影响？""]",用尺测量、拍照并标记位置，预约兽医检查；不要挤压或刺破；如出现任一红旗症状，应立即就医或急诊。,"[""快速增大"",""破溃出血"",""明显疼痛"",""影响呼吸进食或行走""]",发现皮下小肿块如何记录；摸到一个小包；皮下有肿块；新发现可触及肿块；仅凭触感或照片不能确定肿块性质，大小变化和持续时间是重要信息；快速增大；破溃出血；明显疼痛；影响呼吸进食或行走。,"[{""source_id"":""PMC12668749"",""title"":""Large-scale epidemiological and diagnostic assessment of canine cytology in Portugal"",""url"":""https://pmc.ncbi.nlm.nih.gov/articles/PMC12668749/"",""license"":""CC BY 4.0"",""page_or_section"":""Abstract"",""verification_status"":""source_identity_license_and_locator_verified_2026-08-12; veterinary_claim_review_pending"",""support_note"":""中文内容为保守概括；来源用于支持主题、物种和风险边界，不代表个体诊断。"",""change_note"":""已在 v1.4 核对来源身份、商业许可、题名和定位；未逐字复制。""},{""source_id"":""PMC12298540"",""title"":""What Comes from Cytology Diagnosis: A Comprehensive Epidemiological Retrospective Analysis of 3068 Feline Cases"",""url"":""https://pmc.ncbi.nlm.nih.gov/articles/PMC12298540/"",""license"":""CC BY 4.0"",""page_or_section"":""Abstract"",""verification_status"":""source_identity_license_and_locator_verified_2026-08-12; veterinary_claim_review_pending"",""support_note"":""中文内容为保守概括；来源用于支持主题、物种和风险边界，不代表个体诊断。"",""change_note"":""已在 v1.4 核对来源身份、商业许可、题名和定位；未逐字复制。""}]",Only verified CC BY/CC0 evidence is retained; attribution and change notices are mandatory.,true,phrase_expansion_and_new_cards_applied_v1_7,blocked_pending_mainland_China_licensed_veterinarian_review,true,test,false,95ccf5b92c4db950085d6507efb2f057f2130b3ce62a6dba8cd02b834ed44d1f
MVP-PREV-004,1.8.0-open-mvp-retrieval-and-safety-repair-draft,zh-CN,绝育或手术后切口观察,"[""cat"",""dog""]",preventive_care,simple_owner_question,,"[""绝育伤口正常吗"",""手术口有点红"",""结扎"",""去势""]","[""切口轻微变化，需要判断是否持续加重""]","[""切口愈合受局部张力、污染和舔咬等因素影响，异常变化需复查""]","[""切口是否有裂开或持续出血？"",""切口是否有脓性分泌物或异味？"",""是否有呼吸急促、精神变差或发热等全身异常？""]",按医院医嘱限制活动和防舔，每天同一角度拍照对比；出现任一红旗表现时，立即就医或前往急诊，并同步联系手术医院。若切口持续加重、不见好转，或您不确定、担忧，即使未达红旗也应联系手术医院咨询。,"[""切口裂开"",""持续出血"",""脓性分泌物或异味"",""明显肿胀疼痛或精神差"",""发热"",""食欲明显下降或呕吐"",""呼吸急促""]",绝育或手术后切口观察；绝育伤口正常吗；手术口有点红；结扎；去势；切口轻微变化，需要判断是否持续加重；切口愈合受局部张力、污染和舔咬等因素影响，异常变化需复查；切口裂开；持续出血；脓性分泌物或异味；明显肿胀疼痛或精神差；发热；食欲明显下降或呕吐；呼吸急促。,"[{""source_id"":""PMC10892332"",""title"":""First-Intention Incisional Wound Healing in Dogs and Cats: A Controlled Trial of Dermapliq and Manuka Honey"",""url"":""https://pmc.ncbi.nlm.nih.gov/articles/PMC10892332/"",""license"":""CC BY 4.0"",""page_or_section"":""Abstract"",""verification_status"":""source_identity_license_and_locator_verified_2026-08-12; veterinary_claim_review_pending"",""support_note"":""中文内容为保守概括；来源用于支持主题、物种和风险边界，不代表个体诊断。"",""change_note"":""已在 v1.4 核对来源身份、商业许可、题名和定位；未逐字复制。""}]",Only verified CC BY/CC0 evidence is retained; attribution and change notices are mandatory.,true,phrase_expansion_and_new_cards_applied_v1_7,blocked_pending_mainland_China_licensed_veterinarian_review,true,test,false,ab1c677cd81a86e769a00d08c6b1565c0d00468cd5e67a5abfa68fa30b880fbf
MVP-PREV-005,1.8.0-open-mvp-retrieval-and-safety-repair-draft,zh-CN,接种后轻微不适与严重反应,"[""cat"",""dog""]",preventive_care,simple_owner_question,,"[""打疫苗后没精神"",""疫苗后有点蔫"",""打针""]","[""注射部位肿胀/疼痛"",""嗜睡"",""食欲减退/下降"",""低热"",""荨麻疹"",""呕吐"",""腹泻""]","[""接种后可能出现局部或全身反应，呼吸困难、面部肿胀和虚脱属于紧急信号""]","[""它多大年龄？有没有正在治疗的疾病或长期用药？"",""接种疫苗后没精神/蔫的状态持续多久了，有没有逐渐加重？"",""它以前打疫苗有过不良反应或过敏史吗？""]",保持安静并记录开始时间；若出现任一红旗（呼吸困难、面部或喉部肿胀、反复呕吐、虚脱）应立即就医或急诊；症状持续或加重也需及时联系医院。,"[""呼吸困难"",""面部或喉部肿胀"",""反复呕吐"",""虚脱""]",接种后轻微不适与严重反应；打疫苗后没精神；疫苗后有点蔫；打针；注射部位肿胀/疼痛；嗜睡；食欲减退/下降；低热；荨麻疹；呕吐；腹泻；接种后可能出现局部或全身反应，呼吸困难、面部肿胀和虚脱属于紧急信号；呼吸困难；面部或喉部肿胀；反复呕吐；虚脱。,"[{""source_id"":""PMC10459272"",""title"":""Feline Injection-Site Sarcoma and Other Adverse Reactions to Vaccination in Cats"",""url"":""https://pmc.ncbi.nlm.nih.gov/articles/PMC10459272/"",""license"":""CC BY 4.0"",""page_or_section"":""Abstract"",""verification_status"":""source_identity_license_and_locator_verified_2026-08-12; veterinary_claim_review_pending"",""support_note"":""中文内容为保守概括；来源用于支持主题、物种和风险边界，不代表个体诊断。"",""change_note"":""已在 v1.4 核对来源身份、商业许可、题名和定位；未逐字复制。""},{""source_id"":""PMC7910975"",""title"":""Early Life Vaccination of Companion Animal Pets"",""url"":""https://pmc.ncbi.nlm.nih.gov/articles/PMC7910975/"",""license"":""CC BY 4.0"",""page_or_section"":""Abstract"",""verification_status"":""source_identity_license_and_locator_verified_2026-08-12; veterinary_claim_review_pending"",""support_note"":""中文内容为保守概括；来源用于支持主题、物种和风险边界，不代表个体诊断。"",""change_note"":""已在 v1.4 核对来源身份、商业许可、题名和定位；未逐字复制。""}]",Only verified CC BY/CC0 evidence is retained; attribution and change notices are mandatory.,true,phrase_expansion_and_new_cards_applied_v1_7,blocked_pending_mainland_China_licensed_veterinarian_review,true,test,false,669730f29879f7152d38996f0f030eb680feebfbc2b2164f14122475be11e5c5
MVP-ANAL-001,1.8.0-open-mvp-retrieval-and-safety-repair-draft,zh-CN,犬频繁蹭屁股,"[""dog""]",anal_sac,simple_owner_question,,"[""狗一直蹭屁股"",""坐地上往前拖""]","[""蹭屁股、舔肛周或回头咬尾根""]","[""蹭屁股可见于肛门囊问题，也可能与寄生虫、皮肤或其他肛周不适有关""]","[""肛周是否有明显肿胀、出血或脓性分泌物？"",""是否出现排便困难或剧烈疼痛？"",""这种情况是首次发生还是反复发作？""]",检查肛周外观和粪便，不要反复自行挤压；若出现肛周明显肿胀、出血或脓性分泌物、排便困难或剧烈疼痛任一表现，请立即就医/急诊；持续或疼痛未缓解时也应及时就医。,"[""肛周明显肿胀"",""出血或脓性分泌物"",""排便困难"",""剧烈疼痛""]",犬频繁蹭屁股；狗一直蹭屁股；坐地上往前拖；蹭屁股、舔肛周或回头咬尾根；蹭屁股可见于肛门囊问题，也可能与寄生虫、皮肤或其他肛周不适有关；肛周明显肿胀；出血或脓性分泌物；排便困难；剧烈疼痛。,"[{""source_id"":""PMC8749694"",""title"":""A Cross-Sectional Study on Canine and Feline Anal Sac Disease"",""url"":""https://pmc.ncbi.nlm.nih.gov/articles/PMC8749694/"",""license"":""CC BY 4.0"",""page_or_section"":""Abstract"",""verification_status"":""source_identity_license_and_locator_verified_2026-08-12; veterinary_claim_review_pending"",""support_note"":""中文内容为保守概括；来源用于支持主题、物种和风险边界，不代表个体诊断。"",""change_note"":""已在 v1.4 核对来源身份、商业许可、题名和定位；未逐字复制。""}]",Only verified CC BY/CC0 evidence is retained; attribution and change notices are mandatory.,true,phrase_expansion_and_new_cards_applied_v1_7,blocked_pending_mainland_China_licensed_veterinarian_review,true,test,false,549459565adf286d93492f9c679247318f2bcb5527e564bbcbef6af597d98d3b
MVP-ANAL-002,1.8.0-open-mvp-retrieval-and-safety-repair-draft,zh-CN,肛门旁肿胀或疼痛,"[""cat"",""dog""]",anal_sac,simple_owner_question,,"[""肛门旁边鼓包"",""屁股一侧肿了""]","[""肛周单侧或双侧肿胀"",""频繁舔舐或蹭地/蹭屁股"",""肛周疼痛""]","[""肛门囊疾病可表现为肿胀、蹭地和排便不适，需要检查区分炎症、脓肿等情况""]","[""是否频繁蹭地或蹭屁股？"",""这种情况是否反复出现？"",""疼痛是否剧烈或持续加重？""]",防止舔咬，不挤压肿块。出现任一红旗（破溃流脓或出血、无法排便、发热虚弱、剧烈疼痛）应立即就医或急诊；无红旗也应尽快就医。,"[""破溃流脓或出血"",""无法排便"",""发热虚弱"",""剧烈疼痛""]",肛门旁肿胀或疼痛；肛门旁边鼓包；屁股一侧肿了；肛周单侧或双侧肿胀；频繁舔舐或蹭地/蹭屁股；肛周疼痛；肛门囊疾病可表现为肿胀、蹭地和排便不适，需要检查区分炎症、脓肿等情况；破溃流脓或出血；无法排便；发热虚弱；剧烈疼痛。,"[{""source_id"":""PMC8749694"",""title"":""A Cross-Sectional Study on Canine and Feline Anal Sac Disease"",""url"":""https://pmc.ncbi.nlm.nih.gov/articles/PMC8749694/"",""license"":""CC BY 4.0"",""page_or_section"":""Abstract"",""verification_status"":""source_identity_license_and_locator_verified_2026-08-12; veterinary_claim_review_pending"",""support_note"":""中文内容为保守概括；来源用于支持主题、物种和风险边界，不代表个体诊断。"",""change_note"":""已在 v1.4 核对来源身份、商业许可、题名和定位；未逐字复制。""}]",Only verified CC BY/CC0 evidence is retained; attribution and change notices are mandatory.,true,phrase_expansion_and_new_cards_applied_v1_7,blocked_pending_mainland_China_licensed_veterinarian_review,true,test,false,7a44995904ceb66cd0503924b39ae67630b5fc4d7bc7d03f8619ef822ed7fdbb
MVP-MSK-004,1.8.0-open-mvp-retrieval-and-safety-repair-draft,zh-CN,运动后轻度跛行,"[""cat"",""dog""]",musculoskeletal,simple_owner_question,,"[""跑完有点瘸"",""一只脚不太敢踩"",""瘸了"",""一瘸一拐"",""腿瘸""]","[""运动后轻度跛行但仍可负重""]","[""跛行可能来自软组织、关节、爪部或神经问题，疼痛程度和持续时间需要观察""]","[""患肢现在是否完全不能着地负重？"",""腿部或关节是否有明显肿胀或变形？"",""是否有剧烈疼痛表现（如不让触碰、叫或呜咽）？""]",限制跑跳并检查爪垫和指甲；持续、加重或不能负重时就医；若出现上述任一红旗表现，请立即就医或急诊。,"[""完全不能负重"",""明显肿胀变形"",""剧烈疼痛"",""外伤或拖行肢体""]",运动后轻度跛行；跑完有点瘸；一只脚不太敢踩；瘸了；一瘸一拐；腿瘸；运动后轻度跛行但仍可负重；跛行可能来自软组织、关节、爪部或神经问题，疼痛程度和持续时间需要观察；完全不能负重；明显肿胀变形；剧烈疼痛；外伤或拖行肢体。,"[{""source_id"":""PMC9499673"",""title"":""A 2022 Systematic Review and Meta-Analysis of Enriched Therapeutic Diets and Nutraceuticals in Canine and Feline Osteoarthritis"",""url"":""https://pmc.ncbi.nlm.nih.gov/articles/PMC9499673/"",""license"":""CC BY 4.0"",""page_or_section"":""Abstract"",""verification_status"":""source_identity_license_and_locator_verified_2026-08-12; veterinary_claim_review_pending"",""support_note"":""中文内容为保守概括；来源用于支持主题、物种和风险边界，不代表个体诊断。"",""change_note"":""已在 v1.4 核对来源身份、商业许可、题名和定位；未逐字复制。""},{""source_id"":""PMC7071134"",""title"":""Pain and Problem Behavior in Cats and Dogs"",""url"":""https://pmc.ncbi.nlm.nih.gov/articles/PMC7071134/"",""license"":""CC BY"",""page_or_section"":""Abstract"",""verification_status"":""source_identity_license_and_locator_verified_2026-08-12; veterinary_claim_review_pending"",""support_note"":""中文内容为保守概括；来源用于支持主题、物种和风险边界，不代表个体诊断。"",""change_note"":""已在 v1.4 核对来源身份、商业许可、题名和定位；未逐字复制。""}]",Only verified CC BY/CC0 evidence is retained; attribution and change notices are mandatory.,true,phrase_expansion_and_new_cards_applied_v1_7,blocked_pending_mainland_China_licensed_veterinarian_review,true,test,false,03a732cc5aab7c089b16584ddbfd60936c45529e73ee994fea7dfeda625b098e
MVP-SKIN-004,1.8.0-open-mvp-retrieval-and-safety-repair-draft,zh-CN,猫过度舔毛,"[""cat""]",dermatology,simple_owner_question,,"[""猫一直舔秃了"",""肚子毛被舔没了""]","[""频繁舔咬导致断毛或脱毛""]","[""过度舔毛可能与瘙痒、寄生虫、疼痛或压力相关，不能只按行为问题处理""]","[""猫咪是否有瘙痒、疼痛或皮肤异常感觉的表现？"",""这个过度舔毛的情况持续多久了？"",""近期是否有换粮、换猫砂、洗澡、接触新物品或环境变化？""]",记录部位和触发情境，检查寄生虫并安排皮肤、疼痛和环境评估；若出现上述任一红旗表现，请立即就医或急诊。,"[""皮肤破损感染"",""快速扩散"",""不吃或排尿异常"",""明显疼痛""]",猫过度舔毛；猫一直舔秃了；肚子毛被舔没了；频繁舔咬导致断毛或脱毛；过度舔毛可能与瘙痒、寄生虫、疼痛或压力相关，不能只按行为问题处理；皮肤破损感染；快速扩散；不吃或排尿异常；明显疼痛。,"[{""source_id"":""PMC6172809"",""title"":""Atopic dermatitis in cats and dogs: a difficult disease for animals and owners"",""url"":""https://pmc.ncbi.nlm.nih.gov/articles/PMC6172809/"",""license"":""CC BY"",""page_or_section"":""Abstract"",""verification_status"":""source_identity_license_and_locator_verified_2026-08-12; veterinary_claim_review_pending"",""support_note"":""中文内容为保守概括；来源用于支持主题、物种和风险边界，不代表个体诊断。"",""change_note"":""已在 v1.4 核对来源身份、商业许可、题名和定位；未逐字复制。""},{""source_id"":""PMC9334771"",""title"":""Dealing With Stress in Cats: What Is New About the Olfactory Strategy?"",""url"":""https://pmc.ncbi.nlm.nih.gov/articles/PMC9334771/"",""license"":""CC BY"",""page_or_section"":""Abstract"",""verification_status"":""source_identity_license_and_locator_verified_2026-08-12; veterinary_claim_review_pending"",""support_note"":""中文内容为保守概括；来源用于支持主题、物种和风险边界，不代表个体诊断。"",""change_note"":""已在 v1.4 核对来源身份、商业许可、题名和定位；未逐字复制。""},{""source_id"":""PMC7071134"",""title"":""Pain and Problem Behavior in Cats and Dogs"",""url"":""https://pmc.ncbi.nlm.nih.gov/articles/PMC7071134/"",""license"":""CC BY"",""page_or_section"":""Abstract"",""verification_status"":""source_identity_license_and_locator_verified_2026-08-12; veterinary_claim_review_pending"",""support_note"":""中文内容为保守概括；来源用于支持主题、物种和风险边界，不代表个体诊断。"",""change_note"":""已在 v1.4 核对来源身份、商业许可、题名和定位；未逐字复制。""}]",Only verified CC BY/CC0 evidence is retained; attribution and change notices are mandatory.,true,phrase_expansion_and_new_cards_applied_v1_7,blocked_pending_mainland_China_licensed_veterinarian_review,true,test,false,94c0765a22578052f49700643fc4461a9b033687cc26bebcdc48b96f7a59291b
MVP-TOX-001,1.8.0-open-mvp-retrieval-and-safety-repair-draft,zh-CN,猫吃植物后呕吐,"[""cat""]",gastrointestinal,simple_owner_question,,"[""猫吃草后吐"",""咬了家里的植物""]","[""接触或吞食植物后出现呕吐""]","[""吃植物在猫中可见，但家庭植物种类不同，不能因此排除中毒""]","[""猫咪吃的是哪种植物？能否拍清植物全株和标签？"",""除了呕吐，是否出现流涎、震颤、呼吸异常或精神变差？"",""呕吐是否反复发生或持续加重？""]",拍清植物全株和标签，移开剩余植物；若植物不明或出现症状，立即联系兽医；若出现上述任一红旗表现，请立即就医或急诊。,"[""反复呕吐"",""流涎震颤"",""呼吸异常"",""虚弱或意识改变""]",猫吃植物后呕吐；猫吃草后吐；咬了家里的植物；接触或吞食植物后出现呕吐；吃植物在猫中可见，但家庭植物种类不同，不能因此排除中毒；反复呕吐；流涎震颤；呼吸异常；虚弱或意识改变。,"[{""source_id"":""PMC8300339"",""title"":""Characteristics of Plant Eating in Domestic Cats"",""url"":""https://pmc.ncbi.nlm.nih.gov/articles/PMC8300339/"",""license"":""CC BY 4.0"",""page_or_section"":""Abstract"",""verification_status"":""source_identity_license_and_locator_verified_2026-08-12; veterinary_claim_review_pending"",""support_note"":""中文内容为保守概括；来源用于支持主题、物种和风险边界，不代表个体诊断。"",""change_note"":""已在 v1.4 核对来源身份、商业许可、题名和定位；未逐字复制。""},{""source_id"":""PMC4801869"",""title"":""Household Food Items Toxic to Dogs and Cats"",""url"":""https://pmc.ncbi.nlm.nih.gov/articles/PMC4801869/"",""license"":""CC BY"",""page_or_section"":""Abstract"",""verification_status"":""source_identity_license_and_locator_verified_2026-08-12; veterinary_claim_review_pending"",""support_note"":""中文内容为保守概括；来源用于支持主题、物种和风险边界，不代表个体诊断。"",""change_note"":""已在 v1.4 核对来源身份、商业许可、题名和定位；未逐字复制。""}]",Only verified CC BY/CC0 evidence is retained; attribution and change notices are mandatory.,true,phrase_expansion_and_new_cards_applied_v1_7,blocked_pending_mainland_China_licensed_veterinarian_review,true,test,false,419d55d33c4ff6d3aa60f8b1b9b886c4c45f5cffe112804ae03a551200149bf2
MVP-HEAT-001,1.8.0-open-mvp-retrieval-and-safety-repair-draft,zh-CN,犬高温天气活动预防,"[""dog""]",preventive_care,simple_owner_question,,"[""天热怎么遛狗"",""狗会不会中暑""]","[""高温、潮湿环境或剧烈运动暴露""]","[""犬热相关疾病不只发生在车内，运动是重要诱因，短头犬等风险更高""]","[""是否出现持续剧烈喘气、虚弱无力、意识异常或倒地等任一红旗表现？"",""犬只是否为短头品种或有心脏病/呼吸系统疾病？"",""当天是否在高温高湿环境下进行了长时间或剧烈运动？""]",出现任一红旗表现（如意识异常、倒地、持续剧烈喘气、呕吐、腹泻等）时，不要经口喂水，立即联系兽医急诊，并同步用凉水湿润身体、通风降温；若仅为轻度异常喘气，可停止活动、转移至凉爽处休息并少量饮水观察，无改善再联系兽医。,"[""体温明显升高（摸起来烫或直肠温度＞40℃）"",""意识异常"",""倒地"",""持续剧烈喘气"",""精神沉郁或虚弱无力"",""肌肉震颤或癫痫"",""呕吐腹泻或牙龈颜色异常""]",犬高温天气活动预防；天热怎么遛狗；狗会不会中暑；高温、潮湿环境或剧烈运动暴露；犬热相关疾病不只发生在车内，运动是重要诱因，短头犬等风险更高；体温明显升高（摸起来烫或直肠温度＞40℃）；意识异常；倒地；持续剧烈喘气；精神沉郁或虚弱无力；肌肉震颤或癫痫；呕吐腹泻或牙龈颜色异常。,"[{""source_id"":""PMC7303136"",""title"":""Incidence and risk factors for heat-related illness (heatstroke) in UK dogs under primary veterinary care in 2016"",""url"":""https://pmc.ncbi.nlm.nih.gov/articles/PMC7303136/"",""license"":""CC BY 4.0"",""page_or_section"":""Abstract"",""verification_status"":""source_identity_license_and_locator_verified_2026-08-12; veterinary_claim_review_pending"",""support_note"":""中文内容为保守概括；来源用于支持主题、物种和风险边界，不代表个体诊断。"",""change_note"":""已在 v1.4 核对来源身份、商业许可、题名和定位；未逐字复制。""},{""source_id"":""PMC7459873"",""title"":""Dogs Don’t Die Just in Hot Cars—Exertional Heat-Related Illness (Heatstroke) Is a Greater Threat to UK Dogs"",""url"":""https://pmc.ncbi.nlm.nih.gov/articles/PMC7459873/"",""license"":""CC BY 4.0"",""page_or_section"":""Abstract"",""verification_status"":""source_identity_license_and_locator_verified_2026-08-12; veterinary_claim_review_pending"",""support_note"":""中文内容为保守概括；来源用于支持主题、物种和风险边界，不代表个体诊断。"",""change_note"":""已在 v1.4 核对来源身份、商业许可、题名和定位；未逐字复制。""}]",Only verified CC BY/CC0 evidence is retained; attribution and change notices are mandatory.,true,phrase_expansion_and_new_cards_applied_v1_7,blocked_pending_mainland_China_licensed_veterinarian_review,true,test,false,9768612e20823d23178474ea557ba5b96ef8b6ddf9f3611b49b0181f16f9af34
MVP-RENAL-001,1.8.0-open-mvp-retrieval-and-safety-repair-draft,zh-CN,老年猫饮水和尿量明显增加,"[""cat""]",renal,common_disease_health_education_and_triage,,"[""老猫突然喝水多"",""猫尿团变大"",""喝水多尿多""]","[""饮水增加"",""猫砂盆尿团变大或次数增加""]","[""慢性肾病在老年猫中更常见"",""多饮多尿也可见于其他内分泌或泌尿疾病，不能仅凭表现确诊""]","[""多饮多尿的情况出现多久了？"",""最近猫咪的食欲或体重有没有明显变化？"",""猫咪目前是否在服用任何药物或保健品？""]",记录症状出现时间、频率、饮水、食欲和活动变化；如出现任一红旗（无法正常进食饮水、反复呕吐或明显虚弱、尿量显著减少或无尿），应立即就医或急诊；其他情况也应尽快由兽医结合体检及必要检查判断，不要仅凭本卡自行确诊或用药。,"[""无法正常进食饮水"",""反复呕吐或明显虚弱"",""尿量显著减少或无尿""]",老年猫饮水和尿量明显增加；老猫突然喝水多；猫尿团变大；喝水多尿多；饮水增加；猫砂盆尿团变大或次数增加；慢性肾病在老年猫中更常见；多饮多尿也可见于其他内分泌或泌尿疾病，不能仅凭表现确诊；无法正常进食饮水；反复呕吐或明显虚弱；尿量显著减少或无尿。,"[{""source_id"":""DOI-10.3390-life15121856"",""title"":""Epidemiology of Chronic Kidney Disease (CKD) in Cats"",""url"":""https://www.mdpi.com/2075-1729/15/12/1856"",""license"":""CC BY 4.0"",""page_or_section"":""Abstract"",""verification_status"":""source_identity_license_and_locator_verified_2026-08-12; veterinary_claim_review_pending"",""support_note"":""中文内容为保守概括；来源用于支持主题、物种和风险边界，不代表个体诊断。"",""change_note"":""已在 v1.4 核对来源身份、商业许可、题名和定位；未逐字复制。""}]",Only verified CC BY/CC0 evidence is retained; attribution and change notices are mandatory.,true,phrase_expansion_and_new_cards_applied_v1_7,blocked_pending_mainland_China_licensed_veterinarian_review,true,test,false,d6725c5b89e3646264ea8507775b9cbd304beb0669da5210c76a081275a3b79b
MVP-RENAL-002,1.8.0-open-mvp-retrieval-and-safety-repair-draft,zh-CN,猫体重下降并伴食欲下降,"[""cat""]",renal,common_disease_health_education_and_triage,,"[""猫越来越瘦又不爱吃"",""老猫没胃口"",""不吃东西"",""挑食""]","[""体重或肌肉逐渐下降"",""食欲降低"",""被毛状态变差""]","[""慢性肾病可出现体重下降、食欲下降和精神变差"",""这些表现没有特异性，需要检查排除其他慢性病""]","[""体重下降了多少、持续了多久？"",""饮水和排尿量是否明显增多或减少？"",""是否完全不吃东西（包括零食）超过24小时？""]",记录体重变化、食欲、饮水排尿及呕吐腹泻等情况，尽快由兽医结合体检及必要检查判断；如出现任一红旗症状，应立即就医或急诊。,"[""完全拒食超过24小时"",""持续呕吐"",""意识或步态异常""]",猫体重下降并伴食欲下降；猫越来越瘦又不爱吃；老猫没胃口；不吃东西；挑食；体重或肌肉逐渐下降；食欲降低；被毛状态变差；慢性肾病可出现体重下降、食欲下降和精神变差；这些表现没有特异性，需要检查排除其他慢性病；完全拒食超过24小时；持续呕吐；意识或步态异常。,"[{""source_id"":""DOI-10.3390-life15121856"",""title"":""Epidemiology of Chronic Kidney Disease (CKD) in Cats"",""url"":""https://www.mdpi.com/2075-1729/15/12/1856"",""license"":""CC BY 4.0"",""page_or_section"":""Abstract"",""verification_status"":""source_identity_license_and_locator_verified_2026-08-12; veterinary_claim_review_pending"",""support_note"":""中文内容为保守概括；来源用于支持主题、物种和风险边界，不代表个体诊断。"",""change_note"":""已在 v1.4 核对来源身份、商业许可、题名和定位；未逐字复制。""}]",Only verified CC BY/CC0 evidence is retained; attribution and change notices are mandatory.,true,phrase_expansion_and_new_cards_applied_v1_7,blocked_pending_mainland_China_licensed_veterinarian_review,true,test,false,0a05e76a9e9f955a384c8ae44db86b754748adc915a03612aca7323ce3eda37f
MVP-RENAL-003,1.8.0-open-mvp-retrieval-and-safety-repair-draft,zh-CN,老年猫为什么要做肾脏筛查,"[""cat""]",renal,common_disease_health_education_and_triage,,"[""老猫需要查肾吗"",""猫没症状要不要体检""]","[""早期可能没有明显外观变化""]","[""猫慢性肾病可在明显症状出现前存在"",""老年猫定期体检有助于发现体重、血压、尿液和肾功能指标变化""]","[""猫咪现在的年龄是多大？"",""最近一次带猫咪做体检或肾脏相关检查是什么时候？"",""猫咪近期的饮水量或尿量有没有发生变化？""]",记录症状出现时间、频率、饮水、食欲和活动变化，尽快由兽医结合体检及必要检查判断；不要仅凭本卡自行确诊或用药；若出现上述任一红旗表现，请立即就医或急诊。,"[""短期明显消瘦"",""突然不吃"",""尿量明显异常""]",老年猫为什么要做肾脏筛查；老猫需要查肾吗；猫没症状要不要体检；早期可能没有明显外观变化；猫慢性肾病可在明显症状出现前存在；老年猫定期体检有助于发现体重、血压、尿液和肾功能指标变化；短期明显消瘦；突然不吃；尿量明显异常。,"[{""source_id"":""DOI-10.3390-life15121856"",""title"":""Epidemiology of Chronic Kidney Disease (CKD) in Cats"",""url"":""https://www.mdpi.com/2075-1729/15/12/1856"",""license"":""CC BY 4.0"",""page_or_section"":""Abstract"",""verification_status"":""source_identity_license_and_locator_verified_2026-08-12; veterinary_claim_review_pending"",""support_note"":""中文内容为保守概括；来源用于支持主题、物种和风险边界，不代表个体诊断。"",""change_note"":""已在 v1.4 核对来源身份、商业许可、题名和定位；未逐字复制。""}]",Only verified CC BY/CC0 evidence is retained; attribution and change notices are mandatory.,true,phrase_expansion_and_new_cards_applied_v1_7,blocked_pending_mainland_China_licensed_veterinarian_review,true,test,false,5b95115bd8d68831205f9c7b26ac48768c749a5650ed85278120af19aecf40a1
MVP-RENAL-004,1.8.0-open-mvp-retrieval-and-safety-repair-draft,zh-CN,犬饮水和排尿持续增加,"[""dog""]",renal,common_disease_health_education_and_triage,,"[""狗一直喝水尿多"",""狗最近尿特别多"",""喝水多尿多""]","[""饮水量持续增加"",""排尿量或频率增加""]","[""肾脏疾病可导致多饮多尿"",""糖尿病和多种内分泌疾病也可出现相似表现""]","[""能否估计每天饮水量比平时大约增加了多少（例如几碗或毫升）？"",""最近体重是否出现明显下降？"",""是否观察到尿液带血或颜色明显变红？""]",记录饮水量、排尿频率、食欲和体重变化，尽快预约兽医；若出现呕吐伴虚弱、无法排尿、明显脱水或意识异常等任一红旗，应立即就医或急诊。不要仅凭本卡自行确诊或用药。,"[""呕吐伴虚弱"",""无法排尿"",""明显脱水或意识异常""]",犬饮水和排尿持续增加；狗一直喝水尿多；狗最近尿特别多；喝水多尿多；饮水量持续增加；排尿量或频率增加；肾脏疾病可导致多饮多尿；糖尿病和多种内分泌疾病也可出现相似表现；呕吐伴虚弱；无法排尿；明显脱水或意识异常。,"[{""source_id"":""PMC12376200"",""title"":""Real-world data on canine chronic kidney disease in Greece"",""url"":""https://pmc.ncbi.nlm.nih.gov/articles/PMC12376200/"",""license"":""CC BY 4.0"",""page_or_section"":""Abstract"",""verification_status"":""source_identity_license_and_locator_verified_2026-08-12; veterinary_claim_review_pending"",""support_note"":""中文内容为保守概括；来源用于支持主题、物种和风险边界，不代表个体诊断。"",""change_note"":""已在 v1.4 核对来源身份、商业许可、题名和定位；未逐字复制。""}]",Only verified CC BY/CC0 evidence is retained; attribution and change notices are mandatory.,true,phrase_expansion_and_new_cards_applied_v1_7,blocked_pending_mainland_China_licensed_veterinarian_review,true,test,false,0987b174d559c6717179d1f04c5888113f07bb7e3322c95e25d919c2f198e5cf
MVP-RENAL-005,1.8.0-open-mvp-retrieval-and-safety-repair-draft,zh-CN,犬慢性肾病可能出现的日常变化,"[""dog""]",renal,common_disease_health_education_and_triage,,"[""狗肾不好有什么表现"",""老狗变瘦没精神"",""没胃口""]","[""逐渐消瘦"",""食欲下降"",""饮水和尿量改变"",""精神下降""]","[""慢性肾病是持续性肾脏结构或功能异常"",""临床表现可随病程进展而加重且缺乏特异性""]","[""您最早是什么时候发现这些食欲、精神、体重或饮水/尿量变化的？持续多久了？"",""最近是否使用过任何药物、保健品，或可能误食过防冻液、葡萄/葡萄干等可能伤害肾脏的东西？"",""最近24小时内呕吐和腹泻分别大概发生了几次？""]",如果出现任一红旗（突然无尿或少尿、反复呕吐无法饮水、倒地或意识异常）应立即就医或急诊；暂无红旗时，记录症状出现时间、频率、饮水、食欲和活动变化，尽快由兽医结合体检及必要检查判断；不要仅凭本卡自行确诊或用药。,"[""突然无尿或少尿"",""反复呕吐无法饮水"",""倒地或意识异常""]",犬慢性肾病可能出现的日常变化；狗肾不好有什么表现；老狗变瘦没精神；没胃口；逐渐消瘦；食欲下降；饮水和尿量改变；精神下降；慢性肾病是持续性肾脏结构或功能异常；临床表现可随病程进展而加重且缺乏特异性；突然无尿或少尿；反复呕吐无法饮水；倒地或意识异常。,"[{""source_id"":""PMC12376200"",""title"":""Real-world data on canine chronic kidney disease in Greece"",""url"":""https://pmc.ncbi.nlm.nih.gov/articles/PMC12376200/"",""license"":""CC BY 4.0"",""page_or_section"":""Abstract"",""verification_status"":""source_identity_license_and_locator_verified_2026-08-12; veterinary_claim_review_pending"",""support_note"":""中文内容为保守概括；来源用于支持主题、物种和风险边界，不代表个体诊断。"",""change_note"":""已在 v1.4 核对来源身份、商业许可、题名和定位；未逐字复制。""}]",Only verified CC BY/CC0 evidence is retained; attribution and change notices are mandatory.,true,phrase_expansion_and_new_cards_applied_v1_7,blocked_pending_mainland_China_licensed_veterinarian_review,true,test,false,12a811246cf852b115fa9c012abd6f4fba83e5c49fe3ddf3bdb5321ae68842a2
MVP-RENAL-006,1.8.0-open-mvp-retrieval-and-safety-repair-draft,zh-CN,猫狗尿量突然明显减少,"[""cat"",""dog""]",renal,common_disease_health_education_and_triage,,"[""宠物突然尿很少"",""一天几乎没尿""]","[""尿团或排尿量明显少于平时"",""排尿次数减少""]","[""少尿或无尿可能与脱水、急性肾损伤或尿路阻塞等严重问题有关"",""需要尽快区分是否在用力排尿但排不出""]","[""是否完全无尿或反复做排尿动作但尿不出来？"",""是否可能误食毒物或接触肾毒性物质（如防冻液、百合、葡萄）？"",""是否腹部疼痛或烦躁不安？""]",尿量明显减少应尽快联系宠物医院；如果无尿、反复用力无尿或伴呕吐虚弱，按急症处理；若出现上述任一红旗表现，请立即就医或急诊。,"[""无尿或反复用力无尿"",""呕吐和虚弱"",""腹部疼痛或意识异常""]",猫狗尿量突然明显减少；宠物突然尿很少；一天几乎没尿；尿团或排尿量明显少于平时；排尿次数减少；少尿或无尿可能与脱水、急性肾损伤或尿路阻塞等严重问题有关；需要尽快区分是否在用力排尿但排不出；无尿或反复用力无尿；呕吐和虚弱；腹部疼痛或意识异常。,"[{""source_id"":""PMC8093391"",""title"":""Effects of IV Fluids in Dogs and Cats With Kidney Failure"",""url"":""https://pmc.ncbi.nlm.nih.gov/articles/PMC8093391/"",""license"":""CC BY 4.0"",""page_or_section"":""Abstract"",""verification_status"":""source_identity_license_and_locator_verified_2026-08-12; veterinary_claim_review_pending"",""support_note"":""中文内容为保守概括；来源用于支持主题、物种和风险边界，不代表个体诊断。"",""change_note"":""已在 v1.4 核对来源身份、商业许可、题名和定位；未逐字复制。""}]",Only verified CC BY/CC0 evidence is retained; attribution and change notices are mandatory.,true,phrase_expansion_and_new_cards_applied_v1_7,blocked_pending_mainland_China_licensed_veterinarian_review,true,test,false,dde7fdbf30e5c24aae7024cc37d77517a4f48057e514000b8a91b008b1a5200d
MVP-RENAL-007,1.8.0-open-mvp-retrieval-and-safety-repair-draft,zh-CN,肾病宠物不能自行调整药物和处方粮,"[""cat"",""dog""]",renal,common_disease_health_education_and_triage,,"[""肾病能自己换药吗"",""肾粮不吃怎么办""]","[""已被诊断肾病"",""食欲或进食量发生变化""]","[""肾病动物的体液状态和尿量可能快速变化，治疗需要个体化复评"",""不要根据一次化验或短期症状自行改变处方药、补液或处方粮""]","[""目前肾病诊断分期和最近一次复查结果如何？"",""目前在用哪些药物、补液方案和处方粮？"",""目前是否完全拒食？""]",记录症状出现时间、频率、饮水、食欲和活动变化；出现任一红旗（如超过一天明显少吃或不吃、持续呕吐、明显虚弱或脱水、排尿显著减少或无尿）应立即就医或急诊；不要仅凭本卡自行确诊或用药。,"[""超过一天明显少吃或不吃"",""持续呕吐"",""明显虚弱或脱水"",""排尿突然显著减少、反复用力无尿或只能滴尿（无需等待固定时长）""]",肾病宠物不能自行调整药物和处方粮；肾病能自己换药吗；肾粮不吃怎么办；已被诊断肾病；食欲或进食量发生变化；肾病动物的体液状态和尿量可能快速变化，治疗需要个体化复评；不要根据一次化验或短期症状自行改变处方药、补液或处方粮；超过一天明显少吃或不吃；持续呕吐；明显虚弱或脱水；排尿突然显著减少、反复用力无尿或只能滴尿（无需等待固定时长）。,"[{""source_id"":""PMC8093391"",""title"":""Effects of IV Fluids in Dogs and Cats With Kidney Failure"",""url"":""https://pmc.ncbi.nlm.nih.gov/articles/PMC8093391/"",""license"":""CC BY 4.0"",""page_or_section"":""Abstract"",""verification_status"":""source_identity_license_and_locator_verified_2026-08-12; veterinary_claim_review_pending"",""support_note"":""中文内容为保守概括；来源用于支持主题、物种和风险边界，不代表个体诊断。"",""change_note"":""已在 v1.4 核对来源身份、商业许可、题名和定位；未逐字复制。""}]",Only verified CC BY/CC0 evidence is retained; attribution and change notices are mandatory.,true,urgent_triage_threshold_repaired_v1_8,blocked_pending_mainland_China_licensed_veterinarian_review,true,test,false,ec6b8e05f62681952f53ae3ac2b86583065b5bba499e1d852e35efc639d7a37e
MVP-RENAL-008,1.8.0-open-mvp-retrieval-and-safety-repair-draft,zh-CN,高风险品种猫的多囊肾关注点,"[""cat""]",renal,common_disease_health_education_and_triage,,"[""波斯猫要查多囊肾吗"",""猫多囊肾有什么表现""]","[""早期可能没有明显症状"",""进展后可见食欲、体重、饮水和尿量变化""]","[""猫多囊肾具有品种和遗传相关性"",""超声等兽医检查用于评估肾脏结构，不能靠外观判断""]","[""猫咪的饮水和尿量是否明显增多或减少？"",""猫咪是否做过肾脏超声等兽医检查？"",""猫咪是否有多囊肾家族史（如父母或同窝猫确诊）？""]",记录症状出现时间、频率、饮水、食欲和活动变化；若出现突然不吃并呕吐、尿量显著下降或明显虚弱等任一红旗，应立即就医或急诊。尽快由兽医结合体检及必要检查判断，不要仅凭本卡自行确诊或用药。,"[""突然不吃并呕吐"",""尿量显著下降"",""明显虚弱""]",高风险品种猫的多囊肾关注点；波斯猫要查多囊肾吗；猫多囊肾有什么表现；早期可能没有明显症状；进展后可见食欲、体重、饮水和尿量变化；猫多囊肾具有品种和遗传相关性；超声等兽医检查用于评估肾脏结构，不能靠外观判断；突然不吃并呕吐；尿量显著下降；明显虚弱。,"[{""source_id"":""DOI-10.3390-vetsci8110269"",""title"":""Feline Polycystic Kidney Disease: An Update"",""url"":""https://www.mdpi.com/2306-7381/8/11/269"",""license"":""CC BY 4.0"",""page_or_section"":""Abstract"",""verification_status"":""source_identity_license_and_locator_verified_2026-08-12; veterinary_claim_review_pending"",""support_note"":""中文内容为保守概括；来源用于支持主题、物种和风险边界，不代表个体诊断。"",""change_note"":""已在 v1.4 核对来源身份、商业许可、题名和定位；未逐字复制。""}]",Only verified CC BY/CC0 evidence is retained; attribution and change notices are mandatory.,true,phrase_expansion_and_new_cards_applied_v1_7,blocked_pending_mainland_China_licensed_veterinarian_review,true,test,false,38b309b0d810dfbb397d87910e16fdd04202e06fd879090e03422d035fad6457
MVP-ENDO-001,1.8.0-open-mvp-retrieval-and-safety-repair-draft,zh-CN,老年猫体重下降但食欲很好,"[""cat""]",endocrine,common_disease_health_education_and_triage,,"[""猫吃很多还变瘦"",""老猫很能吃却掉体重""]","[""食欲增加但体重下降"",""活动或叫声可能改变""]","[""猫甲状腺功能亢进常见于中老年猫"",""体重下降伴食欲增加是重要线索但不是确诊依据""]","[""它最近的饮水量是否比平时明显增多？"",""它最近的食欲是否有波动或变化？"",""它最近的活跃程度是否和以前明显不同？""]",记录症状出现时间、频率、饮水量、食欲和活动变化，尽快由兽医结合体检及必要检查判断；不要仅凭本卡自行确诊或用药。若出现任一红旗症状（呼吸困难、倒地或极度虚弱、完全拒食），应立即就医或急诊。,"[""呼吸困难"",""倒地或极度虚弱"",""完全拒食""]",老年猫体重下降但食欲很好；猫吃很多还变瘦；老猫很能吃却掉体重；食欲增加但体重下降；活动或叫声可能改变；猫甲状腺功能亢进常见于中老年猫；体重下降伴食欲增加是重要线索但不是确诊依据；呼吸困难；倒地或极度虚弱；完全拒食。,"[{""source_id"":""DOI-10.3390-antiox10091496"",""title"":""Management of Feline Hyperthyroidism and the Need to Prevent Oxidative Stress: What Can We Learn from Human Research?"",""url"":""https://www.mdpi.com/2076-3921/10/9/1496"",""license"":""CC BY 4.0"",""page_or_section"":""Abstract"",""verification_status"":""source_identity_license_and_locator_verified_2026-08-12; veterinary_claim_review_pending"",""support_note"":""中文内容为保守概括；来源用于支持主题、物种和风险边界，不代表个体诊断。"",""change_note"":""已在 v1.4 核对来源身份、商业许可、题名和定位；未逐字复制。""}]",Only verified CC BY/CC0 evidence is retained; attribution and change notices are mandatory.,true,phrase_expansion_and_new_cards_applied_v1_7,blocked_pending_mainland_China_licensed_veterinarian_review,true,test,false,cc4914927c85def3ded76953203a09bad0d1180a08f65385e9c8d39bc889bb9c
MVP-ENDO-002,1.8.0-open-mvp-retrieval-and-safety-repair-draft,zh-CN,猫甲状腺功能亢进的常见日常表现,"[""cat""]",endocrine,common_disease_health_education_and_triage,,"[""猫甲亢有什么表现"",""老猫突然很亢奋""]","[""体重下降"",""食欲增加或后期下降"",""多饮多尿"",""活动和叫声改变""]","[""甲亢可影响多个器官系统"",""单一表现不能确诊，需要血液检查和兽医评估""]","[""猫咪年龄多大？"",""猫咪体重下降的速度大概多快？"",""猫咪是否已确诊心脏病或慢性肾病等基础疾病？""]",记录症状出现时间、频率、饮水、食欲和活动变化，尽快由兽医结合体检及必要检查判断；不要仅凭本卡自行确诊或用药；若出现上述任一红旗表现，请立即就医或急诊。,"[""呼吸困难"",""持续呕吐腹泻伴虚弱"",""倒地""]",猫甲状腺功能亢进的常见日常表现；猫甲亢有什么表现；老猫突然很亢奋；体重下降；食欲增加或后期下降；多饮多尿；活动和叫声改变；甲亢可影响多个器官系统；单一表现不能确诊，需要血液检查和兽医评估；呼吸困难；持续呕吐腹泻伴虚弱；倒地。,"[{""source_id"":""DOI-10.3390-antiox10091496"",""title"":""Management of Feline Hyperthyroidism and the Need to Prevent Oxidative Stress: What Can We Learn from Human Research?"",""url"":""https://www.mdpi.com/2076-3921/10/9/1496"",""license"":""CC BY 4.0"",""page_or_section"":""Abstract"",""verification_status"":""source_identity_license_and_locator_verified_2026-08-12; veterinary_claim_review_pending"",""support_note"":""中文内容为保守概括；来源用于支持主题、物种和风险边界，不代表个体诊断。"",""change_note"":""已在 v1.4 核对来源身份、商业许可、题名和定位；未逐字复制。""}]",Only verified CC BY/CC0 evidence is retained; attribution and change notices are mandatory.,true,phrase_expansion_and_new_cards_applied_v1_7,blocked_pending_mainland_China_licensed_veterinarian_review,true,test,false,45a5f8c35715bc587418c94952a729cd90309c1951bee22a4edc2d417289b1d9
MVP-ENDO-003,1.8.0-open-mvp-retrieval-and-safety-repair-draft,zh-CN,老年猫定期体检时关注甲状腺,"[""cat""]",endocrine,common_disease_health_education_and_triage,,"[""老猫需要查甲状腺吗"",""猫甲亢筛查"",""变瘦了""]","[""进食量增加但体重下降"",""饮水和尿量增多"",""活动增多或烦躁"",""被毛变差"",""呕吐"",""早期变化可能较轻微""]","[""甲亢是老年猫常见内分泌疾病之一"",""早期发现需要结合体重趋势、体检和实验室检测""]","[""是否出现食欲增加但体重下降？"",""是否出现多饮多尿或活动变化？"",""是否已知有肾病或心脏问题？""]",记录症状出现时间、频率、饮水、食欲和活动变化，尽快由兽医结合体检及必要检查判断；不要仅凭本卡自行确诊或用药；若出现上述任一红旗表现，请立即就医或急诊。,"[""短期快速消瘦"",""呼吸困难"",""明显虚弱""]",老年猫定期体检时关注甲状腺；老猫需要查甲状腺吗；猫甲亢筛查；变瘦了；进食量增加但体重下降；饮水和尿量增多；活动增多或烦躁；被毛变差；呕吐；早期变化可能较轻微；甲亢是老年猫常见内分泌疾病之一；早期发现需要结合体重趋势、体检和实验室检测；短期快速消瘦；呼吸困难；明显虚弱。,"[{""source_id"":""DOI-10.3390-antiox10091496"",""title"":""Management of Feline Hyperthyroidism and the Need to Prevent Oxidative Stress: What Can We Learn from Human Research?"",""url"":""https://www.mdpi.com/2076-3921/10/9/1496"",""license"":""CC BY 4.0"",""page_or_section"":""Abstract"",""verification_status"":""source_identity_license_and_locator_verified_2026-08-12; veterinary_claim_review_pending"",""support_note"":""中文内容为保守概括；来源用于支持主题、物种和风险边界，不代表个体诊断。"",""change_note"":""已在 v1.4 核对来源身份、商业许可、题名和定位；未逐字复制。""}]",Only verified CC BY/CC0 evidence is retained; attribution and change notices are mandatory.,true,phrase_expansion_and_new_cards_applied_v1_7,blocked_pending_mainland_China_licensed_veterinarian_review,true,test,false,ef69fd69f5b8ec7d840559a644a82e5efae2b7b74be07fe451516d5172dd4afe
MVP-ENDO-004,1.8.0-open-mvp-retrieval-and-safety-repair-draft,zh-CN,犬变胖、怕冷并且精神下降,"[""dog""]",endocrine,common_disease_health_education_and_triage,,"[""狗越来越胖又没精神"",""狗怕冷掉毛"",""太胖""]","[""活动下降"",""体重增加"",""怕冷"",""被毛或皮肤变化""]","[""犬甲状腺功能减退可出现代谢和皮肤被毛变化"",""这些表现也可由饮食、疼痛和其他疾病引起""]","[""是否正在使用类固醇、抗癫痫药或其他可能影响甲状腺功能的药物？"",""是否出现对称性脱毛？"",""是否出现皮肤干燥？""]",记录症状出现时间、频率、饮水、食欲和活动变化，尽快由兽医结合体检及必要检查判断；如出现呼吸困难、意识异常、突然无法站立等任一红旗症状，应立即就医或急诊；不要仅凭本卡自行确诊或用药。,"[""突然无法站立"",""意识异常"",""呼吸困难""]",犬变胖、怕冷并且精神下降；狗越来越胖又没精神；狗怕冷掉毛；太胖；活动下降；体重增加；怕冷；被毛或皮肤变化；犬甲状腺功能减退可出现代谢和皮肤被毛变化；这些表现也可由饮食、疼痛和其他疾病引起；突然无法站立；意识异常；呼吸困难。,"[{""source_id"":""PMC12477693"",""title"":""Repeated thyroid function evaluations in the dog: a retrospective study of 8,309 dogs"",""url"":""https://pmc.ncbi.nlm.nih.gov/articles/PMC12477693/"",""license"":""CC BY 4.0"",""page_or_section"":""Abstract"",""verification_status"":""source_identity_license_and_locator_verified_2026-08-12; veterinary_claim_review_pending"",""support_note"":""中文内容为保守概括；来源用于支持主题、物种和风险边界，不代表个体诊断。"",""change_note"":""已在 v1.4 核对来源身份、商业许可、题名和定位；未逐字复制。""}]",Only verified CC BY/CC0 evidence is retained; attribution and change notices are mandatory.,true,phrase_expansion_and_new_cards_applied_v1_7,blocked_pending_mainland_China_licensed_veterinarian_review,true,test,false,37504c4f1cf4d3fc72d5cd4e2df8eae73a6852f3629aab1cbf26c2557a09da8e
MVP-ENDO-005,1.8.0-open-mvp-retrieval-and-safety-repair-draft,zh-CN,不能只凭肥胖或掉毛判断犬甲减,"[""dog""]",endocrine,common_disease_health_education_and_triage,,"[""狗胖就是甲减吗"",""掉毛是不是甲状腺问题"",""太胖"",""变胖""]","[""肥胖或体重增加"",""脱毛或被毛变差""]","[""肥胖和脱毛都缺乏特异性"",""犬甲减需要结合病史、体检及恰当的甲状腺检测判断""]","[""狗狗最近是否有突然精神变差、呼吸困难或神经异常（如抽搐、走路不稳）？"",""和之前相比，它的体重、食欲、饮水量和喂食量具体有哪些变化？"",""脱毛或皮肤问题具体是什么样？是否有对称脱毛、瘙痒、红肿或感染？""]",记录症状出现时间、频率、饮水、食欲和活动变化，尽快由兽医结合体检及必要检查判断；不要仅凭本卡自行确诊或用药；若出现上述任一红旗表现，请立即就医或急诊。,"[""精神突然严重下降"",""神经异常"",""呼吸困难""]",不能只凭肥胖或掉毛判断犬甲减；狗胖就是甲减吗；掉毛是不是甲状腺问题；太胖；变胖；肥胖或体重增加；脱毛或被毛变差；肥胖和脱毛都缺乏特异性；犬甲减需要结合病史、体检及恰当的甲状腺检测判断；精神突然严重下降；神经异常；呼吸困难。,"[{""source_id"":""PMC12477693"",""title"":""Repeated thyroid function evaluations in the dog: a retrospective study of 8,309 dogs"",""url"":""https://pmc.ncbi.nlm.nih.gov/articles/PMC12477693/"",""license"":""CC BY 4.0"",""page_or_section"":""Abstract"",""verification_status"":""source_identity_license_and_locator_verified_2026-08-12; veterinary_claim_review_pending"",""support_note"":""中文内容为保守概括；来源用于支持主题、物种和风险边界，不代表个体诊断。"",""change_note"":""已在 v1.4 核对来源身份、商业许可、题名和定位；未逐字复制。""}]",Only verified CC BY/CC0 evidence is retained; attribution and change notices are mandatory.,true,phrase_expansion_and_new_cards_applied_v1_7,blocked_pending_mainland_China_licensed_veterinarian_review,true,test,false,9b85af96b72f08a4d5eff53a62cb77ee5fc54addfbf984f91bb101b4a4d1ce88
MVP-ENDO-006,1.8.0-open-mvp-retrieval-and-safety-repair-draft,zh-CN,犬糖尿病常见的早期线索,"[""dog""]",endocrine,common_disease_health_education_and_triage,,"[""狗喝水多还变瘦"",""狗糖尿病有什么表现"",""喝水多尿多""]","[""多饮多尿"",""食欲可能增加"",""体重下降""]","[""犬糖尿病是需要长期兽医管理的内分泌疾病"",""多饮多尿和体重下降需要血糖、尿液等检查确认原因""]","[""多饮多尿出现多久了？"",""是否食欲增加但体重下降或变瘦？"",""是否精神下降或虚弱？""]",记录症状出现时间、频率、饮水、食欲和活动变化；若出现呕吐伴拒食和虚弱、脱水、呼吸异常或倒地等任一红旗表现，应立即就医或急诊。尽快由兽医结合体检及必要检查判断；不要仅凭本卡自行确诊或用药。,"[""呕吐伴拒食和虚弱"",""脱水"",""呼吸异常或倒地""]",犬糖尿病常见的早期线索；狗喝水多还变瘦；狗糖尿病有什么表现；喝水多尿多；多饮多尿；食欲可能增加；体重下降；犬糖尿病是需要长期兽医管理的内分泌疾病；多饮多尿和体重下降需要血糖、尿液等检查确认原因；呕吐伴拒食和虚弱；脱水；呼吸异常或倒地。,"[{""source_id"":""PMC7288514"",""title"":""Diabetes mellitus in dogs attending UK primary-care practices: frequency, risk factors and survival"",""url"":""https://pmc.ncbi.nlm.nih.gov/articles/PMC7288514/"",""license"":""CC BY 4.0"",""page_or_section"":""Abstract"",""verification_status"":""source_identity_license_and_locator_verified_2026-08-12; veterinary_claim_review_pending"",""support_note"":""中文内容为保守概括；来源用于支持主题、物种和风险边界，不代表个体诊断。"",""change_note"":""已在 v1.4 核对来源身份、商业许可、题名和定位；未逐字复制。""}]",Only verified CC BY/CC0 evidence is retained; attribution and change notices are mandatory.,true,phrase_expansion_and_new_cards_applied_v1_7,blocked_pending_mainland_China_licensed_veterinarian_review,true,test,false,5e3c0d22280bf60961ebfcc3d1a1fc3c632e6620a1d45bf95008f8fffde873ac
MVP-ENDO-007,1.8.0-open-mvp-retrieval-and-safety-repair-draft,zh-CN,猫糖尿病可能出现的日常变化,"[""cat""]",endocrine,common_disease_health_education_and_triage,,"[""猫喝水尿多还消瘦"",""猫糖尿病表现"",""变瘦了"",""喝水多尿多""]","[""多饮多尿"",""体重下降"",""食欲和活动改变""]","[""猫糖尿病常表现为持续高血糖相关的多饮多尿和体重变化"",""需要检查排除肾病、甲亢等其他原因""]","[""猫咪饮水量和尿量是否明显增多？"",""猫咪近期体重是否明显下降，或虽然吃得多仍变瘦？"",""猫咪是否出现后肢无力、跖行或走路姿势异常？""]",记录症状出现时间、频率、饮水、食欲、体重和活动变化，尽快由兽医结合体检及必要检查判断；若出现任一红旗症状（如呕吐拒食、明显虚弱或脱水、呼吸异常），应立即就医或急诊。不要仅凭本卡自行确诊或用药。,"[""呕吐拒食"",""明显虚弱或脱水"",""呼吸异常""]",猫糖尿病可能出现的日常变化；猫喝水尿多还消瘦；猫糖尿病表现；变瘦了；喝水多尿多；多饮多尿；体重下降；食欲和活动改变；猫糖尿病常表现为持续高血糖相关的多饮多尿和体重变化；需要检查排除肾病、甲亢等其他原因；呕吐拒食；明显虚弱或脱水；呼吸异常。,"[{""source_id"":""PMC12472474"",""title"":""Comparative Pharmacological and Pharmaceutical Perspectives on Antidiabetic Therapies in Humans, Dogs, and Cats"",""url"":""https://pmc.ncbi.nlm.nih.gov/articles/PMC12472474/"",""license"":""CC BY 4.0"",""page_or_section"":""Abstract"",""verification_status"":""source_identity_license_and_locator_verified_2026-08-12; veterinary_claim_review_pending"",""support_note"":""中文内容为保守概括；来源用于支持主题、物种和风险边界，不代表个体诊断。"",""change_note"":""已在 v1.4 核对来源身份、商业许可、题名和定位；未逐字复制。""}]",Only verified CC BY/CC0 evidence is retained; attribution and change notices are mandatory.,true,phrase_expansion_and_new_cards_applied_v1_7,blocked_pending_mainland_China_licensed_veterinarian_review,true,test,false,90ded1ff77c57e040ebcdf74ce77ed0e2c6f85c67f80e1a5bb8661d892f998b6
MVP-ENDO-008,1.8.0-open-mvp-retrieval-and-safety-repair-draft,zh-CN,疑似糖尿病宠物出现呕吐和精神差,"[""cat"",""dog""]",endocrine,common_disease_health_education_and_triage,,"[""糖尿病宠物吐了没精神"",""喝水多又呕吐"",""吐黄水"",""吐白沫""]","[""呕吐"",""拒食或食欲明显下降"",""虚弱"",""可能脱水""]","[""糖尿病相关代谢失衡可危及生命"",""仅凭家庭观察不能区分普通胃肠不适和严重代谢问题""]","[""宠物是否已确诊糖尿病？"",""近期是否漏用胰岛素、降糖药，或进食量明显异常？"",""宠物是否出现呼吸深快或深大呼吸？""]",疑似或已确诊糖尿病的宠物如出现呕吐、拒食和明显虚弱，应当尽快急诊评估。,"[""反复呕吐"",""无法饮水"",""明显脱水或倒地"",""呼吸深快/深大呼吸"",""震颤、抽搐或昏迷""]",疑似糖尿病宠物出现呕吐和精神差；糖尿病宠物吐了没精神；喝水多又呕吐；吐黄水；吐白沫；呕吐；拒食或食欲明显下降；虚弱；可能脱水；糖尿病相关代谢失衡可危及生命；仅凭家庭观察不能区分普通胃肠不适和严重代谢问题；反复呕吐；无法饮水；明显脱水或倒地；呼吸深快/深大呼吸；震颤、抽搐或昏迷。,"[{""source_id"":""PMC12472474"",""title"":""Comparative Pharmacological and Pharmaceutical Perspectives on Antidiabetic Therapies in Humans, Dogs, and Cats"",""url"":""https://pmc.ncbi.nlm.nih.gov/articles/PMC12472474/"",""license"":""CC BY 4.0"",""page_or_section"":""Abstract"",""verification_status"":""source_identity_license_and_locator_verified_2026-08-12; veterinary_claim_review_pending"",""support_note"":""中文内容为保守概括；来源用于支持主题、物种和风险边界，不代表个体诊断。"",""change_note"":""已在 v1.4 核对来源身份、商业许可、题名和定位；未逐字复制。""}]",Only verified CC BY/CC0 evidence is retained; attribution and change notices are mandatory.,true,phrase_expansion_and_new_cards_applied_v1_7,blocked_pending_mainland_China_licensed_veterinarian_review,true,test,false,11c2ee956bc9fe6c6093d0b1d9b92d216ecb2943f1a081b4226bd3e94c05dbac
MVP-ENDO-009,1.8.0-open-mvp-retrieval-and-safety-repair-draft,zh-CN,接受降糖治疗宠物的低血糖警示,"[""cat"",""dog""]",endocrine,common_disease_health_education_and_triage,,"[""打胰岛素后发抖"",""糖尿病宠物突然站不稳"",""抽筋"",""倒地抽""]","[""突然虚弱"",""发抖"",""步态不稳"",""反应下降""]","[""接受降糖治疗的宠物可能发生低血糖"",""低血糖可进展为抽搐或意识丧失""]","[""宠物目前是否出现抽搐、昏迷或无法吞咽？"",""宠物是否刚使用过胰岛素或降糖药？"",""宠物本次是否正常进食？""]",立即联系急诊兽医并按既有兽医应急指导处理；意识异常或无法吞咽时不要强行喂食。,"[""抽搐"",""昏迷或无法吞咽"",""持续恶化""]",接受降糖治疗宠物的低血糖警示；打胰岛素后发抖；糖尿病宠物突然站不稳；抽筋；倒地抽；突然虚弱；发抖；步态不稳；反应下降；接受降糖治疗的宠物可能发生低血糖；低血糖可进展为抽搐或意识丧失；抽搐；昏迷或无法吞咽；持续恶化。,"[{""source_id"":""PMC12472474"",""title"":""Comparative Pharmacological and Pharmaceutical Perspectives on Antidiabetic Therapies in Humans, Dogs, and Cats"",""url"":""https://pmc.ncbi.nlm.nih.gov/articles/PMC12472474/"",""license"":""CC BY 4.0"",""page_or_section"":""Abstract"",""verification_status"":""source_identity_license_and_locator_verified_2026-08-12; veterinary_claim_review_pending"",""support_note"":""中文内容为保守概括；来源用于支持主题、物种和风险边界，不代表个体诊断。"",""change_note"":""已在 v1.4 核对来源身份、商业许可、题名和定位；未逐字复制。""}]",Only verified CC BY/CC0 evidence is retained; attribution and change notices are mandatory.,true,phrase_expansion_and_new_cards_applied_v1_7,blocked_pending_mainland_China_licensed_veterinarian_review,true,test,false,6e6731dc681d022ac49401129e5ea1e875dd30bee625c0b5a0f5451b20bedade
MVP-ENDO-010,1.8.0-open-mvp-retrieval-and-safety-repair-draft,zh-CN,多饮多尿不等于单一疾病,"[""cat"",""dog""]",endocrine,common_disease_health_education_and_triage,,"[""宠物喝水多是什么病"",""尿多是不是糖尿病""]","[""饮水和尿量持续增加""]","[""肾病、糖尿病、甲状腺功能亢进（尤其猫）、库欣综合征等内分泌问题可能导致多饮多尿"",""需要结合体重、食欲、尿检和血液检查区分""]","[""宠物的实际饮水量和排尿次数是否确实比平时增多？"",""宠物的食欲与之前相比是增加、减少还是不变？"",""宠物最近是否正在使用糖皮质激素或利尿药等药物？""]",记录症状出现时间、频率、饮水、食欲和活动变化，尽快由兽医结合体检及必要检查判断；不要仅凭本卡自行确诊或用药；若出现上述任一红旗表现，请立即就医或急诊。,"[""无法保留饮水"",""尿量突然减少"",""虚弱或意识异常"",""体重明显下降或消瘦"",""食欲废绝"",""反复呕吐或腹泻""]",多饮多尿不等于单一疾病；宠物喝水多是什么病；尿多是不是糖尿病；饮水和尿量持续增加；肾病、糖尿病、甲状腺功能亢进（尤其猫）、库欣综合征等内分泌问题可能导致多饮多尿；需要结合体重、食欲、尿检和血液检查区分；无法保留饮水；尿量突然减少；虚弱或意识异常；体重明显下降或消瘦；食欲废绝；反复呕吐或腹泻。,"[{""source_id"":""PMC8093391"",""title"":""Effects of IV Fluids in Dogs and Cats With Kidney Failure"",""url"":""https://pmc.ncbi.nlm.nih.gov/articles/PMC8093391/"",""license"":""CC BY 4.0"",""page_or_section"":""Abstract"",""verification_status"":""source_identity_license_and_locator_verified_2026-08-12; veterinary_claim_review_pending"",""support_note"":""中文内容为保守概括；来源用于支持主题、物种和风险边界，不代表个体诊断。"",""change_note"":""已在 v1.4 核对来源身份、商业许可、题名和定位；未逐字复制。""},{""source_id"":""PMC12472474"",""title"":""Comparative Pharmacological and Pharmaceutical Perspectives on Antidiabetic Therapies in Humans, Dogs, and Cats"",""url"":""https://pmc.ncbi.nlm.nih.gov/articles/PMC12472474/"",""license"":""CC BY 4.0"",""page_or_section"":""Abstract"",""verification_status"":""source_identity_license_and_locator_verified_2026-08-12; veterinary_claim_review_pending"",""support_note"":""中文内容为保守概括；来源用于支持主题、物种和风险边界，不代表个体诊断。"",""change_note"":""已在 v1.4 核对来源身份、商业许可、题名和定位；未逐字复制。""}]",Only verified CC BY/CC0 evidence is retained; attribution and change notices are mandatory.,true,phrase_expansion_and_new_cards_applied_v1_7,blocked_pending_mainland_China_licensed_veterinarian_review,true,test,false,9d06a0b32a970f2fde3ef0bd692b0962ddfa459fac4b498787c448a730e64e29
MVP-CARD-001,1.8.0-open-mvp-retrieval-and-safety-repair-draft,zh-CN,犬体检发现心脏杂音但没有症状,"[""dog""]",cardiac,common_disease_health_education_and_triage,,"[""狗有心脏杂音怎么办"",""有杂音但不咳嗽"",""咔咔"",""像卡东西"",""喘不上气"",""张着嘴喘""]","[""目前活动、呼吸和食欲可能正常""]","[""犬二尖瓣黏液样变是常见获得性心脏病"",""杂音本身不能说明是否已经心衰，需要进一步分期""]","[""运动时是否比平时更容易疲劳或耐力下降？"",""是否做过心脏超声或胸片？"",""是否出现咳嗽？""]",记录症状出现时间、频率、饮水、食欲和活动变化，尽快由兽医结合体检及必要检查判断；不要仅凭本卡自行确诊或用药。若出现任一红旗（休息时呼吸困难、倒地或晕厥、牙龈发灰发紫），应立即就医或急诊。,"[""休息时呼吸困难"",""倒地或晕厥"",""牙龈发灰发紫""]",犬体检发现心脏杂音但没有症状；狗有心脏杂音怎么办；有杂音但不咳嗽；咔咔；像卡东西；喘不上气；张着嘴喘；目前活动、呼吸和食欲可能正常；犬二尖瓣黏液样变是常见获得性心脏病；杂音本身不能说明是否已经心衰，需要进一步分期；休息时呼吸困难；倒地或晕厥；牙龈发灰发紫。,"[{""source_id"":""DOI-10.3390-ani12020209"",""title"":""Management of Chronic Congestive Heart Failure Caused by Myxomatous Mitral Valve Disease in Dogs"",""url"":""https://www.mdpi.com/2076-2615/12/2/209"",""license"":""CC BY 4.0"",""page_or_section"":""Abstract"",""verification_status"":""source_identity_license_and_locator_verified_2026-08-12; veterinary_claim_review_pending"",""support_note"":""中文内容为保守概括；来源用于支持主题、物种和风险边界，不代表个体诊断。"",""change_note"":""已在 v1.4 核对来源身份、商业许可、题名和定位；未逐字复制。""}]",Only verified CC BY/CC0 evidence is retained; attribution and change notices are mandatory.,true,phrase_expansion_and_new_cards_applied_v1_7,blocked_pending_mainland_China_licensed_veterinarian_review,true,test,false,97094b4cb106bfdb56d20f334554aec6e771f91041810548c16439679a631292
MVP-CARD-002,1.8.0-open-mvp-retrieval-and-safety-repair-draft,zh-CN,犬静息或睡眠呼吸变快,"[""dog""]",cardiac,common_disease_health_education_and_triage,,"[""狗睡觉呼吸很快"",""心脏病狗喘得快"",""喘不上气"",""张着嘴喘""]","[""安静或睡眠时呼吸频率持续高于平时"",""呼吸用力""]","[""心衰犬可能出现静息呼吸增快或呼吸困难"",""环境温度、疼痛和呼吸道疾病也会影响呼吸""]","[""是否出现呼吸困难的紧急表现，如张口呼吸或牙龈发灰发紫？"",""这次呼吸快是在完全安静或睡眠时测量，还是刚运动或兴奋后？"",""是否已确诊心脏病？""]",保持安静、减少搬动并尽快联系宠物医院；明显呼吸困难按急症处理；若出现上述任一红旗表现，请立即就医或急诊。,"[""张口呼吸或明显用力"",""牙龈发灰发紫"",""无法平卧或倒地""]",犬静息或睡眠呼吸变快；狗睡觉呼吸很快；心脏病狗喘得快；喘不上气；张着嘴喘；安静或睡眠时呼吸频率持续高于平时；呼吸用力；心衰犬可能出现静息呼吸增快或呼吸困难；环境温度、疼痛和呼吸道疾病也会影响呼吸；张口呼吸或明显用力；牙龈发灰发紫；无法平卧或倒地。,"[{""source_id"":""DOI-10.3390-ani12020209"",""title"":""Management of Chronic Congestive Heart Failure Caused by Myxomatous Mitral Valve Disease in Dogs"",""url"":""https://www.mdpi.com/2076-2615/12/2/209"",""license"":""CC BY 4.0"",""page_or_section"":""Abstract"",""verification_status"":""source_identity_license_and_locator_verified_2026-08-12; veterinary_claim_review_pending"",""support_note"":""中文内容为保守概括；来源用于支持主题、物种和风险边界，不代表个体诊断。"",""change_note"":""已在 v1.4 核对来源身份、商业许可、题名和定位；未逐字复制。""}]",Only verified CC BY/CC0 evidence is retained; attribution and change notices are mandatory.,true,phrase_expansion_and_new_cards_applied_v1_7,blocked_pending_mainland_China_licensed_veterinarian_review,true,test,false,c40ffa9541f3ff5da4e7a95131761d6969fca6f2dfd306ae07b01002aa1c3d91
MVP-CARD-003,1.8.0-open-mvp-retrieval-and-safety-repair-draft,zh-CN,犬咳嗽不一定都是心脏病,"[""dog""]",cardiac,common_disease_health_education_and_triage,,"[""狗咳嗽是不是心脏不好"",""老狗咳嗽"",""咔咔"",""像卡东西"",""喘不上气"",""张着嘴喘""]","[""咳嗽"",""可能伴活动耐力下降或呼吸变化""]","[""咳嗽可来自心脏、气道和其他原因"",""需要结合呼吸频率、听诊和影像等判断""]","[""咳嗽是在夜间还是运动后更明显？"",""是否有鼻分泌物？"",""静息呼吸频率是否持续超过30次/分？""]",若出现任一红旗（如明显呼吸困难、咳血、倒地或牙龈变色），应立即就医或急诊；若无红旗，记录症状出现时间、频率、饮水、食欲和活动变化，并尽快由兽医结合体检及必要检查判断；不要仅凭本卡自行确诊或用药。,"[""明显呼吸困难"",""咳血"",""倒地或牙龈变色""]",犬咳嗽不一定都是心脏病；狗咳嗽是不是心脏不好；老狗咳嗽；咔咔；像卡东西；喘不上气；张着嘴喘；咳嗽；可能伴活动耐力下降或呼吸变化；咳嗽可来自心脏、气道和其他原因；需要结合呼吸频率、听诊和影像等判断；明显呼吸困难；咳血；倒地或牙龈变色。,"[{""source_id"":""DOI-10.3390-ani12020209"",""title"":""Management of Chronic Congestive Heart Failure Caused by Myxomatous Mitral Valve Disease in Dogs"",""url"":""https://www.mdpi.com/2076-2615/12/2/209"",""license"":""CC BY 4.0"",""page_or_section"":""Abstract"",""verification_status"":""source_identity_license_and_locator_verified_2026-08-12; veterinary_claim_review_pending"",""support_note"":""中文内容为保守概括；来源用于支持主题、物种和风险边界，不代表个体诊断。"",""change_note"":""已在 v1.4 核对来源身份、商业许可、题名和定位；未逐字复制。""}]",Only verified CC BY/CC0 evidence is retained; attribution and change notices are mandatory.,true,phrase_expansion_and_new_cards_applied_v1_7,blocked_pending_mainland_China_licensed_veterinarian_review,true,test,false,7985e4365f7bd7d363a2a79f9700a47ce3fc0f3659de56e731447a1a314fee59
MVP-CARD-004,1.8.0-open-mvp-retrieval-and-safety-repair-draft,zh-CN,猫肥厚型心肌病可能没有明显症状,"[""cat""]",cardiac,common_disease_health_education_and_triage,,"[""猫心肌肥厚有什么表现"",""猫心脏病平时看得出来吗"",""喘不上气"",""张着嘴喘""]","[""可能长期没有明显外观异常"",""也可能出现呼吸或活动变化""]","[""肥厚型心肌病是猫常见心脏病"",""部分猫在并发症出现前可能没有明显症状""]","[""猫咪是否出现呼吸急促、费力或张口呼吸？"",""猫咪是否突然倒地、晕厥或出现意识丧失？"",""猫咪是否有后肢突然疼痛、无力或无法站立行走？""]",若出现呼吸困难、突然倒地或后肢突然疼痛无力等任一红旗表现，请立即联系急诊兽医，不要等待；若没有这些紧急表现，记录症状出现时间、频率、饮水、食欲和活动变化，并尽快预约兽医结合体检及必要检查判断。不要仅凭本卡自行确诊或用药。,"[""呼吸困难"",""突然倒地"",""后肢突然疼痛无力""]",猫肥厚型心肌病可能没有明显症状；猫心肌肥厚有什么表现；猫心脏病平时看得出来吗；喘不上气；张着嘴喘；可能长期没有明显外观异常；也可能出现呼吸或活动变化；肥厚型心肌病是猫常见心脏病；部分猫在并发症出现前可能没有明显症状；呼吸困难；突然倒地；后肢突然疼痛无力。,"[{""source_id"":""DOI-10.3390-vetsci12030289"",""title"":""Clinical-Diagnostic and Therapeutic Advances in Feline Hypertrophic Cardiomyopathy"",""url"":""https://www.mdpi.com/2306-7381/12/3/289"",""license"":""CC BY 4.0"",""page_or_section"":""Abstract"",""verification_status"":""source_identity_license_and_locator_verified_2026-08-12; veterinary_claim_review_pending"",""support_note"":""中文内容为保守概括；来源用于支持主题、物种和风险边界，不代表个体诊断。"",""change_note"":""已在 v1.4 核对来源身份、商业许可、题名和定位；未逐字复制。""}]",Only verified CC BY/CC0 evidence is retained; attribution and change notices are mandatory.,true,phrase_expansion_and_new_cards_applied_v1_7,blocked_pending_mainland_China_licensed_veterinarian_review,true,test,false,08350490b51c0905e0a3b47794b7fa845fb1842394dfce9454692b776d9dd9a5
MVP-CARD-005,1.8.0-open-mvp-retrieval-and-safety-repair-draft,zh-CN,猫静息呼吸加快需要警惕心肺问题,"[""cat""]",cardiac,common_disease_health_education_and_triage,,"[""猫睡觉呼吸快"",""猫肚子起伏很大""]","[""静息呼吸频率持续增加"",""胸腹部呼吸用力""]","[""猫心肌病和多种呼吸系统疾病都可能引起呼吸异常"",""家庭无法仅凭次数判断具体病因""]","[""猫咪是否有已知心脏病、哮喘或其他心肺疾病史？"",""猫咪近期活动量是否明显减少？"",""猫咪是否比平时更容易躲藏？""]",尽量减少应激；若出现任一红旗（张口呼吸、牙龈发灰发紫、无法舒适卧下）应立即就医或急诊。,"[""张口呼吸"",""牙龈发灰发紫"",""无法舒适卧下""]",猫静息呼吸加快需要警惕心肺问题；猫睡觉呼吸快；猫肚子起伏很大；静息呼吸频率持续增加；胸腹部呼吸用力；猫心肌病和多种呼吸系统疾病都可能引起呼吸异常；家庭无法仅凭次数判断具体病因；张口呼吸；牙龈发灰发紫；无法舒适卧下。,"[{""source_id"":""DOI-10.3390-vetsci12030289"",""title"":""Clinical-Diagnostic and Therapeutic Advances in Feline Hypertrophic Cardiomyopathy"",""url"":""https://www.mdpi.com/2306-7381/12/3/289"",""license"":""CC BY 4.0"",""page_or_section"":""Abstract"",""verification_status"":""source_identity_license_and_locator_verified_2026-08-12; veterinary_claim_review_pending"",""support_note"":""中文内容为保守概括；来源用于支持主题、物种和风险边界，不代表个体诊断。"",""change_note"":""已在 v1.4 核对来源身份、商业许可、题名和定位；未逐字复制。""}]",Only verified CC BY/CC0 evidence is retained; attribution and change notices are mandatory.,true,phrase_expansion_and_new_cards_applied_v1_7,blocked_pending_mainland_China_licensed_veterinarian_review,true,test,false,fb60bf99081e0934b9681d56fa000542d4e5c9144bf189abbbce2e967cb8421e
MVP-CARD-006,1.8.0-open-mvp-retrieval-and-safety-repair-draft,zh-CN,猫突然后肢疼痛或无法站立,"[""cat""]",cardiac,common_disease_health_education_and_triage,,"[""猫后腿突然瘫了"",""猫后腿冰凉很痛""]","[""突然尖叫或疼痛"",""一侧或双侧后肢无力"",""后肢可能发凉""]","[""猫心脏病可并发主动脉血栓栓塞并导致突然疼痛和瘫痪"",""也需排除创伤和神经系统急症""]","[""猫咪现在是否有呼吸困难？"",""后肢摸起来是否明显发凉或冰凉？"",""猫咪是否有剧烈疼痛表现（如尖叫）？""]",立即前往宠物急诊，减少搬动和应激，不要按摩或热敷后肢。,"[""突然瘫痪"",""剧烈疼痛"",""呼吸困难"",""后肢发凉/明显变凉""]",猫突然后肢疼痛或无法站立；猫后腿突然瘫了；猫后腿冰凉很痛；突然尖叫或疼痛；一侧或双侧后肢无力；后肢可能发凉；猫心脏病可并发主动脉血栓栓塞并导致突然疼痛和瘫痪；也需排除创伤和神经系统急症；突然瘫痪；剧烈疼痛；呼吸困难；后肢发凉/明显变凉。,"[{""source_id"":""DOI-10.3390-vetsci12030289"",""title"":""Clinical-Diagnostic and Therapeutic Advances in Feline Hypertrophic Cardiomyopathy"",""url"":""https://www.mdpi.com/2306-7381/12/3/289"",""license"":""CC BY 4.0"",""page_or_section"":""Abstract"",""verification_status"":""source_identity_license_and_locator_verified_2026-08-12; veterinary_claim_review_pending"",""support_note"":""中文内容为保守概括；来源用于支持主题、物种和风险边界，不代表个体诊断。"",""change_note"":""已在 v1.4 核对来源身份、商业许可、题名和定位；未逐字复制。""}]",Only verified CC BY/CC0 evidence is retained; attribution and change notices are mandatory.,true,phrase_expansion_and_new_cards_applied_v1_7,blocked_pending_mainland_China_licensed_veterinarian_review,true,test,false,c535fcc01cd681ce9f46f9fbcfca812395a035e58e27579b1610b19243396fdb
MVP-CARD-007,1.8.0-open-mvp-retrieval-and-safety-repair-draft,zh-CN,犬短暂晕厥或倒地,"[""dog""]",cardiac,common_disease_health_education_and_triage,,"[""狗突然晕倒又醒了"",""走路时突然倒下""]","[""短暂失去姿势或意识"",""可能很快恢复""]","[""晕厥可能与心律或心血管问题有关"",""癫痫发作、低血糖和神经系统疾病等也可表现为倒地或类似晕厥""]","[""狗狗现在意识是否已完全恢复并能正常回应你？"",""狗狗现在是否有呼吸困难或呼吸费力？"",""狗狗现在牙龈颜色是否发白、发紫或异常？""]",即使已经恢复也应尽快就医；持续意识异常、呼吸困难或反复倒地按急症处理；若出现上述任一红旗表现，请立即就医或急诊。,"[""未恢复正常意识"",""反复发作"",""呼吸困难或牙龈变色""]",犬短暂晕厥或倒地；狗突然晕倒又醒了；走路时突然倒下；短暂失去姿势或意识；可能很快恢复；晕厥可能与心律或心血管问题有关；癫痫发作、低血糖和神经系统疾病等也可表现为倒地或类似晕厥；未恢复正常意识；反复发作；呼吸困难或牙龈变色。,"[{""source_id"":""DOI-10.3390-ani12020209"",""title"":""Management of Chronic Congestive Heart Failure Caused by Myxomatous Mitral Valve Disease in Dogs"",""url"":""https://www.mdpi.com/2076-2615/12/2/209"",""license"":""CC BY 4.0"",""page_or_section"":""Abstract"",""verification_status"":""source_identity_license_and_locator_verified_2026-08-12; veterinary_claim_review_pending"",""support_note"":""中文内容为保守概括；来源用于支持主题、物种和风险边界，不代表个体诊断。"",""change_note"":""已在 v1.4 核对来源身份、商业许可、题名和定位；未逐字复制。""}]",Only verified CC BY/CC0 evidence is retained; attribution and change notices are mandatory.,true,phrase_expansion_and_new_cards_applied_v1_7,blocked_pending_mainland_China_licensed_veterinarian_review,true,test,false,eafb8ea56751e569a7618eac49451b2d68eab6aadfb1625cfda834fedc9cb689
MVP-CARD-008,1.8.0-open-mvp-retrieval-and-safety-repair-draft,zh-CN,犬心脏病药物不能因症状变化自行增减,"[""dog""]",cardiac,common_disease_health_education_and_triage,,"[""狗心脏药能自己加量吗"",""狗喘能不能多吃药""]","[""已被诊断心脏病"",""呼吸、食欲或精神发生变化""]","[""心脏病管理需要结合分期、肾功能和临床反应"",""自行调整药物可能掩盖恶化或增加风险""]","[""目前服用的心脏病药物名称和最近一次用药时间是什么？"",""安静休息时呼吸频率有没有比之前快？"",""最近有没有呕吐、拒食、腹泻或明显无力？""]",记录症状出现时间、频率、饮水、食欲和活动变化，尽快由兽医结合体检及必要检查判断；不要仅凭本卡自行确诊或用药；若出现上述任一红旗表现，请立即就医或急诊。,"[""呼吸困难"",""晕厥"",""无法进食饮水""]",犬心脏病药物不能因症状变化自行增减；狗心脏药能自己加量吗；狗喘能不能多吃药；已被诊断心脏病；呼吸、食欲或精神发生变化；心脏病管理需要结合分期、肾功能和临床反应；自行调整药物可能掩盖恶化或增加风险；呼吸困难；晕厥；无法进食饮水。,"[{""source_id"":""DOI-10.3390-ani12020209"",""title"":""Management of Chronic Congestive Heart Failure Caused by Myxomatous Mitral Valve Disease in Dogs"",""url"":""https://www.mdpi.com/2076-2615/12/2/209"",""license"":""CC BY 4.0"",""page_or_section"":""Abstract"",""verification_status"":""source_identity_license_and_locator_verified_2026-08-12; veterinary_claim_review_pending"",""support_note"":""中文内容为保守概括；来源用于支持主题、物种和风险边界，不代表个体诊断。"",""change_note"":""已在 v1.4 核对来源身份、商业许可、题名和定位；未逐字复制。""}]",Only verified CC BY/CC0 evidence is retained; attribution and change notices are mandatory.,true,phrase_expansion_and_new_cards_applied_v1_7,blocked_pending_mainland_China_licensed_veterinarian_review,true,test,false,c75f5cfebe2b85e13a929bd9432952d3f4830d4055cca56ec5cf1c9be75832dd
MVP-PH-001,1.8.0-open-mvp-retrieval-and-safety-repair-draft,zh-CN,犬胰腺炎可能出现哪些表现,"[""dog""]",pancreatic_hepatobiliary,common_disease_health_education_and_triage,,"[""狗胰腺炎有什么表现"",""狗又吐又不吃""]","[""食欲下降"",""呕吐"",""腹泻"",""精神下降"",""可能腹部疼痛""]","[""犬胰腺炎表现差异较大且没有单一特异症状"",""需要结合检查判断，不能只凭呕吐确诊""]","[""现在精神是不是明显变差，比如趴着不动、站不稳或倒地？"",""它还能自己喝水吗？喝完会不会很快吐出来？"",""有没有弓背、前低后高的祈祷姿势，或者一碰肚子就躲、叫？""]",记录症状出现时间、频率、饮水、食欲和活动变化，尽快由兽医结合体检及必要检查判断；不要仅凭本卡自行确诊或用药；若出现上述任一红旗表现，请立即就医或急诊。,"[""反复呕吐无法饮水"",""剧烈腹痛"",""倒地或明显脱水""]",犬胰腺炎可能出现哪些表现；狗胰腺炎有什么表现；狗又吐又不吃；食欲下降；呕吐；腹泻；精神下降；可能腹部疼痛；犬胰腺炎表现差异较大且没有单一特异症状；需要结合检查判断，不能只凭呕吐确诊；反复呕吐无法饮水；剧烈腹痛；倒地或明显脱水。,"[{""source_id"":""DOI-10.3390-ani12121581"",""title"":""Risk Factors and Clinical Presentation in Dogs with Increased Pancreatic Lipase Immunoreactivity Concentrations"",""url"":""https://www.mdpi.com/2076-2615/12/12/1581"",""license"":""CC BY 4.0"",""page_or_section"":""Abstract"",""verification_status"":""source_identity_license_and_locator_verified_2026-08-12; veterinary_claim_review_pending"",""support_note"":""中文内容为保守概括；来源用于支持主题、物种和风险边界，不代表个体诊断。"",""change_note"":""已在 v1.4 核对来源身份、商业许可、题名和定位；未逐字复制。""}]",Only verified CC BY/CC0 evidence is retained; attribution and change notices are mandatory.,true,phrase_expansion_and_new_cards_applied_v1_7,blocked_pending_mainland_China_licensed_veterinarian_review,true,test,false,396de9fd20d2e181422225b0d7171ff7685bb47971ee2dc6fc7dddd07abce0d6
MVP-PH-002,1.8.0-open-mvp-retrieval-and-safety-repair-draft,zh-CN,犬胰腺炎不一定都有明显腹痛,"[""dog""]",pancreatic_hepatobiliary,common_disease_health_education_and_triage,,"[""狗不肚子疼会是胰腺炎吗"",""只是不吃和拉稀""]","[""可能主要表现为不吃、腹泻或呕吐"",""腹痛可能不明显""]","[""研究中的犬胰腺相关病例表现范围较广"",""缺少明显腹痛不能排除胰腺问题""]","[""不吃的情况持续多久了？"",""有没有腹泻或大便异常？"",""喝水比平时少吗？""]",记录症状出现时间、频率、饮水、食欲和活动变化，尽快由兽医结合体检及必要检查判断；若出现任一红旗（持续拒食、反复呕吐、虚弱或脱水），应立即就医或急诊；不要仅凭本卡自行确诊或用药。,"[""持续拒食"",""反复呕吐"",""虚弱或脱水""]",犬胰腺炎不一定都有明显腹痛；狗不肚子疼会是胰腺炎吗；只是不吃和拉稀；可能主要表现为不吃、腹泻或呕吐；腹痛可能不明显；研究中的犬胰腺相关病例表现范围较广；缺少明显腹痛不能排除胰腺问题；持续拒食；反复呕吐；虚弱或脱水。,"[{""source_id"":""DOI-10.3390-ani12121581"",""title"":""Risk Factors and Clinical Presentation in Dogs with Increased Pancreatic Lipase Immunoreactivity Concentrations"",""url"":""https://www.mdpi.com/2076-2615/12/12/1581"",""license"":""CC BY 4.0"",""page_or_section"":""Abstract"",""verification_status"":""source_identity_license_and_locator_verified_2026-08-12; veterinary_claim_review_pending"",""support_note"":""中文内容为保守概括；来源用于支持主题、物种和风险边界，不代表个体诊断。"",""change_note"":""已在 v1.4 核对来源身份、商业许可、题名和定位；未逐字复制。""}]",Only verified CC BY/CC0 evidence is retained; attribution and change notices are mandatory.,true,phrase_expansion_and_new_cards_applied_v1_7,blocked_pending_mainland_China_licensed_veterinarian_review,true,test,false,7b1c63b29af13ab771459639da548083e1e30fa717bb94a563464de663414f8c
MVP-PH-003,1.8.0-open-mvp-retrieval-and-safety-repair-draft,zh-CN,犬长期消瘦并且粪便量多,"[""dog""]",pancreatic_hepatobiliary,common_disease_health_education_and_triage,,"[""狗吃很多还消瘦拉很多"",""狗大便量特别多"",""变瘦了""]","[""体重下降"",""粪便量增加或稀软"",""食欲可能增加""]","[""犬胰外分泌功能不全可导致消化吸收异常和体重下降"",""慢性肠病和寄生虫等也可出现类似表现""]","[""狗狗的食欲与平时相比是正常、增加还是下降？"",""粪便颜色、性状或排便频率是否出现异常？持续多久了？"",""近期是否做过驱虫？日常饮食主要喂什么？""]",记录症状出现时间、频率、食欲、饮水、粪便性状和活动变化，尽快由兽医结合体检及必要检查判断；不要仅凭本卡自行确诊或用药。如出现任一红旗症状，应立即就医或前往急诊。,"[""快速消瘦"",""持续呕吐"",""明显虚弱或脱水""]",犬长期消瘦并且粪便量多；狗吃很多还消瘦拉很多；狗大便量特别多；变瘦了；体重下降；粪便量增加或稀软；食欲可能增加；犬胰外分泌功能不全可导致消化吸收异常和体重下降；慢性肠病和寄生虫等也可出现类似表现；快速消瘦；持续呕吐；明显虚弱或脱水。,"[{""source_id"":""PMC10376357"",""title"":""Untargeted Analysis of Serum Metabolomes in Dogs with Exocrine Pancreatic Insufficiency"",""url"":""https://pmc.ncbi.nlm.nih.gov/articles/PMC10376357/"",""license"":""CC BY 4.0"",""page_or_section"":""Abstract"",""verification_status"":""source_identity_license_and_locator_verified_2026-08-12; veterinary_claim_review_pending"",""support_note"":""中文内容为保守概括；来源用于支持主题、物种和风险边界，不代表个体诊断。"",""change_note"":""已在 v1.4 核对来源身份、商业许可、题名和定位；未逐字复制。""}]",Only verified CC BY/CC0 evidence is retained; attribution and change notices are mandatory.,true,phrase_expansion_and_new_cards_applied_v1_7,blocked_pending_mainland_China_licensed_veterinarian_review,true,test,false,dac121816ef7977e07daa29d9c7a9d9fc7befbacf1aa9d1b2c9cf136a9ac4353
MVP-PH-004,1.8.0-open-mvp-retrieval-and-safety-repair-draft,zh-CN,犬肝胆疾病的非特异性表现,"[""dog""]",pancreatic_hepatobiliary,common_disease_health_education_and_triage,,"[""狗肝不好有什么表现"",""狗不吃没精神会是肝病吗""]","[""食欲下降"",""精神差"",""呕吐或腹泻"",""饮水变化""]","[""犬肝胆疾病早期表现可能缺乏特异性"",""需要血液和影像检查区分胃肠、胰腺和其他疾病""]","[""尿色是否明显变深（如浓茶色或酱油色）？"",""腹部是否看起来比平时膨大或变圆？"",""是否出现呕吐？""]",记录症状出现时间、频率、饮水、食欲和活动变化；若出现呕血、黑便、意识混乱/异常嗜睡或明显黄疸等任一红旗表现，应立即急诊。未出现上述红旗时，也需尽快由兽医结合体检及必要检查判断；不要仅凭本卡自行确诊或用药。,"[""黄疸"",""意识或行为异常"",""呕血黑便""]",犬肝胆疾病的非特异性表现；狗肝不好有什么表现；狗不吃没精神会是肝病吗；食欲下降；精神差；呕吐或腹泻；饮水变化；犬肝胆疾病早期表现可能缺乏特异性；需要血液和影像检查区分胃肠、胰腺和其他疾病；黄疸；意识或行为异常；呕血黑便。,"[{""source_id"":""DOI-10.3390-ani14192886"",""title"":""Exploring the Relationship between Canine Paraoxonase-1 and Liver Disease"",""url"":""https://www.mdpi.com/2076-2615/14/19/2886"",""license"":""CC BY 4.0"",""page_or_section"":""Abstract"",""verification_status"":""source_identity_license_and_locator_verified_2026-08-12; veterinary_claim_review_pending"",""support_note"":""中文内容为保守概括；来源用于支持主题、物种和风险边界，不代表个体诊断。"",""change_note"":""已在 v1.4 核对来源身份、商业许可、题名和定位；未逐字复制。""}]",Only verified CC BY/CC0 evidence is retained; attribution and change notices are mandatory.,true,phrase_expansion_and_new_cards_applied_v1_7,blocked_pending_mainland_China_licensed_veterinarian_review,true,test,false,e062f9221ee2bac16c640a2deedd3be2e03639add4ab78f479c1afc6fedc0b38
MVP-PH-005,1.8.0-open-mvp-retrieval-and-safety-repair-draft,zh-CN,犬出现黄疸,"[""dog""]",pancreatic_hepatobiliary,common_disease_health_education_and_triage,,"[""狗眼白发黄"",""狗牙龈或皮肤变黄""]","[""眼白、牙龈或耳廓皮肤发黄"",""尿色可能加深""]","[""黄疸可能与肝胆、溶血或其他严重疾病有关"",""需要尽快确定原因而不能在家观察多日""]","[""狗狗现在有没有明显虚弱、意识异常、反复呕吐或出血？"",""皮肤或眼白发黄出现多久了？"",""最近是否接触过药物、毒物或变质食物？""]",当天就医评估；若伴明显虚弱、意识异常、出血或持续呕吐，立即急诊。,"[""明显虚弱"",""意识异常"",""反复呕吐或出血""]",犬出现黄疸；狗眼白发黄；狗牙龈或皮肤变黄；眼白、牙龈或耳廓皮肤发黄；尿色可能加深；黄疸可能与肝胆、溶血或其他严重疾病有关；需要尽快确定原因而不能在家观察多日；明显虚弱；意识异常；反复呕吐或出血。,"[{""source_id"":""DOI-10.3390-ani14192886"",""title"":""Exploring the Relationship between Canine Paraoxonase-1 and Liver Disease"",""url"":""https://www.mdpi.com/2076-2615/14/19/2886"",""license"":""CC BY 4.0"",""page_or_section"":""Abstract"",""verification_status"":""source_identity_license_and_locator_verified_2026-08-12; veterinary_claim_review_pending"",""support_note"":""中文内容为保守概括；来源用于支持主题、物种和风险边界，不代表个体诊断。"",""change_note"":""已在 v1.4 核对来源身份、商业许可、题名和定位；未逐字复制。""}]",Only verified CC BY/CC0 evidence is retained; attribution and change notices are mandatory.,true,phrase_expansion_and_new_cards_applied_v1_7,blocked_pending_mainland_China_licensed_veterinarian_review,true,test,false,ea73bacab68c1c34bf1b54494bdb5d7102e2f5ebb5a3af03a6cb3bffd3a84caf
MVP-PH-006,1.8.0-open-mvp-retrieval-and-safety-repair-draft,zh-CN,犬腹部逐渐膨大疑似腹水,"[""dog""]",pancreatic_hepatobiliary,common_disease_health_education_and_triage,,"[""狗肚子越来越大"",""狗肚子像有水""]","[""腹围增加"",""可能活动下降或呼吸受影响""]","[""腹部积液可与肝脏、心脏、低蛋白或其他疾病有关"",""不能通过触摸自行判断液体或肥胖""]","[""它现在呼吸是否变快、费力或张口呼吸？"",""肚子变大是突然出现的，还是逐渐变大的？"",""有没有牙龈发白、站不稳或突然倒地？""]",记录症状出现时间、频率、饮水、食欲和活动变化，尽快由兽医结合体检及必要检查判断；不要仅凭本卡自行确诊或用药；若出现上述任一红旗表现，请立即就医或急诊。,"[""呼吸困难"",""腹部突然快速增大"",""倒地或牙龈苍白""]",犬腹部逐渐膨大疑似腹水；狗肚子越来越大；狗肚子像有水；腹围增加；可能活动下降或呼吸受影响；腹部积液可与肝脏、心脏、低蛋白或其他疾病有关；不能通过触摸自行判断液体或肥胖；呼吸困难；腹部突然快速增大；倒地或牙龈苍白。,"[{""source_id"":""DOI-10.3390-ani14192886"",""title"":""Exploring the Relationship between Canine Paraoxonase-1 and Liver Disease"",""url"":""https://www.mdpi.com/2076-2615/14/19/2886"",""license"":""CC BY 4.0"",""page_or_section"":""Abstract"",""verification_status"":""source_identity_license_and_locator_verified_2026-08-12; veterinary_claim_review_pending"",""support_note"":""中文内容为保守概括；来源用于支持主题、物种和风险边界，不代表个体诊断。"",""change_note"":""已在 v1.4 核对来源身份、商业许可、题名和定位；未逐字复制。""}]",Only verified CC BY/CC0 evidence is retained; attribution and change notices are mandatory.,true,phrase_expansion_and_new_cards_applied_v1_7,blocked_pending_mainland_China_licensed_veterinarian_review,true,test,false,29ec8cb4fc887108dbdda9b966dd4d38ca33590d99f311a105e90407d2f64c85
MVP-PH-007,1.8.0-open-mvp-retrieval-and-safety-repair-draft,zh-CN,犬持续呕吐并伴腹部疼痛,"[""dog""]",pancreatic_hepatobiliary,common_disease_health_education_and_triage,,"[""狗一直吐还肚子疼"",""趴着不让碰肚子"",""没胃口"",""挑食""]","[""反复呕吐"",""弓背或拒绝触碰腹部"",""食欲下降""]","[""持续呕吐和腹痛可见于胰腺、胃肠异物等多种疾病"",""需要及时排除危及生命的问题""]","[""呕吐物里是否有血或呈咖啡色？"",""能否喝水并保持不吐？"",""腹部是否明显胀大或变硬？""]",尽快到医院检查；无法饮水、腹部膨大、呕血或明显虚弱时按急症处理。若出现任一红旗症状，应立即前往急诊。,"[""无法饮水"",""腹部明显膨大"",""虚弱倒地或呕血""]",犬持续呕吐并伴腹部疼痛；狗一直吐还肚子疼；趴着不让碰肚子；没胃口；挑食；反复呕吐；弓背或拒绝触碰腹部；食欲下降；持续呕吐和腹痛可见于胰腺、胃肠异物等多种疾病；需要及时排除危及生命的问题；无法饮水；腹部明显膨大；虚弱倒地或呕血。,"[{""source_id"":""DOI-10.3390-ani12121581"",""title"":""Risk Factors and Clinical Presentation in Dogs with Increased Pancreatic Lipase Immunoreactivity Concentrations"",""url"":""https://www.mdpi.com/2076-2615/12/12/1581"",""license"":""CC BY 4.0"",""page_or_section"":""Abstract"",""verification_status"":""source_identity_license_and_locator_verified_2026-08-12; veterinary_claim_review_pending"",""support_note"":""中文内容为保守概括；来源用于支持主题、物种和风险边界，不代表个体诊断。"",""change_note"":""已在 v1.4 核对来源身份、商业许可、题名和定位；未逐字复制。""}]",Only verified CC BY/CC0 evidence is retained; attribution and change notices are mandatory.,true,phrase_expansion_and_new_cards_applied_v1_7,blocked_pending_mainland_China_licensed_veterinarian_review,true,test,false,d3011d7c85792c2ce1e4c5424f8f08f725e1264ba21e1342652d3e893358fd96
MVP-INF-001,1.8.0-open-mvp-retrieval-and-safety-repair-draft,zh-CN,未完成免疫幼犬突然呕吐腹泻,"[""dog""]",infectious,common_disease_health_education_and_triage,,"[""幼犬又吐又拉"",""小狗可能得细小"",""拉肚子""]","[""急性呕吐"",""腹泻可能带血"",""食欲和精神下降""]","[""犬细小病毒可引起急性胃肠炎，幼犬和免疫不全犬风险更高"",""仅凭便血不能确诊但需要尽快检测和支持治疗""]","[""是否频繁呕吐，甚至喝水也吐？"",""腹泻是否带血或呈番茄酱样？"",""精神是否明显变差、虚弱或站立不稳？""]",尽快就医并与其他犬隔离；明显虚弱、持续呕吐或血样腹泻按急症处理；若出现上述任一红旗表现，请立即就医或急诊。,"[""频繁呕吐"",""血样腹泻"",""明显脱水或虚弱""]",未完成免疫幼犬突然呕吐腹泻；幼犬又吐又拉；小狗可能得细小；拉肚子；急性呕吐；腹泻可能带血；食欲和精神下降；犬细小病毒可引起急性胃肠炎，幼犬和免疫不全犬风险更高；仅凭便血不能确诊但需要尽快检测和支持治疗；频繁呕吐；血样腹泻；明显脱水或虚弱。,"[{""source_id"":""DOI-10.3390-microorganisms13010047"",""title"":""Overview of Recent Advances in Canine Parvovirus Research"",""url"":""https://www.mdpi.com/2076-2607/13/1/47"",""license"":""CC BY 4.0"",""page_or_section"":""Abstract"",""verification_status"":""source_identity_license_and_locator_verified_2026-08-12; veterinary_claim_review_pending"",""support_note"":""中文内容为保守概括；来源用于支持主题、物种和风险边界，不代表个体诊断。"",""change_note"":""已在 v1.4 核对来源身份、商业许可、题名和定位；未逐字复制。""}]",Only verified CC BY/CC0 evidence is retained; attribution and change notices are mandatory.,true,phrase_expansion_and_new_cards_applied_v1_7,blocked_pending_mainland_China_licensed_veterinarian_review,true,test,false,b220839abe56786e0670e47e235c0cea4951f6e54400fa8987bf3fcec2716200
MVP-INF-002,1.8.0-open-mvp-retrieval-and-safety-repair-draft,zh-CN,犬细小病毒的家庭隔离注意,"[""dog""]",infectious,common_disease_health_education_and_triage,,"[""怀疑细小要隔离吗"",""家里还有别的狗""]","[""呕吐腹泻的未免疫或幼龄犬""]","[""犬细小病毒具有传染性并能污染环境"",""疑似病例应严格隔离，避免与其他犬直接或间接接触，并提前通知接诊医院""]","[""病犬当前是否出现血便、持续呕吐或明显虚弱等紧急症状？"",""家中其他犬是否已出现呕吐、腹泻或精神变差等症状？"",""是否已提前联系接诊医院并告知怀疑细小病毒感染？""]",立即将疑似犬与其他犬分开，单独使用食盆和排泄区域；避免接触粪便和呕吐物，并用对细小病毒有效的消毒剂（如稀释漂白水）清洁污染区域。提前通知接诊医院，同时记录症状出现时间、频率、饮水、食欲和活动变化，尽快由兽医判断。出现任一红旗表现时应立即就医或急诊，不要仅凭本卡自行确诊或用药。,"[""病犬持续呕吐或虚弱"",""其他幼犬开始出现症状"",""血便或出血性腹泻"",""明显嗜睡或精神沉郁"",""无法进水或明显脱水"",""虚脱"",""体温过高或过低""]",犬细小病毒的家庭隔离注意；怀疑细小要隔离吗；家里还有别的狗；呕吐腹泻的未免疫或幼龄犬；犬细小病毒具有传染性并能污染环境；疑似病例应严格隔离，避免与其他犬直接或间接接触，并提前通知接诊医院；病犬持续呕吐或虚弱；其他幼犬开始出现症状；血便或出血性腹泻；明显嗜睡或精神沉郁；无法进水或明显脱水；虚脱；体温过高或过低。,"[{""source_id"":""DOI-10.3390-microorganisms13010047"",""title"":""Overview of Recent Advances in Canine Parvovirus Research"",""url"":""https://www.mdpi.com/2076-2607/13/1/47"",""license"":""CC BY 4.0"",""page_or_section"":""Abstract"",""verification_status"":""source_identity_license_and_locator_verified_2026-08-12; veterinary_claim_review_pending"",""support_note"":""中文内容为保守概括；来源用于支持主题、物种和风险边界，不代表个体诊断。"",""change_note"":""已在 v1.4 核对来源身份、商业许可、题名和定位；未逐字复制。""}]",Only verified CC BY/CC0 evidence is retained; attribution and change notices are mandatory.,true,phrase_expansion_and_new_cards_applied_v1_7,blocked_pending_mainland_China_licensed_veterinarian_review,true,test,false,b41054f60160a851f9024caba221073517a2d32948fb974544a349f872b30215
MVP-INF-003,1.8.0-open-mvp-retrieval-and-safety-repair-draft,zh-CN,幼犬疫苗未完成时的高风险接触,"[""dog""]",infectious,common_disease_health_education_and_triage,,"[""幼犬没打完疫苗能出门吗"",""接触病狗怎么办"",""打针""]","[""呕吐"",""腹泻"",""精神下降或活动减少"",""食欲下降"",""饮水减少""]","[""免疫未完成的幼犬对犬细小等感染风险更高"",""风险管理应结合当地流行情况和兽医疫苗计划""]","[""现在精神和活动状态是否明显变差或虚弱？"",""目前有没有呕吐？"",""目前有没有腹泻？""]",记录症状出现时间、频率、饮水、食欲和活动变化，尽快由兽医结合体检及必要检查判断；不要仅凭本卡自行确诊或用药。若出现呕吐、腹泻、精神下降或明显虚弱中的任一红旗表现，应立即就医或急诊。,"[""呕吐"",""腹泻"",""精神下降或明显虚弱""]",幼犬疫苗未完成时的高风险接触；幼犬没打完疫苗能出门吗；接触病狗怎么办；打针；呕吐；腹泻；精神下降或活动减少；食欲下降；饮水减少；免疫未完成的幼犬对犬细小等感染风险更高；风险管理应结合当地流行情况和兽医疫苗计划；精神下降或明显虚弱。,"[{""source_id"":""DOI-10.3390-microorganisms13010047"",""title"":""Overview of Recent Advances in Canine Parvovirus Research"",""url"":""https://www.mdpi.com/2076-2607/13/1/47"",""license"":""CC BY 4.0"",""page_or_section"":""Abstract"",""verification_status"":""source_identity_license_and_locator_verified_2026-08-12; veterinary_claim_review_pending"",""support_note"":""中文内容为保守概括；来源用于支持主题、物种和风险边界，不代表个体诊断。"",""change_note"":""已在 v1.4 核对来源身份、商业许可、题名和定位；未逐字复制。""}]",Only verified CC BY/CC0 evidence is retained; attribution and change notices are mandatory.,true,phrase_expansion_and_new_cards_applied_v1_7,blocked_pending_mainland_China_licensed_veterinarian_review,true,test,false,a2551e7fcd7d729a5d2ce3e15ab949b93747a24c8eab2ae9ab1eb14d5b51bb06
MVP-INF-004,1.8.0-open-mvp-retrieval-and-safety-repair-draft,zh-CN,幼猫突然发热、呕吐和严重腹泻,"[""cat""]",infectious,common_disease_health_education_and_triage,,"[""幼猫又吐又拉没精神"",""猫瘟有什么表现""]","[""发热或体温异常"",""呕吐"",""腹泻"",""明显精神差""]","[""猫泛白细胞减少症可引起严重全身和胃肠症状，幼猫风险更高"",""需要检测和临床检查确认""]","[""它现在是否明显虚弱、站不稳或倒地？"",""它是否持续呕吐，完全无法喝水？"",""它有没有接种过猫瘟疫苗？""]",立即与其他猫隔离并尽快就医；明显虚弱或无法饮水按急症处理；若出现上述任一红旗表现，请立即就医或急诊。,"[""明显虚弱"",""持续呕吐无法饮水"",""体温异常或倒地""]",幼猫突然发热、呕吐和严重腹泻；幼猫又吐又拉没精神；猫瘟有什么表现；发热或体温异常；呕吐；腹泻；明显精神差；猫泛白细胞减少症可引起严重全身和胃肠症状，幼猫风险更高；需要检测和临床检查确认；明显虚弱；持续呕吐无法饮水；体温异常或倒地。,"[{""source_id"":""PMC9227120"",""title"":""Feline Panleukopenia Outbreaks and Risk Factors in Cats in Animal Shelters"",""url"":""https://pmc.ncbi.nlm.nih.gov/articles/PMC9227120/"",""license"":""CC BY 4.0"",""page_or_section"":""Abstract"",""verification_status"":""source_identity_license_and_locator_verified_2026-08-12; veterinary_claim_review_pending"",""support_note"":""中文内容为保守概括；来源用于支持主题、物种和风险边界，不代表个体诊断。"",""change_note"":""已在 v1.4 核对来源身份、商业许可、题名和定位；未逐字复制。""}]",Only verified CC BY/CC0 evidence is retained; attribution and change notices are mandatory.,true,phrase_expansion_and_new_cards_applied_v1_7,blocked_pending_mainland_China_licensed_veterinarian_review,true,test,false,c866c24c16934d7a8edf143046a5a37dd827a940cd2c96dbbc82b494b17c15de
MVP-INF-005,1.8.0-open-mvp-retrieval-and-safety-repair-draft,zh-CN,新领养猫什么时候考虑FeLV/FIV检测,"[""cat""]",infectious,common_disease_health_education_and_triage,,"[""新猫要查猫白血病吗"",""新猫需要查猫艾滋吗"",""抽筋"",""倒地抽"",""变瘦了""]","[""可能没有症状""]","[""FeLV和FIV感染可以在无明显症状时存在"",""是否检测及复检应结合来源、年龄、暴露风险和兽医建议""]","[""猫咪目前是否有持续发热、严重虚弱、呼吸困难、抽搐或显著消瘦等红旗表现？"",""猫咪是否有外出史或与其他猫打斗史？"",""猫咪是否会与其他猫共同生活？""]",新猫首次兽医检查时建议进行 FeLV/FIV 检测，尤其多猫家庭、来源不明、有外出或打斗史；若已有异常症状，记录变化并尽快就医；出现任一红旗表现时，立即就医或急诊。不要仅凭本卡自行确诊或用药。,"[""持续发热或严重虚弱"",""贫血样牙龈苍白"",""呼吸困难"",""抽搐或共济失调"",""显著消瘦/体重下降"",""反复或慢性感染""]",新领养猫什么时候考虑FeLV/FIV检测；新猫要查猫白血病吗；新猫需要查猫艾滋吗；抽筋；倒地抽；变瘦了；可能没有症状；FeLV和FIV感染可以在无明显症状时存在；是否检测及复检应结合来源、年龄、暴露风险和兽医建议；持续发热或严重虚弱；贫血样牙龈苍白；呼吸困难；抽搐或共济失调；显著消瘦/体重下降；反复或慢性感染。,"[{""source_id"":""DOI-10.3390-v4112684"",""title"":""Clinical Aspects of Feline Retroviruses: A Review"",""url"":""https://www.mdpi.com/1999-4915/4/11/2684"",""license"":""CC BY 3.0"",""page_or_section"":""Abstract"",""verification_status"":""source_identity_license_and_locator_verified_2026-08-12; veterinary_claim_review_pending"",""support_note"":""中文内容为保守概括；来源用于支持主题、物种和风险边界，不代表个体诊断。"",""change_note"":""已在 v1.4 核对来源身份、商业许可、题名和定位；未逐字复制。""}]",Only verified CC BY/CC0 evidence is retained; attribution and change notices are mandatory.,true,phrase_expansion_and_new_cards_applied_v1_7,blocked_pending_mainland_China_licensed_veterinarian_review,true,test,false,f54b76a7965e4694d57eed97774e87d999c57983c93279d2320ed2e27d363cc8
MVP-INF-006,1.8.0-open-mvp-retrieval-and-safety-repair-draft,zh-CN,猫白血病病毒感染可能表现很不典型,"[""cat""]",infectious,common_disease_health_education_and_triage,,"[""FeLV猫有什么表现"",""猫总是生病是不是白血病""]","[""反复感染"",""体重下降"",""食欲和精神下降"",""牙龈可能苍白""]","[""FeLV相关临床表现可以涉及贫血、免疫抑制和肿瘤等多个方面"",""症状不能替代病毒检测""]","[""猫目前是否出现呼吸困难、明显牙龈苍白、持续高热或倒地等紧急表现？"",""猫是否做过FeLV检测？"",""猫是否与确诊FeLV阳性的猫接触过？""]",若猫出现任一红旗表现（明显牙龈苍白、呼吸困难、持续高热或倒地），请立即带猫前往急诊就医；无这些红旗表现时，可记录症状出现时间、频率、饮水、食欲和活动变化，并尽快预约兽医检查；不要仅凭本卡自行确诊或用药。,"[""明显牙龈苍白"",""呼吸困难"",""持续高热或倒地""]",猫白血病病毒感染可能表现很不典型；FeLV猫有什么表现；猫总是生病是不是白血病；反复感染；体重下降；食欲和精神下降；牙龈可能苍白；FeLV相关临床表现可以涉及贫血、免疫抑制和肿瘤等多个方面；症状不能替代病毒检测；明显牙龈苍白；呼吸困难；持续高热或倒地。,"[{""source_id"":""DOI-10.3390-ani14071051"",""title"":""Epidemiological Insights into Feline Leukemia Virus Infection"",""url"":""https://www.mdpi.com/2076-2615/14/7/1051"",""license"":""CC BY 4.0"",""page_or_section"":""Abstract"",""verification_status"":""source_identity_license_and_locator_verified_2026-08-12; veterinary_claim_review_pending"",""support_note"":""中文内容为保守概括；来源用于支持主题、物种和风险边界，不代表个体诊断。"",""change_note"":""已在 v1.4 核对来源身份、商业许可、题名和定位；未逐字复制。""}]",Only verified CC BY/CC0 evidence is retained; attribution and change notices are mandatory.,true,phrase_expansion_and_new_cards_applied_v1_7,blocked_pending_mainland_China_licensed_veterinarian_review,true,test,false,f7a54d49337dd45429363394d8dc6eb21e6154291cdecc4938bf96fba46564a7
MVP-INF-007,1.8.0-open-mvp-retrieval-and-safety-repair-draft,zh-CN,猫打斗和FIV暴露风险,"[""cat""]",infectious,common_disease_health_education_and_triage,,"[""猫打架会得猫艾滋吗"",""被外面的猫咬了""]","[""伤口局部红肿、流脓或形成脓肿"",""发热"",""跛行或不愿活动"",""精神萎靡、食欲下降""]","[""FIV主要与咬伤等血液暴露相关"",""一次检测的解释与暴露时间和猫龄有关，应由兽医安排""]","[""打斗/咬伤发生在什么时候？"",""对方猫的健康状况是否已知（如 FIV/FeLV 状态）？"",""伤口在什么位置、有多深？""]",记录症状出现时间、频率、饮水、食欲和活动变化，尽快由兽医结合体检及必要检查判断；不要仅凭本卡自行确诊或用药。若出现任一红旗（咬伤累及胸腹、持续出血、发热虚弱或伤口迅速肿胀），应立即就医或急诊。,"[""咬伤累及胸腹"",""持续出血"",""发热虚弱或伤口迅速肿胀""]",猫打斗和FIV暴露风险；猫打架会得猫艾滋吗；被外面的猫咬了；伤口局部红肿、流脓或形成脓肿；发热；跛行或不愿活动；精神萎靡、食欲下降；FIV主要与咬伤等血液暴露相关；一次检测的解释与暴露时间和猫龄有关，应由兽医安排；咬伤累及胸腹；持续出血；发热虚弱或伤口迅速肿胀。,"[{""source_id"":""DOI-10.3390-v4112684"",""title"":""Clinical Aspects of Feline Retroviruses: A Review"",""url"":""https://www.mdpi.com/1999-4915/4/11/2684"",""license"":""CC BY 3.0"",""page_or_section"":""Abstract"",""verification_status"":""source_identity_license_and_locator_verified_2026-08-12; veterinary_claim_review_pending"",""support_note"":""中文内容为保守概括；来源用于支持主题、物种和风险边界，不代表个体诊断。"",""change_note"":""已在 v1.4 核对来源身份、商业许可、题名和定位；未逐字复制。""}]",Only verified CC BY/CC0 evidence is retained; attribution and change notices are mandatory.,true,phrase_expansion_and_new_cards_applied_v1_7,blocked_pending_mainland_China_licensed_veterinarian_review,true,test,false,c5d791f4812bbd14f1cbde3a6056d1301d7887a48e1e5f8c531a09b3b64818d3
MVP-INF-008,1.8.0-open-mvp-retrieval-and-safety-repair-draft,zh-CN,不能根据外观判断猫是否感染FeLV或FIV,"[""cat""]",infectious,common_disease_health_education_and_triage,,"[""看起来健康会有猫白血病吗"",""猫艾滋能看出来吗""]","[""外观可能完全正常""]","[""FeLV或FIV感染猫可能在一段时间内无明显症状"",""确诊依赖恰当检测及必要时复核""]","[""猫咪是否为新领养、外出或来源/接触史不明？"",""猫咪是否与确诊或可能感染 FeLV/FIV 的猫（如流浪猫、户外猫）共同生活，或与未知感染状况的猫有过咬伤/打架？"",""猫咪最近一次 FeLV/FIV 检测结果是什么？""]",出现任一红旗表现（持续发热、明显消瘦、反复感染或牙龈苍白）应立即就医或急诊；记录症状出现时间、频率、饮水、食欲和活动变化，尽快由兽医结合体检及必要检查判断；不要仅凭本卡自行确诊或用药。,"[""持续发热"",""明显消瘦"",""反复感染或牙龈苍白""]",不能根据外观判断猫是否感染FeLV或FIV；看起来健康会有猫白血病吗；猫艾滋能看出来吗；外观可能完全正常；FeLV或FIV感染猫可能在一段时间内无明显症状；确诊依赖恰当检测及必要时复核；持续发热；明显消瘦；反复感染或牙龈苍白。,"[{""source_id"":""DOI-10.3390-v4112684"",""title"":""Clinical Aspects of Feline Retroviruses: A Review"",""url"":""https://www.mdpi.com/1999-4915/4/11/2684"",""license"":""CC BY 3.0"",""page_or_section"":""Abstract"",""verification_status"":""source_identity_license_and_locator_verified_2026-08-12; veterinary_claim_review_pending"",""support_note"":""中文内容为保守概括；来源用于支持主题、物种和风险边界，不代表个体诊断。"",""change_note"":""已在 v1.4 核对来源身份、商业许可、题名和定位；未逐字复制。""}]",Only verified CC BY/CC0 evidence is retained; attribution and change notices are mandatory.,true,phrase_expansion_and_new_cards_applied_v1_7,blocked_pending_mainland_China_licensed_veterinarian_review,true,test,false,cc71105723a6b1beaab0e4cf1860f7aafea5a61c74ff0aacab6ffdc5cb497e64
MVP-INF-009,1.8.0-open-mvp-retrieval-and-safety-repair-draft,zh-CN,犬发热呕吐并出现黄疸,"[""dog""]",infectious,common_disease_health_education_and_triage,,"[""狗发烧吐还黄"",""狗会不会钩端螺旋体"",""不吃东西"",""没胃口"",""挑食""]","[""发热/体温升高"",""食欲下降"",""呕吐"",""精神差"",""可能黄疸""]","[""犬钩端螺旋体病可影响肾脏和肝脏且表现多样"",""属于需要及时就医评估的人畜共患病""]","[""最近是否接触过积水、鼠类或野生动物？"",""狗狗是否按时接种过钩端螺旋体疫苗？"",""尿液颜色是否明显变深或呈茶色？""]",尽快就医并告知可能的环境暴露；处理尿液时注意手卫生，避免儿童和免疫低下者接触。出现任一红旗（黄疸伴虚弱、尿量减少、反复呕吐或出血）应立即急诊就医。,"[""黄疸伴虚弱"",""尿量减少"",""反复呕吐或出血""]",犬发热呕吐并出现黄疸；狗发烧吐还黄；狗会不会钩端螺旋体；不吃东西；没胃口；挑食；发热/体温升高；食欲下降；呕吐；精神差；可能黄疸；犬钩端螺旋体病可影响肾脏和肝脏且表现多样；属于需要及时就医评估的人畜共患病；黄疸伴虚弱；尿量减少；反复呕吐或出血。,"[{""source_id"":""DOI-10.3390-ani11123405"",""title"":""Risk and Predictive Factors of Leptospirosis in Dogs"",""url"":""https://www.mdpi.com/2076-2615/11/12/3405"",""license"":""CC BY 4.0"",""page_or_section"":""Abstract"",""verification_status"":""source_identity_license_and_locator_verified_2026-08-12; veterinary_claim_review_pending"",""support_note"":""中文内容为保守概括；来源用于支持主题、物种和风险边界，不代表个体诊断。"",""change_note"":""已在 v1.4 核对来源身份、商业许可、题名和定位；未逐字复制。""}]",Only verified CC BY/CC0 evidence is retained; attribution and change notices are mandatory.,true,phrase_expansion_and_new_cards_applied_v1_7,blocked_pending_mainland_China_licensed_veterinarian_review,true,test,false,cdf2ddef575c671d711b1e6f6c0c808115348ff6cb4b5eaa937c0580c334e85d
MVP-INF-010,1.8.0-open-mvp-retrieval-and-safety-repair-draft,zh-CN,疑似钩端螺旋体病时的家庭防护,"[""dog""]",infectious,common_disease_health_education_and_triage,,"[""狗钩体会传人吗"",""狗尿要怎么处理"",""眼白发黄"",""皮肤发黄""]","[""犬出现疑似感染且可能有尿液暴露""]","[""钩端螺旋体病具有人宠共同健康意义"",""确诊和具体消毒隔离措施应遵循兽医及当地公共卫生建议""]","[""接触犬或尿液后，您或家人是否出现发热、乏力、头痛等不适？"",""犬是否出现尿量减少、皮肤黄疸、虚弱或精神萎靡？"",""犬只是否已由兽医确诊为钩端螺旋体病，还是仅疑似？""]",记录症状出现时间、频率、饮水、食欲和活动变化，尽快由兽医结合体检及必要检查判断；不要仅凭本卡自行确诊或用药；若出现上述任一红旗表现，请立即就医或急诊。,"[""人出现发热等不适"",""犬尿量减少、黄疸或虚弱""]",疑似钩端螺旋体病时的家庭防护；狗钩体会传人吗；狗尿要怎么处理；眼白发黄；皮肤发黄；犬出现疑似感染且可能有尿液暴露；钩端螺旋体病具有人宠共同健康意义；确诊和具体消毒隔离措施应遵循兽医及当地公共卫生建议；人出现发热等不适；犬尿量减少、黄疸或虚弱。,"[{""source_id"":""DOI-10.3390-ani11123405"",""title"":""Risk and Predictive Factors of Leptospirosis in Dogs"",""url"":""https://www.mdpi.com/2076-2615/11/12/3405"",""license"":""CC BY 4.0"",""page_or_section"":""Abstract"",""verification_status"":""source_identity_license_and_locator_verified_2026-08-12; veterinary_claim_review_pending"",""support_note"":""中文内容为保守概括；来源用于支持主题、物种和风险边界，不代表个体诊断。"",""change_note"":""已在 v1.4 核对来源身份、商业许可、题名和定位；未逐字复制。""}]",Only verified CC BY/CC0 evidence is retained; attribution and change notices are mandatory.,true,phrase_expansion_and_new_cards_applied_v1_7,blocked_pending_mainland_China_licensed_veterinarian_review,true,test,false,313b03a4e4eb003a2249163cdfa48e190db47d81a93b3e5a5f21bfa5fe6fda04
MVP-RESP-004,1.8.0-open-mvp-retrieval-and-safety-repair-draft,zh-CN,猫反复咳嗽或喘鸣可能与哮喘有关,"[""cat""]",respiratory,common_disease_health_education_and_triage,,"[""猫像咳毛一样一直咳"",""猫喘鸣""]","[""反复咳嗽"",""喘鸣"",""可能蹲伏伸颈呼吸""]","[""猫哮喘可出现咳嗽和喘鸣"",""心脏病、感染和其他气道疾病也可能相似""]","[""每次咳嗽或喘鸣发作大约持续多久？"",""咳嗽或喘鸣大概多久发作一次？"",""最近家中是否有烟雾、香薰或粉尘暴露？""]",记录症状出现时间、频率、饮水、食欲和活动变化；若出现任一红旗（张口呼吸、牙龈发灰发紫、发作持续不缓解），应立即就医或急诊。不要仅凭本卡自行确诊或用药。,"[""张口呼吸"",""牙龈发灰发紫"",""发作持续不缓解""]",猫反复咳嗽或喘鸣可能与哮喘有关；猫像咳毛一样一直咳；猫喘鸣；反复咳嗽；喘鸣；可能蹲伏伸颈呼吸；猫哮喘可出现咳嗽和喘鸣；心脏病、感染和其他气道疾病也可能相似；张口呼吸；牙龈发灰发紫；发作持续不缓解。,"[{""source_id"":""PMC9492960"",""title"":""Respiratory dysbiosis in cats with spontaneous allergic asthma"",""url"":""https://pmc.ncbi.nlm.nih.gov/articles/PMC9492960/"",""license"":""CC BY 4.0"",""page_or_section"":""Abstract"",""verification_status"":""source_identity_license_and_locator_verified_2026-08-12; veterinary_claim_review_pending"",""support_note"":""中文内容为保守概括；来源用于支持主题、物种和风险边界，不代表个体诊断。"",""change_note"":""已在 v1.4 核对来源身份、商业许可、题名和定位；未逐字复制。""}]",Only verified CC BY/CC0 evidence is retained; attribution and change notices are mandatory.,true,phrase_expansion_and_new_cards_applied_v1_7,blocked_pending_mainland_China_licensed_veterinarian_review,true,test,false,8a9a411247ac475fca56be933ca3b866b3e178a2625ea8dfd7b746257bc06051
MVP-RESP-005,1.8.0-open-mvp-retrieval-and-safety-repair-draft,zh-CN,猫哮喘样发作时不能只等拍视频,"[""cat""]",respiratory,common_disease_health_education_and_triage,,"[""猫喘得厉害要不要先录像"",""猫呼吸急促""]","[""呼吸快速或用力"",""可能咳嗽喘鸣""]","[""猫呼吸困难病因多样且可能迅速恶化"",""影像记录不能延误就医""]","[""猫咪现在是否张口呼吸？"",""牙龈或舌头颜色是否发紫、发白或苍白？"",""是否无法安静卧下或已经倒地？""]",尽量减少应激并立即前往急诊；不要为了继续录像或等待更多表现而延迟。,"[""张口呼吸"",""牙龈变色"",""倒地或无法安静""]",猫哮喘样发作时不能只等拍视频；猫喘得厉害要不要先录像；猫呼吸急促；呼吸快速或用力；可能咳嗽喘鸣；猫呼吸困难病因多样且可能迅速恶化；影像记录不能延误就医；张口呼吸；牙龈变色；倒地或无法安静。,"[{""source_id"":""PMC11946846"",""title"":""Emergency Dyspnea in 258 Cats: Insights from the French RAPID CAT Study"",""url"":""https://pmc.ncbi.nlm.nih.gov/articles/PMC11946846/"",""license"":""CC BY 4.0"",""page_or_section"":""Abstract"",""verification_status"":""source_identity_license_and_locator_verified_2026-08-12; veterinary_claim_review_pending"",""support_note"":""中文内容为保守概括；来源用于支持主题、物种和风险边界，不代表个体诊断。"",""change_note"":""已在 v1.4 核对来源身份、商业许可、题名和定位；未逐字复制。""}]",Only verified CC BY/CC0 evidence is retained; attribution and change notices are mandatory.,true,phrase_expansion_and_new_cards_applied_v1_7,blocked_pending_mainland_China_licensed_veterinarian_review,true,test,false,9870db012f2fbfe1b6ffdf97c6ca119130452d1a03c59b96329aae7046c29d2e
MVP-RESP-006,1.8.0-open-mvp-retrieval-and-safety-repair-draft,zh-CN,短头犬长期打鼾和呼吸噪音不是完全正常,"[""dog""]",respiratory,common_disease_health_education_and_triage,,"[""法斗打呼噜正常吗"",""巴哥呼吸声音很大""]","[""清醒时也有明显呼吸噪音"",""打鼾"",""运动耐力差""]","[""短头犬阻塞性气道问题可表现为鼾声、喘鸣和运动不耐受"",""常见不代表没有健康影响""]","[""它是否在睡眠中突然惊醒？"",""它是否在睡眠中喘气？"",""它是否在睡眠中出现呼吸暂停？""]",若出现任一红旗（呼吸困难、牙龈发紫、晕厥或体温过高），应立即就医或急诊；若无红旗，记录症状出现时间、频率、饮水、食欲和活动变化，尽快由兽医结合体检及必要检查判断；不要仅凭本卡自行确诊或用药。,"[""呼吸困难"",""牙龈发紫"",""晕厥或体温过高""]",短头犬长期打鼾和呼吸噪音不是完全正常；法斗打呼噜正常吗；巴哥呼吸声音很大；清醒时也有明显呼吸噪音；打鼾；运动耐力差；短头犬阻塞性气道问题可表现为鼾声、喘鸣和运动不耐受；常见不代表没有健康影响；呼吸困难；牙龈发紫；晕厥或体温过高。,"[{""source_id"":""DOI-10.3390-ani9010003"",""title"":""Consequences and Management of Canine Brachycephaly in Veterinary Practice"",""url"":""https://www.mdpi.com/2076-2615/9/1/3"",""license"":""CC BY 4.0"",""page_or_section"":""Abstract"",""verification_status"":""source_identity_license_and_locator_verified_2026-08-12; veterinary_claim_review_pending"",""support_note"":""中文内容为保守概括；来源用于支持主题、物种和风险边界，不代表个体诊断。"",""change_note"":""已在 v1.4 核对来源身份、商业许可、题名和定位；未逐字复制。""}]",Only verified CC BY/CC0 evidence is retained; attribution and change notices are mandatory.,true,phrase_expansion_and_new_cards_applied_v1_7,blocked_pending_mainland_China_licensed_veterinarian_review,true,test,false,0284a0e20173e0b2c12d259a041ced20a0fc5753dfba65b60005648bb5029e3b
MVP-RESP-007,1.8.0-open-mvp-retrieval-and-safety-repair-draft,zh-CN,短头犬运动和高温耐受差,"[""dog""]",respiratory,common_disease_health_education_and_triage,,"[""法斗一运动就喘"",""短鼻狗怕热""]","[""轻微运动后过度喘气"",""恢复时间长"",""高温时更明显""]","[""短头犬气道阻力会影响散热和运动耐受"",""肥胖和高温可进一步增加风险""]","[""是否出现牙龈或舌头发紫？"",""是否曾因喘气晕厥？"",""喘气后恢复需要多久？""]",记录症状出现时间、频率、饮水、食欲和活动变化，尽快由兽医结合体检及必要检查判断；不要仅凭本卡自行确诊或用药；若出现上述任一红旗表现，请立即就医或急诊。,"[""体温过高"",""牙龈发紫"",""无法站立或持续呼吸困难""]",短头犬运动和高温耐受差；法斗一运动就喘；短鼻狗怕热；轻微运动后过度喘气；恢复时间长；高温时更明显；短头犬气道阻力会影响散热和运动耐受；肥胖和高温可进一步增加风险；体温过高；牙龈发紫；无法站立或持续呼吸困难。,"[{""source_id"":""DOI-10.3390-ani9010003"",""title"":""Consequences and Management of Canine Brachycephaly in Veterinary Practice"",""url"":""https://www.mdpi.com/2076-2615/9/1/3"",""license"":""CC BY 4.0"",""page_or_section"":""Abstract"",""verification_status"":""source_identity_license_and_locator_verified_2026-08-12; veterinary_claim_review_pending"",""support_note"":""中文内容为保守概括；来源用于支持主题、物种和风险边界，不代表个体诊断。"",""change_note"":""已在 v1.4 核对来源身份、商业许可、题名和定位；未逐字复制。""}]",Only verified CC BY/CC0 evidence is retained; attribution and change notices are mandatory.,true,phrase_expansion_and_new_cards_applied_v1_7,blocked_pending_mainland_China_licensed_veterinarian_review,true,test,false,0f1e74db8d9dc122b0dad8786d7b9bbe15754ad4f9502fa84a43ad55bc73f182
MVP-RESP-008,1.8.0-open-mvp-retrieval-and-safety-repair-draft,zh-CN,短头犬睡眠中出现憋气或频繁惊醒,"[""dog""]",respiratory,common_disease_health_education_and_triage,,"[""狗睡觉像憋住了"",""法斗睡觉总惊醒""]","[""睡眠呼吸噪音"",""疑似呼吸暂停"",""频繁变换姿势或惊醒""]","[""短头犬气道问题可能影响睡眠呼吸"",""需要兽医评估严重程度而不应仅视为品种习惯""]","[""睡觉憋气或惊醒时，牙龈或舌头是否发紫？"",""是否出现过叫不醒的情况？"",""白天清醒时是否也呼吸费力？""]",记录症状出现时间、频率、饮水、食欲和活动变化，尽快由兽医结合体检及必要检查判断；不要仅凭本卡自行确诊或用药；若出现上述任一红旗表现，请立即就医或急诊。,"[""持续呼吸困难"",""牙龈发紫"",""无法唤醒或倒地""]",短头犬睡眠中出现憋气或频繁惊醒；狗睡觉像憋住了；法斗睡觉总惊醒；睡眠呼吸噪音；疑似呼吸暂停；频繁变换姿势或惊醒；短头犬气道问题可能影响睡眠呼吸；需要兽医评估严重程度而不应仅视为品种习惯；持续呼吸困难；牙龈发紫；无法唤醒或倒地。,"[{""source_id"":""DOI-10.3390-ani9010003"",""title"":""Consequences and Management of Canine Brachycephaly in Veterinary Practice"",""url"":""https://www.mdpi.com/2076-2615/9/1/3"",""license"":""CC BY 4.0"",""page_or_section"":""Abstract"",""verification_status"":""source_identity_license_and_locator_verified_2026-08-12; veterinary_claim_review_pending"",""support_note"":""中文内容为保守概括；来源用于支持主题、物种和风险边界，不代表个体诊断。"",""change_note"":""已在 v1.4 核对来源身份、商业许可、题名和定位；未逐字复制。""}]",Only verified CC BY/CC0 evidence is retained; attribution and change notices are mandatory.,true,phrase_expansion_and_new_cards_applied_v1_7,blocked_pending_mainland_China_licensed_veterinarian_review,true,test,false,9ff42a5404d4db22e58ec13730d1e7b10ed16fc5c1aa7eedb0306dbacea0ceb4
MVP-RESP-009,1.8.0-open-mvp-retrieval-and-safety-repair-draft,zh-CN,猫呼吸困难的原因不能只按哮喘处理,"[""cat""]",respiratory,common_disease_health_education_and_triage,,"[""猫喘就是哮喘吗"",""猫呼吸很费力""]","[""呼吸频率或呼吸努力增加"",""可能躲藏和减少活动""]","[""猫急性呼吸困难可能由心脏、胸腔、肺部或气道等多种原因引起"",""家庭观察不能安全区分病因""]","[""猫咪之前是否被诊断过心脏问题或正在用心脏药？"",""呼吸困难是突然发生还是逐渐加重？"",""猫咪在安静或休息时是否也呼吸费力？""]",记录症状出现时间、频率、饮水、食欲和活动变化，尽快由兽医结合体检及必要检查判断；不要仅凭本卡自行确诊或用药。若出现张口呼吸、牙龈变色、倒地或极度虚弱等任一红旗，应立即就医或急诊。,"[""张口呼吸"",""牙龈变色"",""倒地或极度虚弱""]",猫呼吸困难的原因不能只按哮喘处理；猫喘就是哮喘吗；猫呼吸很费力；呼吸频率或呼吸努力增加；可能躲藏和减少活动；猫急性呼吸困难可能由心脏、胸腔、肺部或气道等多种原因引起；家庭观察不能安全区分病因；张口呼吸；牙龈变色；倒地或极度虚弱。,"[{""source_id"":""PMC11946846"",""title"":""Emergency Dyspnea in 258 Cats: Insights from the French RAPID CAT Study"",""url"":""https://pmc.ncbi.nlm.nih.gov/articles/PMC11946846/"",""license"":""CC BY 4.0"",""page_or_section"":""Abstract"",""verification_status"":""source_identity_license_and_locator_verified_2026-08-12; veterinary_claim_review_pending"",""support_note"":""中文内容为保守概括；来源用于支持主题、物种和风险边界，不代表个体诊断。"",""change_note"":""已在 v1.4 核对来源身份、商业许可、题名和定位；未逐字复制。""}]",Only verified CC BY/CC0 evidence is retained; attribution and change notices are mandatory.,true,phrase_expansion_and_new_cards_applied_v1_7,blocked_pending_mainland_China_licensed_veterinarian_review,true,test,false,060275a0bd14b3c146e864dc21f172acf8ef2900fdec0b13fa66dc72d9c959cb
MVP-RESP-010,1.8.0-open-mvp-retrieval-and-safety-repair-draft,zh-CN,如何记录犬的静息呼吸变化,"[""dog""]",respiratory,common_disease_health_education_and_triage,,"[""怎么数狗呼吸"",""狗睡觉呼吸多少算异常""]","[""安静睡眠时胸腹部起伏可被计数""]","[""与犬自身平时基线相比的持续变化很重要"",""计数结果不能替代对呼吸努力、牙龈颜色和整体状态的判断""]","[""测量前犬是否刚运动、兴奋或处于高温环境？"",""这次呼吸计数是否在犬真正睡眠或安静休息时进行？""]",记录症状出现时间、频率、饮水、食欲和活动变化；若出现任一红旗表现，应立即就医或急诊。尽快由兽医结合体检及必要检查判断；不要仅凭本卡自行确诊或用药。,"[""静息/睡眠呼吸频率持续超过 30 次/分钟；或较稳定基线持续增加 >30% 且超出正常范围，并在标准静息状态下复测仍持续升高（即使暂无其他体征，也应尽快联系兽医）"",""张口呼吸或明显用力"",""牙龈发灰发紫"",""无法舒适休息""]",如何记录犬的静息呼吸变化；怎么数狗呼吸；狗睡觉呼吸多少算异常；安静睡眠时胸腹部起伏可被计数；与犬自身平时基线相比的持续变化很重要；计数结果不能替代对呼吸努力、牙龈颜色和整体状态的判断；静息/睡眠呼吸频率持续超过 30 次/分钟；或较稳定基线持续增加 >30% 且超出正常范围，并在标准静息状态下复测仍持续升高（即使暂无其他体征，也应尽快联系兽医）；张口呼吸或明显用力；牙龈发灰发紫；无法舒适休息。,"[{""source_id"":""DOI-10.3390-ani12020209"",""title"":""Management of Chronic Congestive Heart Failure Caused by Myxomatous Mitral Valve Disease in Dogs"",""url"":""https://www.mdpi.com/2076-2615/12/2/209"",""license"":""CC BY 4.0"",""page_or_section"":""Abstract"",""verification_status"":""source_identity_license_and_locator_verified_2026-08-12; veterinary_claim_review_pending"",""support_note"":""中文内容为保守概括；来源用于支持主题、物种和风险边界，不代表个体诊断。"",""change_note"":""已在 v1.4 核对来源身份、商业许可、题名和定位；未逐字复制。""}]",Only verified CC BY/CC0 evidence is retained; attribution and change notices are mandatory.,true,phrase_expansion_and_new_cards_applied_v1_7,blocked_pending_mainland_China_licensed_veterinarian_review,true,test,false,2be41eab9de2860fe592f06d47063eb828e6160357e6b056b524b48ae221559d
MVP-REPRO-001,1.8.0-open-mvp-retrieval-and-safety-repair-draft,zh-CN,未绝育母犬发情后精神差并喝水增多,"[""dog""]",reproductive,common_disease_health_education_and_triage,,"[""母狗发情后不吃没精神"",""没绝育母狗喝水多""]","[""精神下降"",""食欲下降"",""多饮多尿"",""可能阴道分泌物""]","[""子宫蓄脓常发生于未绝育母犬并可从轻微表现进展为全身感染"",""发情后的异常变化需要及时检查""]","[""最近一次发情是什么时候结束的？"",""是否有阴道分泌物？什么颜色或性状？"",""是否出现虚弱或倒地？""]",当天尽快就医；伴虚弱、持续呕吐、腹痛或倒地时立即急诊。,"[""虚弱倒地"",""持续呕吐"",""腹部疼痛或明显膨大""]",未绝育母犬发情后精神差并喝水增多；母狗发情后不吃没精神；没绝育母狗喝水多；精神下降；食欲下降；多饮多尿；可能阴道分泌物；子宫蓄脓常发生于未绝育母犬并可从轻微表现进展为全身感染；发情后的异常变化需要及时检查；虚弱倒地；持续呕吐；腹部疼痛或明显膨大。,"[{""source_id"":""DOI-10.3390-ani13213310"",""title"":""Canine Pyometra: A Short Review of Current Advances"",""url"":""https://www.mdpi.com/2076-2615/13/21/3310"",""license"":""CC BY 4.0"",""page_or_section"":""Abstract"",""verification_status"":""source_identity_license_and_locator_verified_2026-08-12; veterinary_claim_review_pending"",""support_note"":""中文内容为保守概括；来源用于支持主题、物种和风险边界，不代表个体诊断。"",""change_note"":""已在 v1.4 核对来源身份、商业许可、题名和定位；未逐字复制。""}]",Only verified CC BY/CC0 evidence is retained; attribution and change notices are mandatory.,true,phrase_expansion_and_new_cards_applied_v1_7,blocked_pending_mainland_China_licensed_veterinarian_review,true,test,false,55e11433eda0d52b99c7ac6dfa43a7630e983bc96b7aa4ce6b22ddb2cbb778e3
MVP-REPRO-002,1.8.0-open-mvp-retrieval-and-safety-repair-draft,zh-CN,未绝育母犬出现脓性阴道分泌物,"[""dog""]",reproductive,common_disease_health_education_and_triage,,"[""母狗下面流脓"",""发情后有臭味分泌物""]","[""脓性或异常有味分泌物"",""可能多饮、食欲下降""]","[""开放型子宫蓄脓可出现阴道分泌物"",""也需排除阴道和泌尿系统问题""]","[""狗狗是否精神明显变差或虚弱无力？"",""狗狗是否呕吐？"",""狗狗是否有腹部疼痛表现（如弓背、抗拒触碰、哀叫）？""]",记录症状出现时间、频率、饮水、食欲和活动变化，尽快由兽医结合体检及必要检查判断；不要仅凭本卡自行确诊或用药；若出现上述任一红旗表现，请立即就医或急诊。,"[""精神明显下降"",""呕吐"",""腹部疼痛或虚弱""]",未绝育母犬出现脓性阴道分泌物；母狗下面流脓；发情后有臭味分泌物；脓性或异常有味分泌物；可能多饮、食欲下降；开放型子宫蓄脓可出现阴道分泌物；也需排除阴道和泌尿系统问题；精神明显下降；呕吐；腹部疼痛或虚弱。,"[{""source_id"":""DOI-10.3390-ani13213310"",""title"":""Canine Pyometra: A Short Review of Current Advances"",""url"":""https://www.mdpi.com/2076-2615/13/21/3310"",""license"":""CC BY 4.0"",""page_or_section"":""Abstract"",""verification_status"":""source_identity_license_and_locator_verified_2026-08-12; veterinary_claim_review_pending"",""support_note"":""中文内容为保守概括；来源用于支持主题、物种和风险边界，不代表个体诊断。"",""change_note"":""已在 v1.4 核对来源身份、商业许可、题名和定位；未逐字复制。""}]",Only verified CC BY/CC0 evidence is retained; attribution and change notices are mandatory.,true,phrase_expansion_and_new_cards_applied_v1_7,blocked_pending_mainland_China_licensed_veterinarian_review,true,test,false,943d89519d5bda2af4e817230e667065271d14d8b433d876f6fa6ab20344a349
MVP-REPRO-003,1.8.0-open-mvp-retrieval-and-safety-repair-draft,zh-CN,子宫蓄脓可能没有阴道分泌物,"[""dog""]",reproductive,common_disease_health_education_and_triage,,"[""母狗没流脓会有子宫蓄脓吗"",""没绝育母狗突然不吃""]","[""未绝育母犬精神和食欲下降"",""多饮多尿"",""腹部可能膨大但无分泌物""]","[""闭合型子宫蓄脓可能没有可见阴道分泌物"",""不能因为没有流脓就排除""]","[""最近一次发情是什么时候？"",""是否出现多饮多尿？"",""是否出现虚弱、倒地或精神反应极差？""]",记录症状出现时间、频率、饮水、食欲和活动变化，尽快由兽医结合体检及必要检查判断；不要仅凭本卡自行确诊或用药。出现任一红旗症状应立即就医或急诊。,"[""明显腹胀疼痛"",""持续呕吐"",""虚弱倒地""]",子宫蓄脓可能没有阴道分泌物；母狗没流脓会有子宫蓄脓吗；没绝育母狗突然不吃；未绝育母犬精神和食欲下降；多饮多尿；腹部可能膨大但无分泌物；闭合型子宫蓄脓可能没有可见阴道分泌物；不能因为没有流脓就排除；明显腹胀疼痛；持续呕吐；虚弱倒地。,"[{""source_id"":""DOI-10.3390-ani13213310"",""title"":""Canine Pyometra: A Short Review of Current Advances"",""url"":""https://www.mdpi.com/2076-2615/13/21/3310"",""license"":""CC BY 4.0"",""page_or_section"":""Abstract"",""verification_status"":""source_identity_license_and_locator_verified_2026-08-12; veterinary_claim_review_pending"",""support_note"":""中文内容为保守概括；来源用于支持主题、物种和风险边界，不代表个体诊断。"",""change_note"":""已在 v1.4 核对来源身份、商业许可、题名和定位；未逐字复制。""}]",Only verified CC BY/CC0 evidence is retained; attribution and change notices are mandatory.,true,phrase_expansion_and_new_cards_applied_v1_7,blocked_pending_mainland_China_licensed_veterinarian_review,true,test,false,9acd2da579360c6485d45400b63f6a03558095c148534e05aa3f9d413a4617a3
MVP-REPRO-004,1.8.0-open-mvp-retrieval-and-safety-repair-draft,zh-CN,未绝育母猫出现发热、分泌物或腹部异常,"[""cat""]",reproductive,common_disease_health_education_and_triage,,"[""母猫下面有分泌物"",""母猫没绝育突然不吃"",""母猫下面流脓了怎么办"",""猫没绝育最近总喝水尿也多，精神还不好"",""猫咪子宫蓄脓有什么表现""]","[""食欲下降"",""精神差"",""阴道分泌物或腹部异常"",""发热/直肠温度升高""]","[""未绝育母猫也可能发生子宫感染"",""症状缺乏特异性且可能没有明显分泌物""]","[""是否可能怀孕或近期有发情表现？"",""是否有阴道分泌物？"",""是否呕吐？""]",出现任一红旗（持续呕吐、腹部疼痛、明显虚弱或倒地、持续高热或体温过低、呼吸急促或困难）应立即就医或急诊；暂未出现时记录症状出现时间、频率、饮水、食欲和活动变化，尽快由兽医结合体检及必要检查判断；不要仅凭本卡自行确诊或用药。,"[""持续呕吐"",""腹部疼痛"",""明显虚弱或倒地"",""持续高热或体温过低（如直肠温度 >39.5°C 或 <37.5°C）"",""呼吸急促或困难""]",未绝育母猫出现发热、分泌物或腹部异常；母猫下面有分泌物；母猫没绝育突然不吃；母猫下面流脓了怎么办；猫没绝育最近总喝水尿也多，精神还不好；猫咪子宫蓄脓有什么表现；食欲下降；精神差；阴道分泌物或腹部异常；发热/直肠温度升高；未绝育母猫也可能发生子宫感染；症状缺乏特异性且可能没有明显分泌物；持续呕吐；腹部疼痛；明显虚弱或倒地；持续高热或体温过低（如直肠温度 >39.5°C 或 <37.5°C）；呼吸急促或困难。,"[{""source_id"":""PMC9608983"",""title"":""Effectiveness of a Modified Administration Protocol for the Medical Treatment of Feline Pyometra"",""url"":""https://pmc.ncbi.nlm.nih.gov/articles/PMC9608983/"",""license"":""CC BY 4.0"",""page_or_section"":""Abstract"",""verification_status"":""source_identity_license_and_locator_verified_2026-08-12; veterinary_claim_review_pending"",""support_note"":""中文内容为保守概括；来源用于支持主题、物种和风险边界，不代表个体诊断。"",""change_note"":""已在 v1.4 核对来源身份、商业许可、题名和定位；未逐字复制。""}]",Only verified CC BY/CC0 evidence is retained; attribution and change notices are mandatory.,true,phrase_expansion_and_new_cards_applied_v1_7,blocked_pending_mainland_China_licensed_veterinarian_review,true,test,false,bcda532bad4f357977511c963887006a2776d7e0cae757560e1cc070cfca85b2
MVP-DERM-008,1.8.0-open-mvp-retrieval-and-safety-repair-draft,zh-CN,猫狗出现圆形脱毛和皮屑,"[""cat"",""dog""]",dermatology,common_disease_health_education_and_triage,,"[""宠物身上圆形掉毛"",""猫狗像长癣"",""秃了一块"",""秃斑""]","[""局灶或多灶脱毛"",""皮屑"",""红斑或结痂""]","[""皮肤癣菌病可导致脱毛、鳞屑和红斑"",""细菌感染、寄生虫和过敏也可能相似""]","[""宠物是否会频繁抓挠、舔舐或摩擦皮肤？"",""脱毛或皮损范围是否在近几天内明显扩大？"",""近期是否新领养、寄养或接触过其他动物？""]",记录症状出现时间、频率、饮水、食欲和活动变化；若出现任一红旗（快速扩散并伴全身不适、眼周严重病变、幼龄动物明显虚弱），应立即就医或急诊。不要仅凭本卡自行确诊或用药，尽快由兽医结合体检及必要检查判断。,"[""快速扩散并伴全身不适"",""眼周严重病变"",""幼龄动物明显虚弱""]",猫狗出现圆形脱毛和皮屑；宠物身上圆形掉毛；猫狗像长癣；秃了一块；秃斑；局灶或多灶脱毛；皮屑；红斑或结痂；皮肤癣菌病可导致脱毛、鳞屑和红斑；细菌感染、寄生虫和过敏也可能相似；快速扩散并伴全身不适；眼周严重病变；幼龄动物明显虚弱。,"[{""source_id"":""DOI-10.3390-microorganisms12081727"",""title"":""Dermatophytosis in Companion Animals in Portugal"",""url"":""https://www.mdpi.com/2076-2607/12/8/1727"",""license"":""CC BY 4.0"",""page_or_section"":""Abstract"",""verification_status"":""source_identity_license_and_locator_verified_2026-08-12; veterinary_claim_review_pending"",""support_note"":""中文内容为保守概括；来源用于支持主题、物种和风险边界，不代表个体诊断。"",""change_note"":""已在 v1.4 核对来源身份、商业许可、题名和定位；未逐字复制。""}]",Only verified CC BY/CC0 evidence is retained; attribution and change notices are mandatory.,true,phrase_expansion_and_new_cards_applied_v1_7,blocked_pending_mainland_China_licensed_veterinarian_review,true,test,false,111f26bac21d80ad422b4d7d9b55d8a558b014516c3ce858a475b4d4c5e71bf5
MVP-DERM-009,1.8.0-open-mvp-retrieval-and-safety-repair-draft,zh-CN,疑似宠物皮肤癣菌病需要注意人宠传播,"[""cat"",""dog""]",dermatology,common_disease_health_education_and_triage,,"[""猫癣会传人吗"",""狗癣家里怎么防"",""猫藓"",""长癣"",""掉皮屑""]","[""宠物出现脱毛、鳞屑或结痂"",""家庭成员可能出现皮损""]","[""皮肤癣菌病具有人宠共同健康意义"",""确诊后环境和接触管理应遵循兽医及医生建议""]","[""家庭成员中是否有儿童、老人或免疫低下者？"",""家庭成员是否已出现皮肤红斑、脱屑、瘙痒或环形皮损？"",""家中是否还有其他宠物，或宠物是否与其他动物有接触？""]",记录症状出现时间、频率、饮水、食欲和活动变化，尽快由兽医结合体检及必要检查判断；不要仅凭本卡自行确诊或用药；若出现上述任一红旗表现，请立即就医或急诊。,"[""人出现快速扩散或严重皮损"",""宠物出现广泛病变或全身不适""]",疑似宠物皮肤癣菌病需要注意人宠传播；猫癣会传人吗；狗癣家里怎么防；猫藓；长癣；掉皮屑；宠物出现脱毛、鳞屑或结痂；家庭成员可能出现皮损；皮肤癣菌病具有人宠共同健康意义；确诊后环境和接触管理应遵循兽医及医生建议；人出现快速扩散或严重皮损；宠物出现广泛病变或全身不适。,"[{""source_id"":""DOI-10.3390-microorganisms12081727"",""title"":""Dermatophytosis in Companion Animals in Portugal"",""url"":""https://www.mdpi.com/2076-2607/12/8/1727"",""license"":""CC BY 4.0"",""page_or_section"":""Abstract"",""verification_status"":""source_identity_license_and_locator_verified_2026-08-12; veterinary_claim_review_pending"",""support_note"":""中文内容为保守概括；来源用于支持主题、物种和风险边界，不代表个体诊断。"",""change_note"":""已在 v1.4 核对来源身份、商业许可、题名和定位；未逐字复制。""}]",Only verified CC BY/CC0 evidence is retained; attribution and change notices are mandatory.,true,phrase_expansion_and_new_cards_applied_v1_7,blocked_pending_mainland_China_licensed_veterinarian_review,true,test,false,fb89c975104366156075650a1c1582c3416bbc9502deb308b6804a5464c64c3a
MVP-DERM-010,1.8.0-open-mvp-retrieval-and-safety-repair-draft,zh-CN,不能只凭照片确定猫癣或狗癣,"[""cat"",""dog""]",dermatology,common_disease_health_education_and_triage,,"[""看照片能确定猫癣吗"",""圆形掉毛一定是真菌吗"",""猫藓"",""长癣"",""掉皮屑"",""秃了一块"",""秃斑""]","[""圆形或不规则脱毛"",""皮屑或结痂""]","[""皮肤癣菌病外观变化较大且可与多种皮肤病相似"",""可能需要伍德灯、毛发或真菌相关检查""]","[""宠物是否有频繁抓挠或舔舐病灶的瘙痒表现？"",""皮肤病灶范围是否在逐渐扩大？"",""家中其他宠物或家人是否也有类似皮肤问题？""]",记录症状出现时间、频率、饮水、食欲和活动变化，尽快由兽医结合体检及必要检查判断；不要仅凭本卡自行确诊或用药。若出现任一红旗（病变迅速扩散、伴发热虚弱、眼周或大面积破损），应立即就医或急诊。,"[""病变迅速扩散"",""伴发热虚弱"",""眼周或大面积破损""]",不能只凭照片确定猫癣或狗癣；看照片能确定猫癣吗；圆形掉毛一定是真菌吗；猫藓；长癣；掉皮屑；秃了一块；秃斑；圆形或不规则脱毛；皮屑或结痂；皮肤癣菌病外观变化较大且可与多种皮肤病相似；可能需要伍德灯、毛发或真菌相关检查；病变迅速扩散；伴发热虚弱；眼周或大面积破损。,"[{""source_id"":""DOI-10.3390-microorganisms12081727"",""title"":""Dermatophytosis in Companion Animals in Portugal"",""url"":""https://www.mdpi.com/2076-2607/12/8/1727"",""license"":""CC BY 4.0"",""page_or_section"":""Abstract"",""verification_status"":""source_identity_license_and_locator_verified_2026-08-12; veterinary_claim_review_pending"",""support_note"":""中文内容为保守概括；来源用于支持主题、物种和风险边界，不代表个体诊断。"",""change_note"":""已在 v1.4 核对来源身份、商业许可、题名和定位；未逐字复制。""}]",Only verified CC BY/CC0 evidence is retained; attribution and change notices are mandatory.,true,phrase_expansion_and_new_cards_applied_v1_7,blocked_pending_mainland_China_licensed_veterinarian_review,true,test,false,0143a9b8d9bc31044067131461d1c3585bdc6e8bd93fb03e6f26ace18ba3a933
MVP-NEURO-001,1.8.0-open-mvp-retrieval-and-safety-repair-draft,zh-CN,犬猫第一次出现抽搐,"[""cat"",""dog""]",neurologic,common_disease_health_education_and_triage,,"[""宠物第一次抽搐"",""猫狗突然倒地抽动""]","[""倒地"",""四肢抽动"",""意识或反应异常"",""可能流涎排尿""]","[""首次抽搐需要评估中毒、代谢、结构性脑病等多种原因"",""发作停止不代表无需检查""]","[""抽搐持续了多长时间？"",""是否在短时间内再次抽搐？"",""现在是否已经恢复清醒？""]",保持周围安全、不要把手伸进口中并计时；首次抽搐应尽快就医，持续或重复发作立即急诊。,"[""持续超过数分钟"",""短时间重复发作"",""无法恢复意识或呼吸异常""]",犬猫第一次出现抽搐；宠物第一次抽搐；猫狗突然倒地抽动；倒地；四肢抽动；意识或反应异常；可能流涎排尿；首次抽搐需要评估中毒、代谢、结构性脑病等多种原因；发作停止不代表无需检查；持续超过数分钟；短时间重复发作；无法恢复意识或呼吸异常。,"[{""source_id"":""PMC11209469"",""title"":""Emergency Approach to Acute Seizures in Dogs and Cats"",""url"":""https://pmc.ncbi.nlm.nih.gov/articles/PMC11209469/"",""license"":""CC BY 4.0"",""page_or_section"":""Abstract"",""verification_status"":""source_identity_license_and_locator_verified_2026-08-12; veterinary_claim_review_pending"",""support_note"":""中文内容为保守概括；来源用于支持主题、物种和风险边界，不代表个体诊断。"",""change_note"":""已在 v1.4 核对来源身份、商业许可、题名和定位；未逐字复制。""}]",Only verified CC BY/CC0 evidence is retained; attribution and change notices are mandatory.,true,phrase_expansion_and_new_cards_applied_v1_7,blocked_pending_mainland_China_licensed_veterinarian_review,true,test,false,5dc4f486afbe7a742eef05b49b6fc0351be09ee5b6ea86f6e2f8bf648fada354
MVP-NEURO-002,1.8.0-open-mvp-retrieval-and-safety-repair-draft,zh-CN,宠物抽搐时应该记录什么,"[""cat"",""dog""]",neurologic,common_disease_health_education_and_triage,,"[""抽搐怎么记录给医生"",""癫痫发作要拍什么"",""倒地抽""]","[""抽搐发作和恢复过程"",""肢体抽动、意识反应、流涎、尿失禁、发作后步态或精神状态""]","[""发作持续时间、动作特点、发作前后状态和可能暴露史有助于兽医判断"",""安全情况下的视频可辅助描述但不能延误急救""]","[""这次抽搐持续了多长时间？"",""抽搐时肢体动作、有无流涎或尿失禁、意识状态如何？"",""发作前有无异常行为或可能接触毒物、药物？""]",记录症状出现时间、频率、饮水、食欲和活动变化，尽快由兽医结合体检及必要检查判断；出现发作持续不止、连续多次、呼吸异常或意识不恢复等任一红旗症状时，应立即就医或前往急诊。不要仅凭本卡自行确诊或用药。,"[""发作持续不止"",""连续多次"",""呼吸异常或意识不恢复""]",宠物抽搐时应该记录什么；抽搐怎么记录给医生；癫痫发作要拍什么；倒地抽；抽搐发作和恢复过程；肢体抽动、意识反应、流涎、尿失禁、发作后步态或精神状态；发作持续时间、动作特点、发作前后状态和可能暴露史有助于兽医判断；安全情况下的视频可辅助描述但不能延误急救；发作持续不止；连续多次；呼吸异常或意识不恢复。,"[{""source_id"":""PMC11209469"",""title"":""Emergency Approach to Acute Seizures in Dogs and Cats"",""url"":""https://pmc.ncbi.nlm.nih.gov/articles/PMC11209469/"",""license"":""CC BY 4.0"",""page_or_section"":""Abstract"",""verification_status"":""source_identity_license_and_locator_verified_2026-08-12; veterinary_claim_review_pending"",""support_note"":""中文内容为保守概括；来源用于支持主题、物种和风险边界，不代表个体诊断。"",""change_note"":""已在 v1.4 核对来源身份、商业许可、题名和定位；未逐字复制。""}]",Only verified CC BY/CC0 evidence is retained; attribution and change notices are mandatory.,true,phrase_expansion_and_new_cards_applied_v1_7,blocked_pending_mainland_China_licensed_veterinarian_review,true,test,false,9aecee4accb5a8bc710825ccdd35ab0b278dc8a3750a295f1abfaffaac268f55
MVP-NEURO-003,1.8.0-open-mvp-retrieval-and-safety-repair-draft,zh-CN,短时间内连续多次抽搐,"[""cat"",""dog""]",neurologic,common_disease_health_education_and_triage,,"[""一天抽了好几次"",""刚抽完又抽"",""倒地抽""]","[""短时间内重复抽搐"",""发作间可能恢复不完全""]","[""簇集性抽搐或持续性抽搐属于兽医急症"",""反复发作会增加并发症风险""]","[""是否已使用兽医处方的应急药物（如地西泮）？"",""如已使用，最近一次用药是什么时间？"",""如已使用，用药剂量是多少？""]",立即前往宠物急诊，并在安全前提下记录发作次数和持续时间。,"[""任何持续或密集重复发作"",""意识不恢复"",""体温升高或呼吸异常""]",短时间内连续多次抽搐；一天抽了好几次；刚抽完又抽；倒地抽；短时间内重复抽搐；发作间可能恢复不完全；簇集性抽搐或持续性抽搐属于兽医急症；反复发作会增加并发症风险；任何持续或密集重复发作；意识不恢复；体温升高或呼吸异常。,"[{""source_id"":""PMC11209469"",""title"":""Emergency Approach to Acute Seizures in Dogs and Cats"",""url"":""https://pmc.ncbi.nlm.nih.gov/articles/PMC11209469/"",""license"":""CC BY 4.0"",""page_or_section"":""Abstract"",""verification_status"":""source_identity_license_and_locator_verified_2026-08-12; veterinary_claim_review_pending"",""support_note"":""中文内容为保守概括；来源用于支持主题、物种和风险边界，不代表个体诊断。"",""change_note"":""已在 v1.4 核对来源身份、商业许可、题名和定位；未逐字复制。""}]",Only verified CC BY/CC0 evidence is retained; attribution and change notices are mandatory.,true,phrase_expansion_and_new_cards_applied_v1_7,blocked_pending_mainland_China_licensed_veterinarian_review,true,test,false,08cb0089cafc29e11ce0dbc62818863fe1a203e65251153fe0336b0c1cf5686a
MVP-ORAL-005,1.8.0-open-mvp-retrieval-and-safety-repair-draft,zh-CN,猫吃东西时突然掉食或偏一侧咀嚼,"[""cat""]",oral,common_disease_health_education_and_triage,,"[""猫吃饭总掉出来"",""猫只用一边吃""]","[""掉食"",""偏侧咀嚼"",""可能减少干粮摄入""]","[""口腔疼痛可能让猫改变咀嚼方式"",""牙吸收、牙周病和龈口炎都需要口腔检查区分""]","[""是否比平时更容易流口水？"",""口腔是否有明显异味？"",""体重是否明显下降？""]",记录出现时间、频率、照片或视频以及食欲、饮水、排尿排便和活动变化；若出现任一红旗（完全拒食超过24小时、口腔持续出血、面部明显肿胀），应立即就医或急诊；其他情况由兽医结合体检及必要检查判断，不要仅凭知识卡自行确诊或用药。,"[""完全拒食超过24小时"",""口腔持续出血"",""面部明显肿胀""]",猫吃东西时突然掉食或偏一侧咀嚼；猫吃饭总掉出来；猫只用一边吃；掉食；偏侧咀嚼；可能减少干粮摄入；口腔疼痛可能让猫改变咀嚼方式；牙吸收、牙周病和龈口炎都需要口腔检查区分；完全拒食超过24小时；口腔持续出血；面部明显肿胀。,"[{""source_id"":""PMC7146962"",""title"":""Pain behaviors before and after treatment of oral disease in cats using video assessment: a prospective, blinded, randomized clinical trial"",""url"":""https://pmc.ncbi.nlm.nih.gov/articles/PMC7146962/"",""license"":""CC BY 4.0"",""page_or_section"":""Abstract"",""verification_status"":""source_identity_license_and_locator_verified_2026-08-12; veterinary_claim_review_pending"",""support_note"":""中文内容为保守概括；来源用于支持主题、物种和风险边界，不代表个体诊断。"",""change_note"":""已在 v1.4 核对来源身份、商业许可、题名和定位；未逐字复制。""}]",Only verified CC BY/CC0 evidence is retained; attribution and change notices are mandatory.,true,phrase_expansion_and_new_cards_applied_v1_7,blocked_pending_mainland_China_licensed_veterinarian_review,true,test,false,b29f4bc39b2c32cfe61748bddc2a71c853150bfda34eeba7f785163f347f833f
MVP-ORAL-006,1.8.0-open-mvp-retrieval-and-safety-repair-draft,zh-CN,猫牙吸收可能有哪些表现,"[""cat""]",oral,common_disease_health_education_and_triage,,"[""猫牙齿像缺了一块"",""猫牙吸收症状""]","[""吃东西犹豫"",""碰到牙齿疼痛"",""流口水或掉食""]","[""猫牙吸收是常见且可能疼痛的进行性牙体病变"",""部分病灶仅靠肉眼不能完整评估""]","[""猫咪目前是否完全不吃东西？"",""口腔或牙齿是否有持续出血或血性唾液？"",""面部或嘴周是否有明显肿胀？""]",记录出现时间、频率、照片或视频以及食欲、饮水、排尿排便和活动变化；由兽医结合体检及必要检查判断，不要仅凭知识卡自行确诊或用药；若出现上述任一红旗表现，请立即就医或急诊。,"[""完全拒食"",""持续出血"",""明显面部肿胀""]",猫牙吸收可能有哪些表现；猫牙齿像缺了一块；猫牙吸收症状；吃东西犹豫；碰到牙齿疼痛；流口水或掉食；猫牙吸收是常见且可能疼痛的进行性牙体病变；部分病灶仅靠肉眼不能完整评估；完全拒食；持续出血；明显面部肿胀。,"[{""source_id"":""PMC10417119"",""title"":""Feline Tooth Resorption: A Description of the Severity of the Disease in Regard to Animal’s Age, Sex, Breed and Clinical Presentation"",""url"":""https://pmc.ncbi.nlm.nih.gov/articles/PMC10417119/"",""license"":""CC BY 4.0"",""page_or_section"":""Abstract"",""verification_status"":""source_identity_license_and_locator_verified_2026-08-12; veterinary_claim_review_pending"",""support_note"":""中文内容为保守概括；来源用于支持主题、物种和风险边界，不代表个体诊断。"",""change_note"":""已在 v1.4 核对来源身份、商业许可、题名和定位；未逐字复制。""}]",Only verified CC BY/CC0 evidence is retained; attribution and change notices are mandatory.,true,phrase_expansion_and_new_cards_applied_v1_7,blocked_pending_mainland_China_licensed_veterinarian_review,true,test,false,9557c727ed07daed4f30c75df15fdbe29e12de15aa14e6b844df9485bb3b695a
MVP-ORAL-007,1.8.0-open-mvp-retrieval-and-safety-repair-draft,zh-CN,猫口腔大面积发红并流口水,"[""cat""]",oral,common_disease_health_education_and_triage,,"[""猫嘴巴很红一直流口水"",""猫口炎""]","[""流涎"",""口臭"",""口腔后部或牙龈发红"",""进食疼痛""]","[""猫慢性龈口炎是疼痛性炎症问题"",""需要与牙周病、牙吸收和其他口腔病变区分""]","[""是否完全无法进食或饮水？"",""是否出现呼吸困难或吞咽困难？"",""口腔是否有大量出血？""]",记录出现时间、频率、照片或视频以及食欲、饮水、排尿排便和活动变化；由兽医结合体检及必要检查判断，不要仅凭知识卡自行确诊或用药；若出现上述任一红旗表现，请立即就医或急诊。,"[""无法进食饮水"",""口腔大量出血"",""呼吸或吞咽困难""]",猫口腔大面积发红并流口水；猫嘴巴很红一直流口水；猫口炎；流涎；口臭；口腔后部或牙龈发红；进食疼痛；猫慢性龈口炎是疼痛性炎症问题；需要与牙周病、牙吸收和其他口腔病变区分；无法进食饮水；口腔大量出血；呼吸或吞咽困难。,"[{""source_id"":""PMC10668797"",""title"":""The Oral Microbiome across Oral Sites in Cats with Chronic Gingivostomatitis, Periodontal Disease, and Tooth Resorption Compared with Healthy Cats"",""url"":""https://pmc.ncbi.nlm.nih.gov/articles/PMC10668797/"",""license"":""CC BY 4.0"",""page_or_section"":""Abstract"",""verification_status"":""source_identity_license_and_locator_verified_2026-08-12; veterinary_claim_review_pending"",""support_note"":""中文内容为保守概括；来源用于支持主题、物种和风险边界，不代表个体诊断。"",""change_note"":""已在 v1.4 核对来源身份、商业许可、题名和定位；未逐字复制。""}]",Only verified CC BY/CC0 evidence is retained; attribution and change notices are mandatory.,true,phrase_expansion_and_new_cards_applied_v1_7,blocked_pending_mainland_China_licensed_veterinarian_review,true,test,false,974ee233e058e8c1e77e20d37a62f33ac83cbceed17f87e63411b4f9d6ef91dc
MVP-ORAL-008,1.8.0-open-mvp-retrieval-and-safety-repair-draft,zh-CN,犬牙齿松动或牙龈退缩,"[""dog""]",oral,common_disease_health_education_and_triage,,"[""狗牙齿松了"",""狗牙根露出来"",""牙黄""]","[""牙齿松动"",""牙龈退缩"",""牙结石或口臭""]","[""犬牙周病可破坏牙齿支持组织"",""松动牙需要专业牙科评估而不是自行拔除""]","[""它是否拒绝吃硬食？"",""它是否只用一侧咀嚼？"",""牙龈出血是在什么时候出现，比如咀嚼后、触碰后或没有明显诱因？""]",记录出现时间、频率、照片或视频以及食欲、饮水、排尿排便和活动变化；由兽医结合体检及必要检查判断，不要仅凭知识卡自行确诊或用药；若出现任一红旗（持续出血、面部肿胀、完全不能进食）应立即就医或急诊。,"[""持续出血"",""面部肿胀"",""完全不能进食""]",犬牙齿松动或牙龈退缩；狗牙齿松了；狗牙根露出来；牙黄；牙齿松动；牙龈退缩；牙结石或口臭；犬牙周病可破坏牙齿支持组织；松动牙需要专业牙科评估而不是自行拔除；持续出血；面部肿胀；完全不能进食。,"[{""source_id"":""PMC9774197"",""title"":""Revisiting Periodontal Disease in Dogs: How to Manage This New Old Problem?"",""url"":""https://pmc.ncbi.nlm.nih.gov/articles/PMC9774197/"",""license"":""CC BY 4.0"",""page_or_section"":""Abstract"",""verification_status"":""source_identity_license_and_locator_verified_2026-08-12; veterinary_claim_review_pending"",""support_note"":""中文内容为保守概括；来源用于支持主题、物种和风险边界，不代表个体诊断。"",""change_note"":""已在 v1.4 核对来源身份、商业许可、题名和定位；未逐字复制。""}]",Only verified CC BY/CC0 evidence is retained; attribution and change notices are mandatory.,true,phrase_expansion_and_new_cards_applied_v1_7,blocked_pending_mainland_China_licensed_veterinarian_review,true,test,false,bfee4c1261e94c78f65d8779084b26e4d6ff9f1965b979ad8c9f33165ca3bd6f
MVP-ORAL-009,1.8.0-open-mvp-retrieval-and-safety-repair-draft,zh-CN,犬猫口腔外伤或牙齿缺损伴疼痛,"[""cat"",""dog""]",oral,common_disease_health_education_and_triage,,"[""宠物牙断了"",""犬齿崩了一块""]","[""牙冠缺损"",""可能露出粉红或黑色中心"",""碰触疼痛""]","[""口腔或颌面外伤可引起明显疼痛并影响进食"",""仅凭外观不能判断牙髓、牙根或颌骨是否受损""]","[""口腔是否正在持续出血？"",""面部是否有明显肿胀？"",""宠物是否无法闭口？""]",记录出现时间、频率、照片或视频以及食欲、饮水、排尿排便和活动变化；由兽医结合体检及必要检查判断，不要仅凭知识卡自行确诊或用药；若出现上述任一红旗表现，请立即就医或急诊。,"[""口腔持续出血"",""面部肿胀"",""无法闭口或合并严重外伤""]",犬猫口腔外伤或牙齿缺损伴疼痛；宠物牙断了；犬齿崩了一块；牙冠缺损；可能露出粉红或黑色中心；碰触疼痛；口腔或颌面外伤可引起明显疼痛并影响进食；仅凭外观不能判断牙髓、牙根或颌骨是否受损；口腔持续出血；面部肿胀；无法闭口或合并严重外伤。,"[{""source_id"":""PMC6714595"",""title"":""Development, Preliminary Validation, and Refinement of the Composite Oral and Maxillofacial Pain Scale-Canine/Feline (COPS-C/F)"",""url"":""https://pmc.ncbi.nlm.nih.gov/articles/PMC6714595/"",""license"":""CC BY 4.0"",""page_or_section"":""Abstract"",""verification_status"":""source_identity_license_and_locator_verified_2026-08-12; veterinary_claim_review_pending"",""support_note"":""中文内容为保守概括；来源用于支持主题、物种和风险边界，不代表个体诊断。"",""change_note"":""已在 v1.4 核对来源身份、商业许可、题名和定位；未逐字复制。""}]",Only verified CC BY/CC0 evidence is retained; attribution and change notices are mandatory.,true,phrase_expansion_and_new_cards_applied_v1_7,blocked_pending_mainland_China_licensed_veterinarian_review,true,test,false,e7e0c7370bd70faf0f99b1caef1269c995cc699403776bf72b977b4a038e7777
MVP-ORAL-010,1.8.0-open-mvp-retrieval-and-safety-repair-draft,zh-CN,幼犬乳牙没有脱落,"[""dog""]",oral,common_disease_health_education_and_triage,,"[""狗双排牙"",""幼犬乳牙还在""]","[""同一位置可见乳牙和恒牙"",""牙齿排列拥挤""]","[""乳牙滞留可影响恒牙位置并增加食物残留"",""应由兽医检查而不是在家摇拔""]","[""幼犬目前能否正常进食？"",""牙龈或牙齿是否有明显红肿、疼痛或出血？"",""幼犬现在多大月龄了？""]",记录出现时间、频率、照片或视频以及食欲、饮水、排尿排便和活动变化；由兽医结合体检及必要检查判断，不要仅凭知识卡自行确诊或用药；若出现上述任一红旗表现，请立即就医或急诊。,"[""牙龈明显肿痛"",""无法进食"",""牙齿外伤出血""]",幼犬乳牙没有脱落；狗双排牙；幼犬乳牙还在；同一位置可见乳牙和恒牙；牙齿排列拥挤；乳牙滞留可影响恒牙位置并增加食物残留；应由兽医检查而不是在家摇拔；牙龈明显肿痛；无法进食；牙齿外伤出血。,"[{""source_id"":""PMC11980702"",""title"":""Functional significance and welfare implications of chewing in dogs ( Canis familiaris )"",""url"":""https://pmc.ncbi.nlm.nih.gov/articles/PMC11980702/"",""license"":""CC BY 4.0"",""page_or_section"":""Abstract"",""verification_status"":""source_identity_license_and_locator_verified_2026-08-12; veterinary_claim_review_pending"",""support_note"":""中文内容为保守概括；来源用于支持主题、物种和风险边界，不代表个体诊断。"",""change_note"":""已在 v1.4 核对来源身份、商业许可、题名和定位；未逐字复制。""}]",Only verified CC BY/CC0 evidence is retained; attribution and change notices are mandatory.,true,phrase_expansion_and_new_cards_applied_v1_7,blocked_pending_mainland_China_licensed_veterinarian_review,true,test,false,10879530fc39d22ff5dc7e9e57f80978622955fec02690a6d0bb91ff72133436
MVP-ORAL-011,1.8.0-open-mvp-retrieval-and-safety-repair-draft,zh-CN,犬刷牙时牙龈出血,"[""dog""]",oral,common_disease_health_education_and_triage,,"[""给宠物刷牙出血"",""牙龈一碰就流血""]","[""刷牙或咀嚼时少量出血"",""牙龈红肿""]","[""牙龈出血可提示炎症或牙周问题"",""持续或明显出血也需排除创伤和凝血异常""]","[""牙龈出血能否在几分钟内自行停止？"",""除牙龈外，是否还有鼻出血或皮下瘀斑？"",""牙龈是否比平时苍白，或宠物是否虚弱无力？""]",记录出现时间、频率、照片或视频以及食欲、饮水、排尿排便和活动变化；若出现任一警示信号（如出血不止、鼻出血或皮下瘀斑、牙龈苍白虚弱），请立即联系兽医或前往急诊。由兽医结合体检及必要检查判断，不要仅凭知识卡自行确诊或用药。,"[""出血不止"",""同时鼻出血或皮下瘀斑"",""牙龈苍白虚弱""]",犬刷牙时牙龈出血；给宠物刷牙出血；牙龈一碰就流血；刷牙或咀嚼时少量出血；牙龈红肿；牙龈出血可提示炎症或牙周问题；持续或明显出血也需排除创伤和凝血异常；出血不止；同时鼻出血或皮下瘀斑；牙龈苍白虚弱。,"[{""source_id"":""PMC9774197"",""title"":""Revisiting Periodontal Disease in Dogs: How to Manage This New Old Problem?"",""url"":""https://pmc.ncbi.nlm.nih.gov/articles/PMC9774197/"",""license"":""CC BY 4.0"",""page_or_section"":""Abstract"",""verification_status"":""source_identity_license_and_locator_verified_2026-08-12; veterinary_claim_review_pending"",""support_note"":""中文内容为保守概括；来源用于支持主题、物种和风险边界，不代表个体诊断。"",""change_note"":""已在 v1.4 核对来源身份、商业许可、题名和定位；未逐字复制。""}]",Only verified CC BY/CC0 evidence is retained; attribution and change notices are mandatory.,true,phrase_expansion_and_new_cards_applied_v1_7,blocked_pending_mainland_China_licensed_veterinarian_review,true,test,false,756caa3908aaa94854109594e9d6c7cfb6df3c09f4133cc7bb0f73ee63e129ee
MVP-ORAL-012,1.8.0-open-mvp-retrieval-and-safety-repair-draft,zh-CN,犬猫口腔里发现肿块,"[""cat"",""dog""]",oral,common_disease_health_education_and_triage,,"[""宠物嘴里长包"",""牙龈有个肉球""]","[""牙龈、舌下或口腔黏膜出现新生物"",""可能出血或影响进食""]","[""口腔肿块可由炎症、增生或肿瘤等多种原因造成"",""外观和照片不能确定性质""]","[""肿块出现多久了？近期是否快速增大？"",""是否有持续出血或明显口臭？"",""是否影响进食、咀嚼，或近期出现掉食、体重下降？""]",记录出现时间、频率、照片或视频以及食欲、饮水、排尿排便和活动变化；由兽医结合体检及必要检查判断，不要仅凭知识卡自行确诊或用药；若出现上述任一红旗表现，请立即就医或急诊。,"[""呼吸吞咽困难"",""持续出血"",""短期快速增大""]",犬猫口腔里发现肿块；宠物嘴里长包；牙龈有个肉球；牙龈、舌下或口腔黏膜出现新生物；可能出血或影响进食；口腔肿块可由炎症、增生或肿瘤等多种原因造成；外观和照片不能确定性质；呼吸吞咽困难；持续出血；短期快速增大。,"[{""source_id"":""PMC11861943"",""title"":""Association Between Cytological and Histopathological Diagnoses of Neoplastic and Non-Neoplastic Lesions in Oral Cavity from Dogs and Cats"",""url"":""https://pmc.ncbi.nlm.nih.gov/articles/PMC11861943/"",""license"":""CC BY 4.0"",""page_or_section"":""Abstract"",""verification_status"":""source_identity_license_and_locator_verified_2026-08-12; veterinary_claim_review_pending"",""support_note"":""中文内容为保守概括；来源用于支持主题、物种和风险边界，不代表个体诊断。"",""change_note"":""已在 v1.4 核对来源身份、商业许可、题名和定位；未逐字复制。""}]",Only verified CC BY/CC0 evidence is retained; attribution and change notices are mandatory.,true,phrase_expansion_and_new_cards_applied_v1_7,blocked_pending_mainland_China_licensed_veterinarian_review,true,test,false,4636ff7833dfd5de66f00dd47a7798f4bbd16d87d1791b33d8cca197726870d2
MVP-ORAL-013,1.8.0-open-mvp-retrieval-and-safety-repair-draft,zh-CN,犬频繁啃硬物导致牙齿风险,"[""dog""]",oral,common_disease_health_education_and_triage,,"[""狗爱咬很硬的骨头"",""咬硬玩具会断牙吗""]","[""频繁咀嚼极硬物品"",""牙齿可能磨损或断裂""]","[""咀嚼是犬正常行为但材料硬度和形状会影响牙齿及误食风险"",""牙齿异常或疼痛时应停止相关物品""]","[""狗狗是否出现吞咽困难或窒息？"",""是否疑似吞下尖锐碎片或大块硬物？"",""是否看到牙齿断裂、牙髓暴露或牙龈持续出血？""]",在兽医评估前暂停提供过硬咀嚼物、硬骨头和硬玩具，避免继续啃咬；记录出现时间、频率、照片或视频以及食欲、饮水、排尿排便和活动变化；若出现任一红旗表现（如吞咽困难或窒息、口腔大量出血、疑似吞下尖锐碎片、牙齿断裂或牙髓暴露、牙龈持续出血、面部肿胀或牙根脓肿等），请立即就医或急诊；由兽医结合体检及必要检查判断，不要仅凭知识卡自行确诊或用药。,"[""吞咽困难或窒息"",""口腔大量出血"",""疑似吞下尖锐碎片"",""牙齿断裂或牙髓暴露"",""牙龈持续出血"",""面部肿胀或牙根脓肿""]",犬频繁啃硬物导致牙齿风险；狗爱咬很硬的骨头；咬硬玩具会断牙吗；频繁咀嚼极硬物品；牙齿可能磨损或断裂；咀嚼是犬正常行为但材料硬度和形状会影响牙齿及误食风险；牙齿异常或疼痛时应停止相关物品；吞咽困难或窒息；口腔大量出血；疑似吞下尖锐碎片；牙齿断裂或牙髓暴露；牙龈持续出血；面部肿胀或牙根脓肿。,"[{""source_id"":""PMC11980702"",""title"":""Functional significance and welfare implications of chewing in dogs ( Canis familiaris )"",""url"":""https://pmc.ncbi.nlm.nih.gov/articles/PMC11980702/"",""license"":""CC BY 4.0"",""page_or_section"":""Abstract"",""verification_status"":""source_identity_license_and_locator_verified_2026-08-12; veterinary_claim_review_pending"",""support_note"":""中文内容为保守概括；来源用于支持主题、物种和风险边界，不代表个体诊断。"",""change_note"":""已在 v1.4 核对来源身份、商业许可、题名和定位；未逐字复制。""}]",Only verified CC BY/CC0 evidence is retained; attribution and change notices are mandatory.,true,phrase_expansion_and_new_cards_applied_v1_7,blocked_pending_mainland_China_licensed_veterinarian_review,true,test,false,f88125dd23cb4a415376dfd8e2e5023ad9251740e9a074e4fbcb10f21e477db9
MVP-ORAL-014,1.8.0-open-mvp-retrieval-and-safety-repair-draft,zh-CN,宠物口臭突然明显加重,"[""cat"",""dog""]",oral,common_disease_health_education_and_triage,,"[""宠物突然特别口臭"",""嘴巴臭得不正常""]","[""口腔异味加重"",""可能伴流涎、牙龈红或食欲变化""]","[""明显口臭常与口腔疾病有关但也可能伴随其他系统性问题"",""单靠清洁产品不能替代检查""]","[""是否出现呼吸困难或张口呼吸？"",""是否完全不吃东西？"",""是否有牙龈或口腔出血？""]",记录出现时间、频率、照片或视频以及食欲、饮水、排尿排便和活动变化；由兽医结合体检及必要检查判断，不要仅凭知识卡自行确诊或用药；若出现上述任一红旗表现，请立即就医或急诊。,"[""完全拒食"",""面部肿胀"",""吞咽困难或口腔出血"",""呼吸困难或张口呼吸"",""严重嗜睡或虚弱"",""持续呕吐或腹泻"",""多饮多尿伴体重下降"",""黄疸""]",宠物口臭突然明显加重；宠物突然特别口臭；嘴巴臭得不正常；口腔异味加重；可能伴流涎、牙龈红或食欲变化；明显口臭常与口腔疾病有关但也可能伴随其他系统性问题；单靠清洁产品不能替代检查；完全拒食；面部肿胀；吞咽困难或口腔出血；呼吸困难或张口呼吸；严重嗜睡或虚弱；持续呕吐或腹泻；多饮多尿伴体重下降；黄疸。,"[{""source_id"":""PMC8469879"",""title"":""Dental Problems and Prophylactic Care in Cats—Knowledge and Perceptions among Swedish Cat Owners and Communication by Veterinary Care Staff"",""url"":""https://pmc.ncbi.nlm.nih.gov/articles/PMC8469879/"",""license"":""CC BY 4.0"",""page_or_section"":""Abstract"",""verification_status"":""source_identity_license_and_locator_verified_2026-08-12; veterinary_claim_review_pending"",""support_note"":""中文内容为保守概括；来源用于支持主题、物种和风险边界，不代表个体诊断。"",""change_note"":""已在 v1.4 核对来源身份、商业许可、题名和定位；未逐字复制。""},{""source_id"":""PMC9774197"",""title"":""Revisiting Periodontal Disease in Dogs: How to Manage This New Old Problem?"",""url"":""https://pmc.ncbi.nlm.nih.gov/articles/PMC9774197/"",""license"":""CC BY 4.0"",""page_or_section"":""Abstract"",""verification_status"":""source_identity_license_and_locator_verified_2026-08-12; veterinary_claim_review_pending"",""support_note"":""中文内容为保守概括；来源用于支持主题、物种和风险边界，不代表个体诊断。"",""change_note"":""已在 v1.4 核对来源身份、商业许可、题名和定位；未逐字复制。""}]",Only verified CC BY/CC0 evidence is retained; attribution and change notices are mandatory.,true,phrase_expansion_and_new_cards_applied_v1_7,blocked_pending_mainland_China_licensed_veterinarian_review,true,test,false,c94ec23d80c8c4de19c403f1c27556b2363ec2c3df243db59624fba08c0919e3
MVP-DERM-011,1.8.0-open-mvp-retrieval-and-safety-repair-draft,zh-CN,犬皮肤出现脓疱和环形皮屑,"[""dog""]",dermatology,common_disease_health_education_and_triage,,"[""狗身上有小脓包"",""皮肤一圈圈脱屑""]","[""丘疹或脓疱"",""表皮环状脱屑"",""局部脱毛""]","[""犬浅表脓皮症可出现脓疱、结痂和表皮环"",""常继发于过敏、寄生虫或内分泌问题""]","[""皮肤病灶是否瘙痒？"",""类似皮肤问题是否反复发生？"",""近期是否使用过药物（包括抗生素）？""]",记录出现时间、频率、照片或视频以及食欲、饮水、排尿排便和活动变化；若出现任一红旗表现（如病变快速扩散、发热或精神差、深部疼痛和流脓），应立即就医或急诊；由兽医结合体检及必要检查判断，不要仅凭知识卡自行确诊或用药。,"[""病变快速扩散"",""发热或精神差"",""深部疼痛和流脓""]",犬皮肤出现脓疱和环形皮屑；狗身上有小脓包；皮肤一圈圈脱屑；丘疹或脓疱；表皮环状脱屑；局部脱毛；犬浅表脓皮症可出现脓疱、结痂和表皮环；常继发于过敏、寄生虫或内分泌问题；病变快速扩散；发热或精神差；深部疼痛和流脓。,"[{""source_id"":""PMC4313009"",""title"":""Survey of dermatological conditions in a population of domestic dogs in Mashhad, northeast of Iran (2007-2011)"",""url"":""https://pmc.ncbi.nlm.nih.gov/articles/PMC4313009/"",""license"":""CC BY 3.0"",""page_or_section"":""Abstract"",""verification_status"":""source_identity_license_and_locator_verified_2026-08-12; veterinary_claim_review_pending"",""support_note"":""中文内容为保守概括；来源用于支持主题、物种和风险边界，不代表个体诊断。"",""change_note"":""已在 v1.4 核对来源身份、商业许可、题名和定位；未逐字复制。""}]",Only verified CC BY/CC0 evidence is retained; attribution and change notices are mandatory.,true,phrase_expansion_and_new_cards_applied_v1_7,blocked_pending_mainland_China_licensed_veterinarian_review,true,test,false,ed6c71def39413525784f2d2f9b143fd369e40e22de5e124c858f098a221492e
MVP-DERM-012,1.8.0-open-mvp-retrieval-and-safety-repair-draft,zh-CN,犬反复脓皮症不能只重复用药,"[""dog""]",dermatology,common_disease_health_education_and_triage,,"[""狗皮肤感染总复发"",""脓皮症好了又来"",""老挠""]","[""皮疹反复"",""脱毛结痂"",""可能瘙痒""]","[""犬脓皮症经常继发于基础疾病"",""反复时需要重新评估过敏、寄生虫、内分泌和耐药风险""]","[""每次治疗是否完全消退？"",""是否同时有皮肤瘙痒？"",""是否做过皮肤细胞学或细菌培养？""]",记录出现时间、频率、照片或视频以及食欲、饮水、排尿排便和活动变化；如出现任一红旗（深部溃烂疼痛、发热虚弱、短期广泛扩散），应立即就医或急诊；由兽医结合体检及必要检查判断，不要仅凭知识卡自行确诊或用药。,"[""深部溃烂疼痛"",""发热虚弱"",""短期广泛扩散""]",犬反复脓皮症不能只重复用药；狗皮肤感染总复发；脓皮症好了又来；老挠；皮疹反复；脱毛结痂；可能瘙痒；犬脓皮症经常继发于基础疾病；反复时需要重新评估过敏、寄生虫、内分泌和耐药风险；深部溃烂疼痛；发热虚弱；短期广泛扩散。,"[{""source_id"":""PMC12291705"",""title"":""Canine Pyoderma and Otitis Externa: A Retrospective Analysis of Multidrug-Resistant Bacterial Carriage in Hong Kong"",""url"":""https://pmc.ncbi.nlm.nih.gov/articles/PMC12291705/"",""license"":""CC BY 4.0"",""page_or_section"":""Abstract"",""verification_status"":""source_identity_license_and_locator_verified_2026-08-12; veterinary_claim_review_pending"",""support_note"":""中文内容为保守概括；来源用于支持主题、物种和风险边界，不代表个体诊断。"",""change_note"":""已在 v1.4 核对来源身份、商业许可、题名和定位；未逐字复制。""}]",Only verified CC BY/CC0 evidence is retained; attribution and change notices are mandatory.,true,phrase_expansion_and_new_cards_applied_v1_7,blocked_pending_mainland_China_licensed_veterinarian_review,true,test,false,f1088bf82266a815f7a8efb95885f00773b69186f0a9d392e22b588962ab35fd
MVP-DERM-013,1.8.0-open-mvp-retrieval-and-safety-repair-draft,zh-CN,犬皮肤油腻有酸臭味,"[""dog""]",dermatology,common_disease_health_education_and_triage,,"[""狗身上油油的很臭"",""皮肤像有酵母味"",""老挠""]","[""皮肤油腻"",""红斑"",""异味"",""瘙痒""]","[""马拉色菌可在犬皮肤过度增殖并与皮炎相关"",""过敏、皮褶和内分泌问题可能增加复发""]","[""它现在精神好不好？"",""皮肤有没有大面积破损、渗液或快速肿胀？"",""它最近耳朵有没有异味、频繁甩头或抓挠耳朵？""]",记录出现时间、频率、照片或视频以及食欲、饮水、排尿排便和活动变化；由兽医结合体检及必要检查判断，不要仅凭知识卡自行确诊或用药；若出现上述任一红旗表现，请立即就医或急诊。,"[""大面积渗液破损"",""发热精神差"",""面部快速肿胀""]",犬皮肤油腻有酸臭味；狗身上油油的很臭；皮肤像有酵母味；老挠；皮肤油腻；红斑；异味；瘙痒；马拉色菌可在犬皮肤过度增殖并与皮炎相关；过敏、皮褶和内分泌问题可能增加复发；大面积渗液破损；发热精神差；面部快速肿胀。,"[{""source_id"":""PMC8951134"",""title"":""Allergy to Fungi in Veterinary Medicine: Alternaria , Dermatophytes and Malassezia Pay the Bill!"",""url"":""https://pmc.ncbi.nlm.nih.gov/articles/PMC8951134/"",""license"":""CC BY 4.0"",""page_or_section"":""Abstract"",""verification_status"":""source_identity_license_and_locator_verified_2026-08-12; veterinary_claim_review_pending"",""support_note"":""中文内容为保守概括；来源用于支持主题、物种和风险边界，不代表个体诊断。"",""change_note"":""已在 v1.4 核对来源身份、商业许可、题名和定位；未逐字复制。""}]",Only verified CC BY/CC0 evidence is retained; attribution and change notices are mandatory.,true,phrase_expansion_and_new_cards_applied_v1_7,blocked_pending_mainland_China_licensed_veterinarian_review,true,test,false,559543062930f85f22de0ea58ae4dbb0dd96045993b71d47549c05efaaa5012b
MVP-DERM-014,1.8.0-open-mvp-retrieval-and-safety-repair-draft,zh-CN,犬脚趾间红肿并反复舔咬,"[""dog""]",dermatology,common_disease_health_education_and_triage,,"[""狗趾间红一直舔"",""脚缝肿了"",""发烧"",""狗狗一直舔脚，趾间都红了怎么办"",""狗脚趾缝红红的，还有味道"",""为什么我的狗老是啃自己的爪子"",""狗狗趾间炎在家怎么护理""]","[""趾间红肿"",""舔咬"",""可能有结节或渗液""]","[""趾间病变可与过敏、感染、异物或深部炎症有关"",""只抹止痒药可能掩盖异物或感染""]","[""是突然出现还是逐渐加重？"",""近期有无草地或户外活动后出现或加重？"",""是一只脚还是多只脚出现红肿？""]",记录出现时间、频率、照片或视频以及食欲、饮水、排尿排便和活动变化；若出现迅速肿大剧痛、无法负重、深部流脓或发热等任一红旗表现，应立即就医或急诊；其他情况由兽医结合体检及必要检查判断，不要仅凭知识卡自行确诊或用药。,"[""迅速肿大剧痛"",""无法负重"",""深部流脓或发热""]",犬脚趾间红肿并反复舔咬；狗趾间红一直舔；脚缝肿了；发烧；狗狗一直舔脚，趾间都红了怎么办；狗脚趾缝红红的，还有味道；为什么我的狗老是啃自己的爪子；狗狗趾间炎在家怎么护理；趾间红肿；舔咬；可能有结节或渗液；趾间病变可与过敏、感染、异物或深部炎症有关；只抹止痒药可能掩盖异物或感染；迅速肿大剧痛；无法负重；深部流脓或发热。,"[{""source_id"":""PMC4531508"",""title"":""Canine atopic dermatitis: detailed guidelines for diagnosis and allergen identification"",""url"":""https://pmc.ncbi.nlm.nih.gov/articles/PMC4531508/"",""license"":""CC BY 4.0"",""page_or_section"":""Abstract"",""verification_status"":""source_identity_license_and_locator_verified_2026-08-12; veterinary_claim_review_pending"",""support_note"":""中文内容为保守概括；来源用于支持主题、物种和风险边界，不代表个体诊断。"",""change_note"":""已在 v1.4 核对来源身份、商业许可、题名和定位；未逐字复制。""}]",Only verified CC BY/CC0 evidence is retained; attribution and change notices are mandatory.,true,phrase_expansion_and_new_cards_applied_v1_7,blocked_pending_mainland_China_licensed_veterinarian_review,true,test,false,cb7d3fa804f65e02402ac1d9933066190b088b58d9cd5864173ec49b04331af3
MVP-DERM-015,1.8.0-open-mvp-retrieval-and-safety-repair-draft,zh-CN,犬突然出现湿润渗液的热斑,"[""dog""]",dermatology,common_disease_health_education_and_triage,,"[""狗皮肤突然湿烂一块"",""狗热斑""]","[""局部红、湿、渗液"",""剧烈舔抓"",""毛发黏连""]","[""急性湿性皮炎常因自我抓咬迅速扩大"",""需要寻找跳蚤、耳病、过敏或疼痛等诱因""]","[""皮肤附近是否有耳病、跳蚤或过敏迹象？"",""狗狗是否会持续舔抓该处？"",""是否出现护痛、不让碰、低吼、躲避或尖叫等疼痛表现？""]",记录出现时间、频率、照片或视频以及食欲、饮水、排尿排便和活动变化；若出现任一红旗（快速扩散并剧痛、发热精神差、深部坏死或大量脓液），应立即就医或急诊。由兽医结合体检及必要检查判断，不要仅凭知识卡自行确诊或用药。,"[""快速扩散并剧痛"",""发热精神差"",""深部坏死或大量脓液""]",犬突然出现湿润渗液的热斑；狗皮肤突然湿烂一块；狗热斑；局部红、湿、渗液；剧烈舔抓；毛发黏连；急性湿性皮炎常因自我抓咬迅速扩大；需要寻找跳蚤、耳病、过敏或疼痛等诱因；快速扩散并剧痛；发热精神差；深部坏死或大量脓液。,"[{""source_id"":""PMC12291705"",""title"":""Canine Pyoderma and Otitis Externa: A Retrospective Analysis of Multidrug-Resistant Bacterial Carriage in Hong Kong"",""url"":""https://pmc.ncbi.nlm.nih.gov/articles/PMC12291705/"",""license"":""CC BY 4.0"",""page_or_section"":""Abstract"",""verification_status"":""source_identity_license_and_locator_verified_2026-08-12; veterinary_claim_review_pending"",""support_note"":""中文内容为保守概括；来源用于支持主题、物种和风险边界，不代表个体诊断。"",""change_note"":""已在 v1.4 核对来源身份、商业许可、题名和定位；未逐字复制。""}]",Only verified CC BY/CC0 evidence is retained; attribution and change notices are mandatory.,true,phrase_expansion_and_new_cards_applied_v1_7,blocked_pending_mainland_China_licensed_veterinarian_review,true,test,false,c16a063b1526e1e1b3b1d245c341a503c31abc6c8936ae77d20c7e01b10e1bb8
MVP-DERM-016,1.8.0-open-mvp-retrieval-and-safety-repair-draft,zh-CN,犬尾根部剧烈瘙痒和掉毛,"[""dog""]",dermatology,common_disease_health_education_and_triage,,"[""狗尾巴根一直咬"",""尾根掉毛很痒"",""老挠"",""秃了一块"",""秃斑""]","[""尾根和后背瘙痒"",""结痂或脱毛""]","[""尾根瘙痒常需要评估跳蚤及跳蚤过敏"",""看不到成蚤不能完全排除暴露""]","[""是否出现牙龈苍白或虚弱无力？"",""尾根或后背皮肤是否有大面积破损、流脓或出血？"",""家中其他宠物是否也有瘙痒或皮肤问题？""]",记录出现时间、频率、照片或视频以及食欲、饮水、排尿排便和活动变化；由兽医结合体检及必要检查判断，不要仅凭知识卡自行确诊或用药；若出现上述任一红旗表现，请立即就医或急诊。,"[""皮肤大面积破损感染"",""牙龈苍白虚弱"",""幼龄动物严重寄生虫负担""]",犬尾根部剧烈瘙痒和掉毛；狗尾巴根一直咬；尾根掉毛很痒；老挠；秃了一块；秃斑；尾根和后背瘙痒；结痂或脱毛；尾根瘙痒常需要评估跳蚤及跳蚤过敏；看不到成蚤不能完全排除暴露；皮肤大面积破损感染；牙龈苍白虚弱；幼龄动物严重寄生虫负担。,"[{""source_id"":""PMC5746801"",""title"":""The Biology and Ecology of Cat Fleas and Advancements in Their Pest Management: A Review"",""url"":""https://pmc.ncbi.nlm.nih.gov/articles/PMC5746801/"",""license"":""CC BY"",""page_or_section"":""Abstract"",""verification_status"":""source_identity_license_and_locator_verified_2026-08-12; veterinary_claim_review_pending"",""support_note"":""中文内容为保守概括；来源用于支持主题、物种和风险边界，不代表个体诊断。"",""change_note"":""已在 v1.4 核对来源身份、商业许可、题名和定位；未逐字复制。""}]",Only verified CC BY/CC0 evidence is retained; attribution and change notices are mandatory.,true,phrase_expansion_and_new_cards_applied_v1_7,blocked_pending_mainland_China_licensed_veterinarian_review,true,test,false,c35c6f583db3d6cc96900f282ef9558c3a498d5dc6962c97ad7ac49fca53d793
MVP-DERM-017,1.8.0-open-mvp-retrieval-and-safety-repair-draft,zh-CN,猫身体出现粟粒样小结痂,"[""cat""]",dermatology,common_disease_health_education_and_triage,,"[""猫背上很多小痂"",""摸起来一粒一粒的"",""老挠""]","[""背部、颈部或躯干散在小结痂"",""可能瘙痒和脱毛""]","[""猫粟粒样皮炎是一种反应模式而不是单一诊断"",""跳蚤过敏、其他过敏和寄生虫等都可能相关""]","[""结痂主要集中在哪些部位？是头颈部、背腰部还是全身散在？"",""猫咪是否频繁舔抓、摩擦或啃咬这些结痂部位？"",""最近一次体外驱虫用的是什么产品、具体使用日期？是否按说明书规律使用？""]",记录出现时间、频率、照片或视频以及食欲、饮水、排尿排便和活动变化；若出现任一红旗（大面积破损感染、明显消瘦拒食、面部肿胀或呼吸异常）应立即就医或急诊；由兽医结合体检及必要检查判断，不要仅凭知识卡自行确诊或用药。,"[""大面积破损感染"",""明显消瘦拒食"",""面部肿胀或呼吸异常""]",猫身体出现粟粒样小结痂；猫背上很多小痂；摸起来一粒一粒的；老挠；背部、颈部或躯干散在小结痂；可能瘙痒和脱毛；猫粟粒样皮炎是一种反应模式而不是单一诊断；跳蚤过敏、其他过敏和寄生虫等都可能相关；大面积破损感染；明显消瘦拒食；面部肿胀或呼吸异常。,"[{""source_id"":""PMC6172809"",""title"":""Atopic dermatitis in cats and dogs: a difficult disease for animals and owners"",""url"":""https://pmc.ncbi.nlm.nih.gov/articles/PMC6172809/"",""license"":""CC BY"",""page_or_section"":""Abstract"",""verification_status"":""source_identity_license_and_locator_verified_2026-08-12; veterinary_claim_review_pending"",""support_note"":""中文内容为保守概括；来源用于支持主题、物种和风险边界，不代表个体诊断。"",""change_note"":""已在 v1.4 核对来源身份、商业许可、题名和定位；未逐字复制。""}]",Only verified CC BY/CC0 evidence is retained; attribution and change notices are mandatory.,true,phrase_expansion_and_new_cards_applied_v1_7,blocked_pending_mainland_China_licensed_veterinarian_review,true,test,false,e1821a0151d7735bea1987ae3acba640205fe1104cebf4f0576c4cf2d046570c
MVP-DERM-018,1.8.0-open-mvp-retrieval-and-safety-repair-draft,zh-CN,猫脸部耳缘圆形脱毛结痂需检查,"[""cat""]",dermatology,common_disease_health_education_and_triage,,"[""猫耳朵脸上很多痂"",""猫脸掉毛结痂"",""老挠"",""秃了一块"",""秃斑"",""挠耳朵""]","[""耳缘、鼻梁或面部结痂脱毛"",""可能瘙痒""]","[""皮肤癣菌病可出现脱毛、鳞屑和结痂，但外观并不特异"",""需要与寄生虫、过敏和其他皮肤病区分，并注意潜在人宠传播""]","[""猫咪最近是否使用过外用药、驱虫药或任何皮肤外用产品？"",""猫咪是否有室外活动或接触其他动物/环境？"",""脱毛结痂出现多久了？""]",记录出现时间、频率、照片或视频以及食欲、饮水、排尿排便和活动变化；若出现眼周严重损伤、快速扩散伴发热、拒食或明显疼痛等任一红旗表现，应立即就医或急诊；由兽医结合体检及必要检查判断，不要仅凭知识卡自行确诊或用药。,"[""眼周严重损伤"",""快速扩散伴发热"",""拒食或明显疼痛""]",猫脸部耳缘圆形脱毛结痂需检查；猫耳朵脸上很多痂；猫脸掉毛结痂；老挠；秃了一块；秃斑；挠耳朵；耳缘、鼻梁或面部结痂脱毛；可能瘙痒；皮肤癣菌病可出现脱毛、鳞屑和结痂，但外观并不特异；需要与寄生虫、过敏和其他皮肤病区分，并注意潜在人宠传播；眼周严重损伤；快速扩散伴发热；拒食或明显疼痛。,"[{""source_id"":""DOI-10.3390-microorganisms12081727"",""title"":""Dermatophytosis in Companion Animals in Portugal"",""url"":""https://www.mdpi.com/2076-2607/12/8/1727"",""license"":""CC BY 4.0"",""page_or_section"":""Abstract"",""verification_status"":""source_identity_license_and_locator_verified_2026-08-12; veterinary_claim_review_pending"",""support_note"":""中文内容为保守概括；来源用于支持主题、物种和风险边界，不代表个体诊断。"",""change_note"":""已在 v1.4 核对来源身份、商业许可、题名和定位；未逐字复制。""}]",Only verified CC BY/CC0 evidence is retained; attribution and change notices are mandatory.,true,phrase_expansion_and_new_cards_applied_v1_7,blocked_pending_mainland_China_licensed_veterinarian_review,true,test,false,21c49aeab925eb583d6533546558d70afbb273fb7b109314f6d215fca21f4ee9
MVP-DERM-019,1.8.0-open-mvp-retrieval-and-safety-repair-draft,zh-CN,犬皮肤反复感染时为什么要做细胞学,"[""dog""]",dermatology,common_disease_health_education_and_triage,,"[""皮肤感染为什么要取样"",""能不能直接吃消炎药"",""发烧""]","[""皮疹、脓疱、异味或复发性瘙痒""]","[""细胞学等检查有助于区分细菌、酵母和炎症类型"",""反复经验性使用抗菌药会增加误治和耐药风险""]","[""之前是否做过皮肤采样、显微镜检查或病原培养？"",""治疗结束后皮肤问题是完全好转，还是好转后又复发？"",""之前是否用过抗生素、抗真菌药或止痒药？""]",出现任一红旗（如深部感染/深部溃烂流脓、发热虚弱、病变快速扩散），应立即就医或急诊；若无上述情况，可记录发作时间、频率、照片/视频及食欲、饮水、排尿排便和活动变化，由兽医结合体检及必要检查判断，不要自行确诊或用药。,"[""深部感染"",""发热虚弱"",""病变快速扩散""]",犬皮肤反复感染时为什么要做细胞学；皮肤感染为什么要取样；能不能直接吃消炎药；发烧；皮疹、脓疱、异味或复发性瘙痒；细胞学等检查有助于区分细菌、酵母和炎症类型；反复经验性使用抗菌药会增加误治和耐药风险；深部感染；发热虚弱；病变快速扩散。,"[{""source_id"":""PMC12291705"",""title"":""Canine Pyoderma and Otitis Externa: A Retrospective Analysis of Multidrug-Resistant Bacterial Carriage in Hong Kong"",""url"":""https://pmc.ncbi.nlm.nih.gov/articles/PMC12291705/"",""license"":""CC BY 4.0"",""page_or_section"":""Abstract"",""verification_status"":""source_identity_license_and_locator_verified_2026-08-12; veterinary_claim_review_pending"",""support_note"":""中文内容为保守概括；来源用于支持主题、物种和风险边界，不代表个体诊断。"",""change_note"":""已在 v1.4 核对来源身份、商业许可、题名和定位；未逐字复制。""}]",Only verified CC BY/CC0 evidence is retained; attribution and change notices are mandatory.,true,phrase_expansion_and_new_cards_applied_v1_7,blocked_pending_mainland_China_licensed_veterinarian_review,true,test,false,eb72e52cc872b00264f7190c0e3dfd3c5d8e04e05dea844401c90564bfb0ab95
MVP-DERM-020,1.8.0-open-mvp-retrieval-and-safety-repair-draft,zh-CN,怀疑食物过敏不能只靠一次换粮,"[""cat"",""dog""]",dermatology,common_disease_health_education_and_triage,,"[""换个粮能测食物过敏吗"",""宠物是不是对鸡肉过敏"",""变瘦了"",""耳臭"",""我家狗一直挠，是不是食物过敏？"",""换了好几种粮还是痒，怎么办？"",""狗食物过敏一般有什么症状？""]","[""长期或非季节性瘙痒"",""可能伴耳炎或胃肠症状""]","[""食物不良反应与环境过敏临床表现可重叠"",""规范饮食试验需要控制所有食物来源并由兽医设计""]","[""是否有腹泻、软便或呕吐？"",""是否出现过面部肿胀或呼吸困难？"",""是否出现快速消瘦或拒食？""]",记录出现时间、频率、照片或视频以及食欲、饮水、排尿排便和活动变化；由兽医结合体检及必要检查判断，不要仅凭知识卡自行确诊或用药；出现任一红旗症状应立即就医或急诊。,"[""面部肿胀或呼吸困难"",""严重继发感染"",""快速消瘦拒食""]",怀疑食物过敏不能只靠一次换粮；换个粮能测食物过敏吗；宠物是不是对鸡肉过敏；变瘦了；耳臭；我家狗一直挠，是不是食物过敏？；换了好几种粮还是痒，怎么办？；狗食物过敏一般有什么症状？；长期或非季节性瘙痒；可能伴耳炎或胃肠症状；食物不良反应与环境过敏临床表现可重叠；规范饮食试验需要控制所有食物来源并由兽医设计；面部肿胀或呼吸困难；严重继发感染；快速消瘦拒食。,"[{""source_id"":""PMC4531508"",""title"":""Canine atopic dermatitis: detailed guidelines for diagnosis and allergen identification"",""url"":""https://pmc.ncbi.nlm.nih.gov/articles/PMC4531508/"",""license"":""CC BY 4.0"",""page_or_section"":""Abstract"",""verification_status"":""source_identity_license_and_locator_verified_2026-08-12; veterinary_claim_review_pending"",""support_note"":""中文内容为保守概括；来源用于支持主题、物种和风险边界，不代表个体诊断。"",""change_note"":""已在 v1.4 核对来源身份、商业许可、题名和定位；未逐字复制。""}]",Only verified CC BY/CC0 evidence is retained; attribution and change notices are mandatory.,true,phrase_expansion_and_new_cards_applied_v1_7,blocked_pending_mainland_China_licensed_veterinarian_review,true,test,false,02f98a78d3a3bc4d71324263392ab1ac89f5860042a36f82d1beb8182db4eb17
MVP-DERM-021,1.8.0-open-mvp-retrieval-and-safety-repair-draft,zh-CN,犬腹部腋下反复发红瘙痒,"[""dog""]",dermatology,common_disease_health_education_and_triage,,"[""狗肚皮红一直挠"",""腋下反复红"",""发烧""]","[""腹部、腋下或腹股沟红斑"",""舔抓"",""可能色素加深""]","[""犬特应性皮炎常累及特定部位并呈慢性复发"",""寄生虫、感染和食物反应需同时排查""]","[""瘙痒或皮疹是否有季节性变化？"",""是否同时有反复耳炎、频繁舔爪或趾间红肿？请分别说明有无及表现。"",""最近是否定期进行体外驱虫？使用什么产品？环境中是否有跳蚤或经常接触其他动物？""]",记录出现时间、频率、照片或视频以及食欲、饮水、排尿排便和活动变化；如出现任一红旗症状（大面积渗液感染、面部肿胀呼吸困难、发热精神差），应立即就医或急诊；由兽医结合体检及必要检查判断，不要仅凭知识卡自行确诊或用药。,"[""大面积渗液感染"",""面部肿胀呼吸困难"",""发热精神差""]",犬腹部腋下反复发红瘙痒；狗肚皮红一直挠；腋下反复红；发烧；腹部、腋下或腹股沟红斑；舔抓；可能色素加深；犬特应性皮炎常累及特定部位并呈慢性复发；寄生虫、感染和食物反应需同时排查；大面积渗液感染；面部肿胀呼吸困难；发热精神差。,"[{""source_id"":""PMC4531508"",""title"":""Canine atopic dermatitis: detailed guidelines for diagnosis and allergen identification"",""url"":""https://pmc.ncbi.nlm.nih.gov/articles/PMC4531508/"",""license"":""CC BY 4.0"",""page_or_section"":""Abstract"",""verification_status"":""source_identity_license_and_locator_verified_2026-08-12; veterinary_claim_review_pending"",""support_note"":""中文内容为保守概括；来源用于支持主题、物种和风险边界，不代表个体诊断。"",""change_note"":""已在 v1.4 核对来源身份、商业许可、题名和定位；未逐字复制。""}]",Only verified CC BY/CC0 evidence is retained; attribution and change notices are mandatory.,true,phrase_expansion_and_new_cards_applied_v1_7,blocked_pending_mainland_China_licensed_veterinarian_review,true,test,false,a10bd7ea7a7c80ce6b3ad766bcf5a12b5958b68ea3711563885bba3d162345ac
MVP-DERM-022,1.8.0-open-mvp-retrieval-and-safety-repair-draft,zh-CN,猫接种或用药后突然脸肿或出现全身反应,"[""cat""]",dermatology,common_disease_health_education_and_triage,,"[""宠物突然起包脸肿"",""全身像荨麻疹"",""吐黄水"",""吐白沫""]","[""突发风团"",""眼睑或口鼻肿胀"",""可能瘙痒""]","[""急性过敏反应可从皮肤表现进展到呼吸或循环异常"",""需要密切观察全身状态""]","[""呼吸是否困难或费力？"",""牙龈颜色是否苍白或发紫？"",""是否持续呕吐？""]",出现面部肿胀应立即联系宠物医院；伴呼吸困难、呕吐或倒地时立即急诊。,"[""呼吸困难"",""持续呕吐"",""倒地或牙龈苍白发紫""]",猫接种或用药后突然脸肿或出现全身反应；宠物突然起包脸肿；全身像荨麻疹；吐黄水；吐白沫；突发风团；眼睑或口鼻肿胀；可能瘙痒；急性过敏反应可从皮肤表现进展到呼吸或循环异常；需要密切观察全身状态；呼吸困难；持续呕吐；倒地或牙龈苍白发紫。,"[{""source_id"":""PMC10459272"",""title"":""Feline Injection-Site Sarcoma and Other Adverse Reactions to Vaccination in Cats"",""url"":""https://pmc.ncbi.nlm.nih.gov/articles/PMC10459272/"",""license"":""CC BY 4.0"",""page_or_section"":""Abstract"",""verification_status"":""source_identity_license_and_locator_verified_2026-08-12; veterinary_claim_review_pending"",""support_note"":""中文内容为保守概括；来源用于支持主题、物种和风险边界，不代表个体诊断。"",""change_note"":""已在 v1.4 核对来源身份、商业许可、题名和定位；未逐字复制。""}]",Only verified CC BY/CC0 evidence is retained; attribution and change notices are mandatory.,true,phrase_expansion_and_new_cards_applied_v1_7,blocked_pending_mainland_China_licensed_veterinarian_review,true,test,false,595beff923f663026c82ae3bcda884aee8764c5c540b578cb7c8988e646ec9b3
MVP-EYE-007,1.8.0-open-mvp-retrieval-and-safety-repair-draft,zh-CN,猫眼睛突然大量流泪并眯眼,"[""cat""]",eye,common_disease_health_education_and_triage,,"[""猫一只眼一直流泪"",""猫突然睁不开眼""]","[""单眼流泪"",""眯眼"",""畏光或揉眼""]","[""眯眼和流泪提示眼部疼痛，角膜损伤是需要排除的重要原因"",""不能仅按普通结膜炎观察""]","[""这只眼睛是否有分泌物？如果有，是清亮、黄绿色黏稠，还是多到封眼？"",""黑眼珠是否发白、浑浊，或眼睛表面看起来有凹坑/不平？"",""最近这只眼睛是否被撞到、抓挠或进入过异物？""]",记录出现时间、频率、照片或视频以及食欲、饮水、排尿排便和活动变化；若出现任一红旗（角膜浑浊或凹陷、眼球外伤、突然看不见），应立即就医或急诊；由兽医结合体检及必要检查判断，不要仅凭知识卡自行确诊或用药。,"[""角膜浑浊或凹陷"",""眼球外伤"",""突然看不见""]",猫眼睛突然大量流泪并眯眼；猫一只眼一直流泪；猫突然睁不开眼；单眼流泪；眯眼；畏光或揉眼；眯眼和流泪提示眼部疼痛，角膜损伤是需要排除的重要原因；不能仅按普通结膜炎观察；角膜浑浊或凹陷；眼球外伤；突然看不见。,"[{""source_id"":""PMC12291713"",""title"":""Recurrent vs. Nonrecurrent Superficial Non-Healing Corneal Ulcers in Cats: A Multifactorial Retrospective Analysis"",""url"":""https://pmc.ncbi.nlm.nih.gov/articles/PMC12291713/"",""license"":""CC BY 4.0"",""page_or_section"":""Abstract"",""verification_status"":""source_identity_license_and_locator_verified_2026-08-12; veterinary_claim_review_pending"",""support_note"":""中文内容为保守概括；来源用于支持主题、物种和风险边界，不代表个体诊断。"",""change_note"":""已在 v1.4 核对来源身份、商业许可、题名和定位；未逐字复制。""}]",Only verified CC BY/CC0 evidence is retained; attribution and change notices are mandatory.,true,phrase_expansion_and_new_cards_applied_v1_7,blocked_pending_mainland_China_licensed_veterinarian_review,true,test,false,aa252040ba0b94f17449a659aee5b20003bb16dc8a0aa47da98585196a2ba9ad
MVP-EYE-008,1.8.0-open-mvp-retrieval-and-safety-repair-draft,zh-CN,猫角膜溃疡需要按时复查,"[""cat""]",eye,common_disease_health_education_and_triage,,"[""猫角膜溃疡多久复查"",""眼睛好点能停药吗""]","[""已诊断角膜溃疡"",""眯眼可能改善但未完全消失""]","[""猫角膜溃疡可能复发或愈合延迟"",""症状改善不等于角膜已经完全愈合""]","[""是否出现疼痛突然加重、角膜明显浑浊或凹陷、视力下降等任一紧急表现？"",""是否已经自行停用或减少眼部药物？"",""是否按约定时间完成复查？""]",请遵医嘱继续使用眼部药物，不要因为症状减轻就自行停药，并按约定时间复查。居家重点记录眼部分泌物、眯眼频率和角膜外观变化。若出现疼痛突然加重、角膜明显浑浊或凹陷、视力下降等任一红旗表现，立即前往兽医急诊。,"[""疼痛突然加重"",""角膜明显浑浊或凹陷"",""视力下降""]",猫角膜溃疡需要按时复查；猫角膜溃疡多久复查；眼睛好点能停药吗；已诊断角膜溃疡；眯眼可能改善但未完全消失；猫角膜溃疡可能复发或愈合延迟；症状改善不等于角膜已经完全愈合；疼痛突然加重；角膜明显浑浊或凹陷；视力下降。,"[{""source_id"":""PMC12291713"",""title"":""Recurrent vs. Nonrecurrent Superficial Non-Healing Corneal Ulcers in Cats: A Multifactorial Retrospective Analysis"",""url"":""https://pmc.ncbi.nlm.nih.gov/articles/PMC12291713/"",""license"":""CC BY 4.0"",""page_or_section"":""Abstract"",""verification_status"":""source_identity_license_and_locator_verified_2026-08-12; veterinary_claim_review_pending"",""support_note"":""中文内容为保守概括；来源用于支持主题、物种和风险边界，不代表个体诊断。"",""change_note"":""已在 v1.4 核对来源身份、商业许可、题名和定位；未逐字复制。""}]",Only verified CC BY/CC0 evidence is retained; attribution and change notices are mandatory.,true,phrase_expansion_and_new_cards_applied_v1_7,blocked_pending_mainland_China_licensed_veterinarian_review,true,test,false,2921e8b181147dae333e55446f5c185f83b29d067865bbdc8ae0154ee53e4937
MVP-EYE-009,1.8.0-open-mvp-retrieval-and-safety-repair-draft,zh-CN,短头犬眼球突出容易受伤,"[""dog""]",eye,common_disease_health_education_and_triage,,"[""巴哥眼睛容易受伤吗"",""法斗总揉眼""]","[""眼球较突出"",""可能频繁揉眼或流泪""]","[""短头犬角膜暴露和眼表疾病风险较高"",""揉眼或眯眼需要及时排除溃疡""]","[""眼球是否比平时更突出、无法完全闭眼或眼周肿胀？"",""是否突然眯眼、频繁眨眼或流泪？"",""是否突然失明或走路撞东西？""]",记录出现时间、频率、照片或视频以及食欲、饮水、排尿排便和活动变化；由兽医结合体检及必要检查判断，不要仅凭知识卡自行确诊或用药；若出现上述任一红旗表现，请立即就医或急诊。,"[""眼球脱出或裂伤"",""角膜凹陷浑浊"",""突然失明""]",短头犬眼球突出容易受伤；巴哥眼睛容易受伤吗；法斗总揉眼；眼球较突出；可能频繁揉眼或流泪；短头犬角膜暴露和眼表疾病风险较高；揉眼或眯眼需要及时排除溃疡；眼球脱出或裂伤；角膜凹陷浑浊；突然失明。,"[{""source_id"":""PMC11851709"",""title"":""The Prevalence of Corneal Disorders in Pugs Attending Primary Care Veterinary Practices in Australia"",""url"":""https://pmc.ncbi.nlm.nih.gov/articles/PMC11851709/"",""license"":""CC BY 4.0"",""page_or_section"":""Abstract"",""verification_status"":""source_identity_license_and_locator_verified_2026-08-12; veterinary_claim_review_pending"",""support_note"":""中文内容为保守概括；来源用于支持主题、物种和风险边界，不代表个体诊断。"",""change_note"":""已在 v1.4 核对来源身份、商业许可、题名和定位；未逐字复制。""}]",Only verified CC BY/CC0 evidence is retained; attribution and change notices are mandatory.,true,phrase_expansion_and_new_cards_applied_v1_7,blocked_pending_mainland_China_licensed_veterinarian_review,true,test,false,460e7af8e1a8e0ff554f24f98dccf2862737a59b0c3c2a22175d9c279194da0e
MVP-EYE-010,1.8.0-open-mvp-retrieval-and-safety-repair-draft,zh-CN,犬眼睛干涩并有黏稠分泌物,"[""dog""]",eye,common_disease_health_education_and_triage,,"[""狗眼睛很干有黄绿色眼屎"",""狗干眼症""]","[""黏稠分泌物"",""结膜发红"",""角膜表面暗淡""]","[""干眼可导致眼表炎症并增加角膜损伤风险"",""需要泪液检查等确认，不能长期自行点抗生素眼药""]","[""症状是单眼还是双眼出现？"",""这种干涩和黏稠分泌物的情况持续多久了？"",""是否有长期或近期用药史（包括眼药和口服药）？""]",记录出现时间、频率、照片或视频以及食欲、饮水、排尿排便和活动变化；若出现角膜浑浊/溃疡、明显眼痛或视力突然下降等任一红旗，应立即就医或急诊；由兽医结合体检及必要检查判断，不要仅凭知识卡自行确诊或用药。,"[""角膜浑浊或溃疡"",""明显眼痛"",""视力突然下降""]",犬眼睛干涩并有黏稠分泌物；狗眼睛很干有黄绿色眼屎；狗干眼症；黏稠分泌物；结膜发红；角膜表面暗淡；干眼可导致眼表炎症并增加角膜损伤风险；需要泪液检查等确认，不能长期自行点抗生素眼药；角膜浑浊或溃疡；明显眼痛；视力突然下降。,"[{""source_id"":""PMC11851709"",""title"":""The Prevalence of Corneal Disorders in Pugs Attending Primary Care Veterinary Practices in Australia"",""url"":""https://pmc.ncbi.nlm.nih.gov/articles/PMC11851709/"",""license"":""CC BY 4.0"",""page_or_section"":""Abstract"",""verification_status"":""source_identity_license_and_locator_verified_2026-08-12; veterinary_claim_review_pending"",""support_note"":""中文内容为保守概括；来源用于支持主题、物种和风险边界，不代表个体诊断。"",""change_note"":""已在 v1.4 核对来源身份、商业许可、题名和定位；未逐字复制。""}]",Only verified CC BY/CC0 evidence is retained; attribution and change notices are mandatory.,true,phrase_expansion_and_new_cards_applied_v1_7,blocked_pending_mainland_China_licensed_veterinarian_review,true,test,false,36323942ca5bec413b29816d42781c375cf2fbfd5ca0e155e019176c84fe5c99
MVP-EYE-011,1.8.0-open-mvp-retrieval-and-safety-repair-draft,zh-CN,猫两只瞳孔大小突然不一样,"[""cat""]",eye,common_disease_health_education_and_triage,,"[""一只瞳孔大一只小"",""宠物大小眼""]","[""瞳孔不等大"",""可能伴眼痛或视力变化""]","[""瞳孔不等大可伴眼内病变，也可能有其他眼科或神经原因"",""突然出现并伴疼痛、视力或神经变化时需尽快检查""]","[""猫咪现在有没有走路不稳、转圈、歪头或精神变差？"",""猫咪是不是突然看不见了，比如会撞到东西或对眼前物体没反应？"",""猫咪眼睛有没有受过外伤，或者出现频繁眨眼、流泪、怕光、抓挠等剧痛表现？""]",记录出现时间、频率、照片或视频以及食欲、饮水、排尿排便和活动变化；由兽医结合体检及必要检查判断，不要仅凭知识卡自行确诊或用药；若出现上述任一红旗表现，请立即就医或急诊。,"[""突然失明"",""意识或步态异常"",""眼球外伤或剧烈疼痛""]",猫两只瞳孔大小突然不一样；一只瞳孔大一只小；宠物大小眼；瞳孔不等大；可能伴眼痛或视力变化；瞳孔不等大可伴眼内病变，也可能有其他眼科或神经原因；突然出现并伴疼痛、视力或神经变化时需尽快检查；突然失明；意识或步态异常；眼球外伤或剧烈疼痛。,"[{""source_id"":""PMC9350498"",""title"":""Feline intralenticular Encephalitozoon cuniculi : three cases from California"",""url"":""https://pmc.ncbi.nlm.nih.gov/articles/PMC9350498/"",""license"":""CC BY 4.0"",""page_or_section"":""Case series description"",""verification_status"":""source_identity_license_and_locator_verified_2026-08-12; veterinary_claim_review_pending"",""support_note"":""中文内容为保守概括；来源用于支持主题、物种和风险边界，不代表个体诊断。"",""change_note"":""已在 v1.4 核对来源身份、商业许可、题名和定位；未逐字复制。""}]",Only verified CC BY/CC0 evidence is retained; attribution and change notices are mandatory.,true,phrase_expansion_and_new_cards_applied_v1_7,blocked_pending_mainland_China_licensed_veterinarian_review,true,test,false,825e38675f3df0e7485efa44ef6d168b18f55eeb9accbd576a68bf5b087f520c
MVP-EYE-012,1.8.0-open-mvp-retrieval-and-safety-repair-draft,zh-CN,犬内眼角出现红色圆形组织,"[""dog""]",eye,common_disease_health_education_and_triage,,"[""狗眼角有红色肉球"",""狗第三眼睑腺脱出""]","[""内眼角出现红色圆形组织"",""可能流泪或眼表刺激""]","[""犬第三眼睑腺脱出常表现为内眼角红色组织"",""外观相似的眼部问题仍需检查确认，不要自行按压复位""]","[""是否突然出现视力下降或丧失？"",""眼球是否明显突出？"",""角膜是否混浊或出现溃疡？""]",记录出现时间、频率、照片或视频以及食欲、饮水、排尿排便和活动变化；由兽医结合体检及必要检查判断，不要仅凭知识卡自行确诊或用药；若出现上述任一红旗表现，请立即就医或急诊。,"[""突发视力下降或丧失"",""眼球突出"",""角膜浑浊或溃疡"",""明显眼痛"",""眼球外伤"",""精神极差或持续呕吐""]",犬内眼角出现红色圆形组织；狗眼角有红色肉球；狗第三眼睑腺脱出；内眼角出现红色圆形组织；可能流泪或眼表刺激；犬第三眼睑腺脱出常表现为内眼角红色组织；外观相似的眼部问题仍需检查确认，不要自行按压复位；突发视力下降或丧失；眼球突出；角膜浑浊或溃疡；明显眼痛；眼球外伤；精神极差或持续呕吐。,"[{""source_id"":""PMC8791520"",""title"":""Breed and conformational predispositions for prolapsed nictitating membrane gland (PNMG) in dogs in the UK: A VetCompass study"",""url"":""https://pmc.ncbi.nlm.nih.gov/articles/PMC8791520/"",""license"":""CC BY 4.0"",""page_or_section"":""Abstract"",""verification_status"":""source_identity_license_and_locator_verified_2026-08-12; veterinary_claim_review_pending"",""support_note"":""中文内容为保守概括；来源用于支持主题、物种和风险边界，不代表个体诊断。"",""change_note"":""已在 v1.4 核对来源身份、商业许可、题名和定位；未逐字复制。""}]",Only verified CC BY/CC0 evidence is retained; attribution and change notices are mandatory.,true,phrase_expansion_and_new_cards_applied_v1_7,blocked_pending_mainland_China_licensed_veterinarian_review,true,test,false,64f2fde7c2d5ea1646af24fb7d49150559e88234d16a874d5fc7cdb5335cf040
MVP-EYE-013,1.8.0-open-mvp-retrieval-and-safety-repair-draft,zh-CN,犬眼睛突然出现蓝白色浑浊,"[""dog""]",eye,common_disease_health_education_and_triage,,"[""狗眼睛突然变白"",""角膜蓝蓝的"",""狗眼睛发白是不是白内障"",""狗狗眼睛中间看起来雾雾的"",""老狗视力变差晚上会撞到东西"",""狗白内障怎么办要不要手术""]","[""角膜或眼内出现蓝白浑浊"",""可能眯眼或视力下降""]","[""突然浑浊可见于角膜水肿、青光眼、晶状体相关急症等"",""外观无法安全区分病因""]","[""是否出现剧烈眼痛，如频繁眯眼、眨眼、流泪或躲避触摸？"",""是否突然撞到东西或表现出视力明显下降？"",""眼球外观是否突然明显异常，例如变大、突出或眼红快速加重？""]",记录出现时间、频率、照片或视频以及食欲、饮水、排尿排便和活动变化；由兽医结合体检及必要检查判断，不要仅凭知识卡自行确诊或用药；若出现上述任一红旗表现，请立即就医或急诊。,"[""剧烈眼痛"",""突然失明"",""眼球外伤"",""眼球明显变大"",""眼红快速加重"",""角膜破溃或流脓""]",犬眼睛突然出现蓝白色浑浊；狗眼睛突然变白；角膜蓝蓝的；狗眼睛发白是不是白内障；狗狗眼睛中间看起来雾雾的；老狗视力变差晚上会撞到东西；狗白内障怎么办要不要手术；角膜或眼内出现蓝白浑浊；可能眯眼或视力下降；突然浑浊可见于角膜水肿、青光眼、晶状体相关急症等；外观无法安全区分病因；剧烈眼痛；突然失明；眼球外伤；眼球明显变大；眼红快速加重；角膜破溃或流脓。,"[{""source_id"":""PMC10353131"",""title"":""Lens-related ocular emergencies (LROE) in dogs: treatment and visual outcome after late presentation of 90 eyes"",""url"":""https://pmc.ncbi.nlm.nih.gov/articles/PMC10353131/"",""license"":""CC BY 4.0"",""page_or_section"":""Abstract"",""verification_status"":""source_identity_license_and_locator_verified_2026-08-12; veterinary_claim_review_pending"",""support_note"":""中文内容为保守概括；来源用于支持主题、物种和风险边界，不代表个体诊断。"",""change_note"":""已在 v1.4 核对来源身份、商业许可、题名和定位；未逐字复制。""}]",Only verified CC BY/CC0 evidence is retained; attribution and change notices are mandatory.,true,phrase_expansion_and_new_cards_applied_v1_7,blocked_pending_mainland_China_licensed_veterinarian_review,true,test,false,7dbace89beb448272bffa17715621dfa4024bd7fa687897a32a042f101f89219
MVP-EYE-014,1.8.0-open-mvp-retrieval-and-safety-repair-draft,zh-CN,猫眼鼻分泌物不能只按颜色判断是否细菌感染,"[""cat""]",eye,common_disease_health_education_and_triage,,"[""黄眼屎就是细菌感染吗"",""要不要点抗生素眼药"",""喷鼻""]","[""清亮、黏液或脓样分泌物"",""可能结膜红"",""鼻分泌物"",""打喷嚏""]","[""猫眼鼻分泌物可见于多种呼吸道病原和混合感染"",""分泌物颜色本身不能确定病原，也不能单独决定是否使用抗菌药""]","[""是单眼还是双眼出现分泌物？"",""是否明显疼痛（如眯眼、抓眼）？"",""是否有鼻分泌物？""]",记录出现时间、频率、照片或视频以及食欲、饮水、排尿排便和活动变化；出现任一红旗（如角膜浑浊、眼球突出、突然视力下降、呼吸急促或张口呼吸、严重嗜睡、食欲废绝、眼球外伤等）应立即就医或急诊；由兽医结合体检及必要检查判断，不要仅凭知识卡自行确诊或用药。,"[""角膜浑浊"",""眼球外伤"",""突然视力下降"",""呼吸急促或张口呼吸"",""严重嗜睡"",""食欲废绝"",""眼球突出""]",猫眼鼻分泌物不能只按颜色判断是否细菌感染；黄眼屎就是细菌感染吗；要不要点抗生素眼药；喷鼻；清亮、黏液或脓样分泌物；可能结膜红；鼻分泌物；打喷嚏；猫眼鼻分泌物可见于多种呼吸道病原和混合感染；分泌物颜色本身不能确定病原，也不能单独决定是否使用抗菌药；角膜浑浊；眼球外伤；突然视力下降；呼吸急促或张口呼吸；严重嗜睡；食欲废绝；眼球突出。,"[{""source_id"":""PMC11405337"",""title"":""Feline respiratory disease complex: insights into the role of viral and bacterial co-infections"",""url"":""https://pmc.ncbi.nlm.nih.gov/articles/PMC11405337/"",""license"":""CC BY 4.0"",""page_or_section"":""Abstract"",""verification_status"":""source_identity_license_and_locator_verified_2026-08-12; veterinary_claim_review_pending"",""support_note"":""中文内容为保守概括；来源用于支持主题、物种和风险边界，不代表个体诊断。"",""change_note"":""已在 v1.4 核对来源身份、商业许可、题名和定位；未逐字复制。""}]",Only verified CC BY/CC0 evidence is retained; attribution and change notices are mandatory.,true,phrase_expansion_and_new_cards_applied_v1_7,blocked_pending_mainland_China_licensed_veterinarian_review,true,test,false,8b7803aeeed69798a873edb25cc8b853e2875d6ea2136a23504e341b34c2c35e
MVP-EAR-004,1.8.0-open-mvp-retrieval-and-safety-repair-draft,zh-CN,犬外耳炎反复发作,"[""dog""]",ear,common_disease_health_education_and_triage,,"[""狗耳炎总复发"",""耳朵好了又臭"",""发烧"",""挠耳朵"",""耳臭"",""耳朵有味""]","[""抓耳甩头反复"",""耳道红、异味或分泌物""]","[""犬外耳炎常有过敏、耳道结构或感染等基础因素"",""反复发作需要寻找原因而不是长期重复同一种滴耳液""]","[""这次是单耳还是双耳出现症状？"",""以前是否做过耳道采样或细胞学检查？"",""之前用过哪些耳药、洗耳液或清洁产品？""]",记录出现时间、频率、照片或视频以及食欲、饮水、排尿排便和活动变化；由兽医结合体检及必要检查判断，不要仅凭知识卡自行确诊或用药。出现任一红旗（头歪站不稳、耳道剧痛肿闭、精神差发热）应立即就医或急诊。,"[""头歪站不稳"",""耳道剧痛肿闭"",""精神差发热""]",犬外耳炎反复发作；狗耳炎总复发；耳朵好了又臭；发烧；挠耳朵；耳臭；耳朵有味；抓耳甩头反复；耳道红、异味或分泌物；犬外耳炎常有过敏、耳道结构或感染等基础因素；反复发作需要寻找原因而不是长期重复同一种滴耳液；头歪站不稳；耳道剧痛肿闭；精神差发热。,"[{""source_id"":""PMC12291705"",""title"":""Canine Pyoderma and Otitis Externa: A Retrospective Analysis of Multidrug-Resistant Bacterial Carriage in Hong Kong"",""url"":""https://pmc.ncbi.nlm.nih.gov/articles/PMC12291705/"",""license"":""CC BY 4.0"",""page_or_section"":""Abstract"",""verification_status"":""source_identity_license_and_locator_verified_2026-08-12; veterinary_claim_review_pending"",""support_note"":""中文内容为保守概括；来源用于支持主题、物种和风险边界，不代表个体诊断。"",""change_note"":""已在 v1.4 核对来源身份、商业许可、题名和定位；未逐字复制。""}]",Only verified CC BY/CC0 evidence is retained; attribution and change notices are mandatory.,true,phrase_expansion_and_new_cards_applied_v1_7,blocked_pending_mainland_China_licensed_veterinarian_review,true,test,false,2612e96a180a7cb60397c941842345f4dcc3a4c5be24dc5c76ad7a2b8a0a1761
MVP-EAR-005,1.8.0-open-mvp-retrieval-and-safety-repair-draft,zh-CN,犬耳廓突然鼓起像水袋,"[""dog""]",ear,common_disease_health_education_and_triage,,"[""狗耳朵肿成包"",""耳廓像装水"",""挠耳朵"",""耳臭"",""耳朵有味"",""我家狗一直甩头挠耳朵，现在耳廓变厚了"",""狗狗耳朵肿了是耳血肿吗，能自己消吗"",""耳血肿和耳螨有关系吗"",""狗耳朵肿起来需要马上带去医院吗""]","[""耳廓柔软或紧张性肿胀"",""常伴甩头抓耳""]","[""耳血肿常与剧烈甩头抓耳有关"",""还需要处理导致抓耳的外耳炎或其他基础问题""]","[""耳廓肿胀是什么时候出现的？增大速度是突然变大还是逐渐变大？"",""最近是否有频繁甩头或抓挠耳朵的表现？"",""耳道内是否有分泌物或异味？""]",记录肿胀出现时间、大小变化、甩头抓耳频率、耳道分泌物或异味以及食欲精神变化；由兽医结合体检及必要检查判断，不要仅凭知识卡自行确诊或用药。若出现持续出血、剧烈疼痛、头歪或站立不稳等任一红旗表现，应立即就医或急诊。,"[""持续出血"",""剧烈疼痛"",""头歪或站立不稳""]",犬耳廓突然鼓起像水袋；狗耳朵肿成包；耳廓像装水；挠耳朵；耳臭；耳朵有味；我家狗一直甩头挠耳朵，现在耳廓变厚了；狗狗耳朵肿了是耳血肿吗，能自己消吗；耳血肿和耳螨有关系吗；狗耳朵肿起来需要马上带去医院吗；耳廓柔软或紧张性肿胀；常伴甩头抓耳；耳血肿常与剧烈甩头抓耳有关；还需要处理导致抓耳的外耳炎或其他基础问题；持续出血；剧烈疼痛；头歪或站立不稳。,"[{""source_id"":""PMC10417061"",""title"":""Platelet- Rich Plasma Treatment Supported by Ultrasound Detection of Septa in Recurrent Canine Aural Hematoma: A Case Series"",""url"":""https://pmc.ncbi.nlm.nih.gov/articles/PMC10417061/"",""license"":""CC BY 4.0"",""page_or_section"":""Abstract"",""verification_status"":""source_identity_license_and_locator_verified_2026-08-12; veterinary_claim_review_pending"",""support_note"":""中文内容为保守概括；来源用于支持主题、物种和风险边界，不代表个体诊断。"",""change_note"":""已在 v1.4 核对来源身份、商业许可、题名和定位；未逐字复制。""}]",Only verified CC BY/CC0 evidence is retained; attribution and change notices are mandatory.,true,phrase_expansion_and_new_cards_applied_v1_7,blocked_pending_mainland_China_licensed_veterinarian_review,true,test,false,1e0ea9ba5a9f84f2356a399d964c4a5cd72376942bc88d44c4d5b6d497c9c591
MVP-EAR-006,1.8.0-open-mvp-retrieval-and-safety-repair-draft,zh-CN,散步后犬单侧突然甩头需排查耳道异物,"[""dog""]",ear,common_disease_health_education_and_triage,,"[""狗散步后突然甩一边耳朵"",""耳朵进草籽了"",""挠耳朵""]","[""突然单侧甩头抓耳"",""耳道疼痛""]","[""草籽等异物可与急性单侧耳部不适有关"",""突然剧烈甩头、疼痛或歪头时应先检查耳道，不要盲目冲洗""]","[""是否出现头歪、走路不稳或眼睛不受控抖动？"",""耳道是否有明显出血？"",""触碰耳朵时是否剧痛、抗拒或无法触碰？""]",若出现明显出血、剧痛无法触碰或头歪站不稳等任一红旗表现，请立即就医，不要仅在家记录观察；若暂无上述表现，可记录出现时间、频率、照片或视频以及食欲、饮水、排尿排便和活动变化，并由兽医结合体检及必要检查判断，不要仅凭知识卡自行确诊或用药。,"[""明显出血"",""剧痛无法触碰"",""头歪站不稳""]",散步后犬单侧突然甩头需排查耳道异物；狗散步后突然甩一边耳朵；耳朵进草籽了；挠耳朵；突然单侧甩头抓耳；耳道疼痛；草籽等异物可与急性单侧耳部不适有关；突然剧烈甩头、疼痛或歪头时应先检查耳道，不要盲目冲洗；明显出血；剧痛无法触碰；头歪站不稳。,"[{""source_id"":""PMC10795400"",""title"":""English Cocker Spaniels under primary veterinary care in the UK: disorder predispositions and protections"",""url"":""https://pmc.ncbi.nlm.nih.gov/articles/PMC10795400/"",""license"":""CC BY 4.0"",""page_or_section"":""Abstract"",""verification_status"":""source_identity_license_and_locator_verified_2026-08-12; veterinary_claim_review_pending"",""support_note"":""中文内容为保守概括；来源用于支持主题、物种和风险边界，不代表个体诊断。"",""change_note"":""已在 v1.4 核对来源身份、商业许可、题名和定位；未逐字复制。""},{""source_id"":""PMC9032795"",""title"":""A Review of Recent Developments in Veterinary Otology"",""url"":""https://pmc.ncbi.nlm.nih.gov/articles/PMC9032795/"",""license"":""CC BY 4.0"",""page_or_section"":""Abstract"",""verification_status"":""source_identity_license_and_locator_verified_2026-08-12; veterinary_claim_review_pending"",""support_note"":""中文内容为保守概括；来源用于支持主题、物种和风险边界，不代表个体诊断。"",""change_note"":""已在 v1.4 核对来源身份、商业许可、题名和定位；未逐字复制。""}]",Only verified CC BY/CC0 evidence is retained; attribution and change notices are mandatory.,true,phrase_expansion_and_new_cards_applied_v1_7,blocked_pending_mainland_China_licensed_veterinarian_review,true,test,false,d096ea021c022befbce329c50b01b3f9662282931e533c31967c6a3589f259f1
MVP-EAR-007,1.8.0-open-mvp-retrieval-and-safety-repair-draft,zh-CN,猫耳缘结痂脱毛不一定只是耳螨,"[""cat""]",ear,common_disease_health_education_and_triage,,"[""猫耳朵边缘有痂"",""耳尖掉毛"",""秃了一块"",""秃斑""]","[""耳缘结痂脱毛"",""可能瘙痒""]","[""猫耳缘结痂脱毛可能由猫疥螨、皮肤癣菌、外寄生虫或过敏等多种原因引起"",""仅凭耳缘结痂脱毛的外观不能确定具体病因，需要兽医检查确诊""]","[""猫咪近期是否外出或接触过其他猫？"",""家中其他宠物或人是否出现皮肤损伤？"",""耳缘结痂脱毛是只在一侧耳缘还是双侧都有？""]",记录出现时间、频率、照片或视频以及食欲、饮水、排尿排便和活动变化；若出现任一红旗，应立即就医或急诊；由兽医结合体检及必要检查判断，不要仅凭知识卡自行确诊或用药。,"[""快速扩散"",""眼周损伤"",""发热拒食"",""头部倾斜或走路不稳"",""眼球不自主颤动"",""耳道流脓或带血"",""耳廓明显肿胀或剧烈疼痛"",""面部歪斜或闭眼困难""]",猫耳缘结痂脱毛不一定只是耳螨；猫耳朵边缘有痂；耳尖掉毛；秃了一块；秃斑；耳缘结痂脱毛；可能瘙痒；猫耳缘结痂脱毛可能由猫疥螨、皮肤癣菌、外寄生虫或过敏等多种原因引起；仅凭耳缘结痂脱毛的外观不能确定具体病因，需要兽医检查确诊；快速扩散；眼周损伤；发热拒食；头部倾斜或走路不稳；眼球不自主颤动；耳道流脓或带血；耳廓明显肿胀或剧烈疼痛；面部歪斜或闭眼困难。,"[{""source_id"":""PMC12983938"",""title"":""Prevalence of Otitis Externa in a Population of Owned Cats in Northern Italy"",""url"":""https://pmc.ncbi.nlm.nih.gov/articles/PMC12983938/"",""license"":""CC BY 4.0"",""page_or_section"":""Abstract"",""verification_status"":""source_identity_license_and_locator_verified_2026-08-12; veterinary_claim_review_pending"",""support_note"":""中文内容为保守概括；来源用于支持主题、物种和风险边界，不代表个体诊断。"",""change_note"":""已在 v1.4 核对来源身份、商业许可、题名和定位；未逐字复制。""},{""source_id"":""PMC8158496"",""title"":""Feline Otitis Externa Caused by Methicillin-Resistant Staphylococcus aureus with Mixed Hemolytic Phenotype and Overview of Possible Genetic Backgrounds"",""url"":""https://pmc.ncbi.nlm.nih.gov/articles/PMC8158496/"",""license"":""CC BY 4.0"",""page_or_section"":""Abstract"",""verification_status"":""source_identity_license_and_locator_verified_2026-08-12; veterinary_claim_review_pending"",""support_note"":""中文内容为保守概括；来源用于支持主题、物种和风险边界，不代表个体诊断。"",""change_note"":""已在 v1.4 核对来源身份、商业许可、题名和定位；未逐字复制。""}]",Only verified CC BY/CC0 evidence is retained; attribution and change notices are mandatory.,true,phrase_expansion_and_new_cards_applied_v1_7,blocked_pending_mainland_China_licensed_veterinarian_review,true,test,false,c9d0aa2d3e8abaf66deac63612732943d8928fe724b948e331d78d69b89f821b
MVP-EAR-008,1.8.0-open-mvp-retrieval-and-safety-repair-draft,zh-CN,宠物耳道疼痛时先检查再清洁,"[""dog""]",ear,common_disease_health_education_and_triage,,"[""能用棉签给宠物掏耳朵吗"",""耳朵很脏怎么挖""]","[""耳道有分泌物或异味""]","[""耳道疼痛、肿胀或大量分泌物需要耳镜和细胞学等检查"",""未确认鼓膜和耳道情况前，不要把棉签或器具深入耳道""]","[""最近是否给宠物用过洗耳液、滴耳药或棉签/工具清理耳道？"",""出现耳痛前是否洗澡、游泳或耳道进水？"",""耳道不适出现多久了？""]",如近期使用过清洁液、滴耳药或掏耳后出现疼痛，应暂停清洁并咨询兽医；记录出现时间、频率、照片或视频以及食欲、饮水、排尿排便和活动变化；出现任一红旗（耳道出血、头歪站不稳、剧烈疼痛）应立即就医或急诊；由兽医结合体检及必要检查判断，不要仅凭知识卡自行确诊或用药。,"[""耳道出血"",""头歪站不稳"",""剧烈疼痛""]",宠物耳道疼痛时先检查再清洁；能用棉签给宠物掏耳朵吗；耳朵很脏怎么挖；耳道有分泌物或异味；耳道疼痛、肿胀或大量分泌物需要耳镜和细胞学等检查；未确认鼓膜和耳道情况前，不要把棉签或器具深入耳道；耳道出血；头歪站不稳；剧烈疼痛。,"[{""source_id"":""PMC9032795"",""title"":""A Review of Recent Developments in Veterinary Otology"",""url"":""https://pmc.ncbi.nlm.nih.gov/articles/PMC9032795/"",""license"":""CC BY 4.0"",""page_or_section"":""Abstract"",""verification_status"":""source_identity_license_and_locator_verified_2026-08-12; veterinary_claim_review_pending"",""support_note"":""中文内容为保守概括；来源用于支持主题、物种和风险边界，不代表个体诊断。"",""change_note"":""已在 v1.4 核对来源身份、商业许可、题名和定位；未逐字复制。""},{""source_id"":""PMC9324598"",""title"":""External Ear Canal Evaluation in Dogs with Chronic Suppurative Otitis Externa: Comparison of Direct Cytology, Bacterial Culture and 16S Amplicon Profiling"",""url"":""https://pmc.ncbi.nlm.nih.gov/articles/PMC9324598/"",""license"":""CC BY 4.0"",""page_or_section"":""Abstract"",""verification_status"":""source_identity_license_and_locator_verified_2026-08-12; veterinary_claim_review_pending"",""support_note"":""中文内容为保守概括；来源用于支持主题、物种和风险边界，不代表个体诊断。"",""change_note"":""已在 v1.4 核对来源身份、商业许可、题名和定位；未逐字复制。""}]",Only verified CC BY/CC0 evidence is retained; attribution and change notices are mandatory.,true,phrase_expansion_and_new_cards_applied_v1_7,blocked_pending_mainland_China_licensed_veterinarian_review,true,test,false,b5e9835badb517d5cc2506a52148acfdf63808bbeeb607904dc998251b746170
MVP-EAR-009,1.8.0-open-mvp-retrieval-and-safety-repair-draft,zh-CN,耳病伴头歪或走路不稳,"[""cat"",""dog""]",ear,common_disease_health_education_and_triage,,"[""宠物耳朵不舒服还头歪"",""走路东倒西歪"",""吐黄水"",""吐白沫""]","[""头歪"",""眼球震颤"",""平衡异常"",""可能伴耳痛""]","[""外耳症状合并前庭异常可能提示中耳、内耳或神经系统受累"",""不能只作为普通耳垢处理""]","[""它现在是否无法自己站立？"",""它是否出现意识异常（如精神萎靡、呼之不应）？"",""它是否持续呕吐？""]",尽快就医；无法站立、意识异常或持续呕吐时按急症处理；若出现上述任一红旗表现，请立即就医或急诊。,"[""无法站立"",""意识异常"",""持续呕吐或快速恶化""]",耳病伴头歪或走路不稳；宠物耳朵不舒服还头歪；走路东倒西歪；吐黄水；吐白沫；头歪；眼球震颤；平衡异常；可能伴耳痛；外耳症状合并前庭异常可能提示中耳、内耳或神经系统受累；不能只作为普通耳垢处理；无法站立；意识异常；持续呕吐或快速恶化。,"[{""source_id"":""PMC11209469"",""title"":""Emergency Approach to Acute Seizures in Dogs and Cats"",""url"":""https://pmc.ncbi.nlm.nih.gov/articles/PMC11209469/"",""license"":""CC BY 4.0"",""page_or_section"":""Abstract"",""verification_status"":""source_identity_license_and_locator_verified_2026-08-12; veterinary_claim_review_pending"",""support_note"":""中文内容为保守概括；来源用于支持主题、物种和风险边界，不代表个体诊断。"",""change_note"":""已在 v1.4 核对来源身份、商业许可、题名和定位；未逐字复制。""}]",Only verified CC BY/CC0 evidence is retained; attribution and change notices are mandatory.,true,phrase_expansion_and_new_cards_applied_v1_7,blocked_pending_mainland_China_licensed_veterinarian_review,true,test,false,3b499adff4e48b2e9653d515d8c5e10dda8dd125cf35f73b2487912236e756e4
MVP-PED-001,1.8.0-open-mvp-retrieval-and-safety-repair-draft,zh-CN,新生幼犬幼猫不吃奶,"[""cat"",""dog""]",pediatrics,common_disease_health_education_and_triage,,"[""刚出生的小猫不吃奶"",""新生小狗不吸奶""]","[""不主动寻找乳头"",""吸吮无力"",""可能持续叫或安静无反应""]","[""新生动物能量和体温储备有限，不吃奶可很快恶化"",""需要同时评估体温、母体泌乳和先天问题""]","[""幼崽出生多久了？"",""同窝其他幼崽是否正常吃奶？"",""母犬/母猫是否愿意哺乳？乳房有无硬胀或疼痛？""]",立即联系兽医评估；若幼崽出现身体冰凉、反应极弱、呼吸异常或发紫中的任一红旗表现，应立即就医或急诊，不要强行灌喂。,"[""身体冰凉"",""反应极弱"",""呼吸异常或发紫""]",新生幼犬幼猫不吃奶；刚出生的小猫不吃奶；新生小狗不吸奶；不主动寻找乳头；吸吮无力；可能持续叫或安静无反应；新生动物能量和体温储备有限，不吃奶可很快恶化；需要同时评估体温、母体泌乳和先天问题；身体冰凉；反应极弱；呼吸异常或发紫。,"[{""source_id"":""PMC11640698"",""title"":""Neonatal Clinical Assessment of the Puppy and Kitten: How to Identify Newborns at Risk?"",""url"":""https://pmc.ncbi.nlm.nih.gov/articles/PMC11640698/"",""license"":""CC BY 4.0"",""page_or_section"":""Abstract"",""verification_status"":""source_identity_license_and_locator_verified_2026-08-12; veterinary_claim_review_pending"",""support_note"":""中文内容为保守概括；来源用于支持主题、物种和风险边界，不代表个体诊断。"",""change_note"":""已在 v1.4 核对来源身份、商业许可、题名和定位；未逐字复制。""}]",Only verified CC BY/CC0 evidence is retained; attribution and change notices are mandatory.,true,phrase_expansion_and_new_cards_applied_v1_7,blocked_pending_mainland_China_licensed_veterinarian_review,true,test,false,06dc4bb67115f12bc74c36343f2812989fe8f879f6d6c4c41d763aa926ef2960
MVP-PED-002,1.8.0-open-mvp-retrieval-and-safety-repair-draft,zh-CN,新生幼犬体重不增加,"[""dog""]",pediatrics,common_disease_health_education_and_triage,,"[""小狗出生后不长体重"",""幼犬每天都没增重""]","[""连续称重无增长或下降"",""可能吃奶弱""]","[""出生体重和早期体重趋势是新生幼犬重要观察指标"",""不增重可能提示摄入不足或疾病""]","[""是否每次使用同一秤、同一时间称重？"",""吃奶量是否比之前明显减少？"",""粪便是否比平时稀？""]",记录出现时间、频率、照片或视频以及食欲、吃奶/母乳摄入情况、排尿排便和活动变化；如出现任一红旗表现，请立即就医或前往急诊。由兽医结合体检及必要检查判断，不要仅凭知识卡自行确诊或用药。,"[""体重持续下降"",""不吃奶"",""低体温或反应差"",""持续尖叫"",""腹泻"",""呕吐""]",新生幼犬体重不增加；小狗出生后不长体重；幼犬每天都没增重；连续称重无增长或下降；可能吃奶弱；出生体重和早期体重趋势是新生幼犬重要观察指标；不增重可能提示摄入不足或疾病；体重持续下降；不吃奶；低体温或反应差；持续尖叫；腹泻；呕吐。,"[{""source_id"":""PMC9179255"",""title"":""Dead or Alive? A Review of Perinatal Factors That Determine Canine Neonatal Viability"",""url"":""https://pmc.ncbi.nlm.nih.gov/articles/PMC9179255/"",""license"":""CC BY 4.0"",""page_or_section"":""Abstract"",""verification_status"":""source_identity_license_and_locator_verified_2026-08-12; veterinary_claim_review_pending"",""support_note"":""中文内容为保守概括；来源用于支持主题、物种和风险边界，不代表个体诊断。"",""change_note"":""已在 v1.4 核对来源身份、商业许可、题名和定位；未逐字复制。""}]",Only verified CC BY/CC0 evidence is retained; attribution and change notices are mandatory.,true,phrase_expansion_and_new_cards_applied_v1_7,blocked_pending_mainland_China_licensed_veterinarian_review,true,test,false,1a5627ad0493cfd5588f4dfb74452a31eb6a273bb79496eb224c3eb7ff970bce
MVP-PED-003,1.8.0-open-mvp-retrieval-and-safety-repair-draft,zh-CN,新生幼犬幼猫持续尖叫,"[""cat"",""dog""]",pediatrics,common_disease_health_education_and_triage,,"[""刚出生一直叫"",""一窝里有一只总叫""]","[""持续高声叫"",""无法安静吃奶睡眠""]","[""持续叫可能与饥饿、寒冷、疼痛或母体照护不足有关"",""新生动物症状常不典型""]","[""幼崽呼吸是否异常（如急促、费力或张口呼吸）？"",""幼崽身体摸起来是否冰凉？"",""幼崽是否能正常吃奶？""]",记录出现时间、频率、照片或视频以及食欲、饮水、排尿排便和活动变化；若出现任一红旗表现，立即联系兽医急诊，不要仅在家观察；由兽医结合体检及必要检查判断，不要仅凭知识卡自行确诊或用药。,"[""身体冰凉"",""腹部明显胀痛"",""呼吸异常或反应下降"",""无法吃奶或体重不增"",""抽搐"",""明显呕吐腹泻"",""黏膜苍白""]",新生幼犬幼猫持续尖叫；刚出生一直叫；一窝里有一只总叫；持续高声叫；无法安静吃奶睡眠；持续叫可能与饥饿、寒冷、疼痛或母体照护不足有关；新生动物症状常不典型；身体冰凉；腹部明显胀痛；呼吸异常或反应下降；无法吃奶或体重不增；抽搐；明显呕吐腹泻；黏膜苍白。,"[{""source_id"":""PMC11640698"",""title"":""Neonatal Clinical Assessment of the Puppy and Kitten: How to Identify Newborns at Risk?"",""url"":""https://pmc.ncbi.nlm.nih.gov/articles/PMC11640698/"",""license"":""CC BY 4.0"",""page_or_section"":""Abstract"",""verification_status"":""source_identity_license_and_locator_verified_2026-08-12; veterinary_claim_review_pending"",""support_note"":""中文内容为保守概括；来源用于支持主题、物种和风险边界，不代表个体诊断。"",""change_note"":""已在 v1.4 核对来源身份、商业许可、题名和定位；未逐字复制。""}]",Only verified CC BY/CC0 evidence is retained; attribution and change notices are mandatory.,true,phrase_expansion_and_new_cards_applied_v1_7,blocked_pending_mainland_China_licensed_veterinarian_review,true,test,false,2ab1965647bd7fe5e1b533c70c9acc1b20614894a427ebeea854c8f1d5f65f87
MVP-PED-004,1.8.0-open-mvp-retrieval-and-safety-repair-draft,zh-CN,新生幼犬幼猫身体发凉,"[""cat"",""dog""]",pediatrics,common_disease_health_education_and_triage,,"[""小奶猫身体冰凉"",""刚出生小狗温度低""]","[""触感明显发凉"",""吸吮减弱"",""活动减少""]","[""新生动物体温调节能力有限"",""低体温会影响吸吮和消化并可伴随严重疾病""]","[""幼崽是否有呼吸异常（如呼吸急促、缓慢、张口呼吸或呼吸声音异常）？"",""幼崽是否反应极弱或对刺激没有反应？"",""幼崽是否无法含住乳头或吞咽？""]",立即联系兽医并进行安全、渐进保温；反应差或呼吸异常时立即急诊，不要在低体温时强行灌喂。,"[""反应极弱"",""呼吸异常"",""无法吞咽""]",新生幼犬幼猫身体发凉；小奶猫身体冰凉；刚出生小狗温度低；触感明显发凉；吸吮减弱；活动减少；新生动物体温调节能力有限；低体温会影响吸吮和消化并可伴随严重疾病；反应极弱；呼吸异常；无法吞咽。,"[{""source_id"":""PMC11640698"",""title"":""Neonatal Clinical Assessment of the Puppy and Kitten: How to Identify Newborns at Risk?"",""url"":""https://pmc.ncbi.nlm.nih.gov/articles/PMC11640698/"",""license"":""CC BY 4.0"",""page_or_section"":""Abstract"",""verification_status"":""source_identity_license_and_locator_verified_2026-08-12; veterinary_claim_review_pending"",""support_note"":""中文内容为保守概括；来源用于支持主题、物种和风险边界，不代表个体诊断。"",""change_note"":""已在 v1.4 核对来源身份、商业许可、题名和定位；未逐字复制。""}]",Only verified CC BY/CC0 evidence is retained; attribution and change notices are mandatory.,true,phrase_expansion_and_new_cards_applied_v1_7,blocked_pending_mainland_China_licensed_veterinarian_review,true,test,false,24b17c5c2cd59f7576a0ad926f830e6c5a8aae429289a2851879d46bb797d394
MVP-PED-005,1.8.0-open-mvp-retrieval-and-safety-repair-draft,zh-CN,幼犬幼猫断奶期软便,"[""cat"",""dog""]",pediatrics,common_disease_health_education_and_triage,,"[""小狗断奶后拉软便"",""幼猫换奶粮腹泻"",""便软""]","[""断奶或换食期粪便变软"",""食欲可能正常""]","[""断奶期饮食和肠道环境变化可影响粪便"",""寄生虫和传染病也常见，不能都归因于换粮""]","[""是否完成首次驱虫或按计划驱虫？疫苗接种到哪一针？"",""食欲和饮水是否正常或下降？"",""腹泻持续多久、每天几次？""]",记录出现时间、频率、照片或视频以及食欲、饮水、排尿排便和活动变化；出现任一红旗症状（频繁水样或血样腹泻、呕吐、虚弱脱水）应立即就医或急诊；由兽医结合体检及必要检查判断，不要仅凭知识卡自行确诊或用药。,"[""频繁水样或血样腹泻"",""呕吐"",""虚弱脱水""]",幼犬幼猫断奶期软便；小狗断奶后拉软便；幼猫换奶粮腹泻；便软；断奶或换食期粪便变软；食欲可能正常；断奶期饮食和肠道环境变化可影响粪便；寄生虫和传染病也常见，不能都归因于换粮；频繁水样或血样腹泻；呕吐；虚弱脱水。,"[{""source_id"":""PMC9951692"",""title"":""Factors Affecting Gut Microbiota of Puppies from Birth to Weaning"",""url"":""https://pmc.ncbi.nlm.nih.gov/articles/PMC9951692/"",""license"":""CC BY 4.0"",""page_or_section"":""Abstract"",""verification_status"":""source_identity_license_and_locator_verified_2026-08-12; veterinary_claim_review_pending"",""support_note"":""中文内容为保守概括；来源用于支持主题、物种和风险边界，不代表个体诊断。"",""change_note"":""已在 v1.4 核对来源身份、商业许可、题名和定位；未逐字复制。""},{""source_id"":""PMC8697871"",""title"":""Kittens That Nurse 7 Weeks or Longer Are Less Likely to Become Overweight Adult Cats"",""url"":""https://pmc.ncbi.nlm.nih.gov/articles/PMC8697871/"",""license"":""CC BY 4.0"",""page_or_section"":""Abstract"",""verification_status"":""source_identity_license_and_locator_verified_2026-08-12; veterinary_claim_review_pending"",""support_note"":""中文内容为保守概括；来源用于支持主题、物种和风险边界，不代表个体诊断。"",""change_note"":""已在 v1.4 核对来源身份、商业许可、题名和定位；未逐字复制。""}]",Only verified CC BY/CC0 evidence is retained; attribution and change notices are mandatory.,true,phrase_expansion_and_new_cards_applied_v1_7,blocked_pending_mainland_China_licensed_veterinarian_review,true,test,false,f1177762f667f9ab46936aa4da87f879f2b3b83f8f0c1897ca9161434140fd89
MVP-PED-006,1.8.0-open-mvp-retrieval-and-safety-repair-draft,zh-CN,幼犬幼猫如何安全过渡到固体食物,"[""cat"",""dog""]",pediatrics,common_disease_health_education_and_triage,,"[""幼猫什么时候吃猫粮"",""幼犬怎么断奶""]","[""开始对母体食物感兴趣"",""乳牙和咀嚼能力逐渐发展""]","[""断奶是渐进过程，突然更换食物可造成应激和胃肠变化"",""饮食需要满足生长期营养需求""]","[""幼崽现在多大（周龄或月龄）？"",""最近一次称得的体重是多少（克或公斤）？"",""目前是否仍随母体生活？""]",若幼崽状态平稳且已到可引入固体食物阶段：选择适龄幼犬/幼猫粮，用温水或配方乳泡软成粥状，少量多次提供，仍保留母乳/替代乳/原食物；根据体重、食欲和排便情况逐步减少浸泡液体并调整饲喂次数，不要突然全部替换。若出现任一红旗症状（拒食并虚弱、持续呕吐腹泻、体重不增长），应立即就医或急诊；同时记录出现时间、频率、照片或视频及食欲、饮水、排尿排便和活动变化，由兽医结合体检及必要检查判断，不要仅凭知识卡自行确诊或用药。,"[""拒食并虚弱"",""持续呕吐腹泻"",""体重不增长""]",幼犬幼猫如何安全过渡到固体食物；幼猫什么时候吃猫粮；幼犬怎么断奶；开始对母体食物感兴趣；乳牙和咀嚼能力逐渐发展；断奶是渐进过程，突然更换食物可造成应激和胃肠变化；饮食需要满足生长期营养需求；拒食并虚弱；持续呕吐腹泻；体重不增长。,"[{""source_id"":""PMC9951692"",""title"":""Factors Affecting Gut Microbiota of Puppies from Birth to Weaning"",""url"":""https://pmc.ncbi.nlm.nih.gov/articles/PMC9951692/"",""license"":""CC BY 4.0"",""page_or_section"":""Abstract"",""verification_status"":""source_identity_license_and_locator_verified_2026-08-12; veterinary_claim_review_pending"",""support_note"":""中文内容为保守概括；来源用于支持主题、物种和风险边界，不代表个体诊断。"",""change_note"":""已在 v1.4 核对来源身份、商业许可、题名和定位；未逐字复制。""},{""source_id"":""PMC8697871"",""title"":""Kittens That Nurse 7 Weeks or Longer Are Less Likely to Become Overweight Adult Cats"",""url"":""https://pmc.ncbi.nlm.nih.gov/articles/PMC8697871/"",""license"":""CC BY 4.0"",""page_or_section"":""Abstract"",""verification_status"":""source_identity_license_and_locator_verified_2026-08-12; veterinary_claim_review_pending"",""support_note"":""中文内容为保守概括；来源用于支持主题、物种和风险边界，不代表个体诊断。"",""change_note"":""已在 v1.4 核对来源身份、商业许可、题名和定位；未逐字复制。""}]",Only verified CC BY/CC0 evidence is retained; attribution and change notices are mandatory.,true,phrase_expansion_and_new_cards_applied_v1_7,blocked_pending_mainland_China_licensed_veterinarian_review,true,test,false,d77d7c429cc0489f3eebd411499266ac57faf01a4ae9da15c188c2d51d36b8d0
MVP-PED-007,1.8.0-open-mvp-retrieval-and-safety-repair-draft,zh-CN,幼犬换牙期啃咬增多,"[""dog""]",pediatrics,common_disease_health_education_and_triage,,"[""幼犬换牙一直咬东西"",""小狗牙痒""]","[""啃咬频率增加"",""乳牙脱落和恒牙萌出""]","[""换牙和咀嚼是幼犬发育过程的一部分"",""需要提供大小合适且不易断裂吞咽的安全物品""]","[""是否可能吞入异物？"",""是否出现呕吐、腹痛、腹胀、排便异常或精神变差？"",""牙龈或口腔是否大量出血或持续出血？""]",记录出现时间、频率、照片或视频以及食欲、饮水、排尿排便和活动变化；出现任一红旗表现应立即就医或急诊；由兽医结合体检及必要检查判断，不要仅凭知识卡自行确诊或用药。,"[""窒息或吞咽困难"",""大量出血"",""疑似吞下尖锐物"",""疑似吞下任何非尖锐异物后出现持续呕吐、腹痛、腹胀、排便减少或停止、精神沉郁""]",幼犬换牙期啃咬增多；幼犬换牙一直咬东西；小狗牙痒；啃咬频率增加；乳牙脱落和恒牙萌出；换牙和咀嚼是幼犬发育过程的一部分；需要提供大小合适且不易断裂吞咽的安全物品；窒息或吞咽困难；大量出血；疑似吞下尖锐物；疑似吞下任何非尖锐异物后出现持续呕吐、腹痛、腹胀、排便减少或停止、精神沉郁。,"[{""source_id"":""PMC11980702"",""title"":""Functional significance and welfare implications of chewing in dogs ( Canis familiaris )"",""url"":""https://pmc.ncbi.nlm.nih.gov/articles/PMC11980702/"",""license"":""CC BY 4.0"",""page_or_section"":""Abstract"",""verification_status"":""source_identity_license_and_locator_verified_2026-08-12; veterinary_claim_review_pending"",""support_note"":""中文内容为保守概括；来源用于支持主题、物种和风险边界，不代表个体诊断。"",""change_note"":""已在 v1.4 核对来源身份、商业许可、题名和定位；未逐字复制。""}]",Only verified CC BY/CC0 evidence is retained; attribution and change notices are mandatory.,true,phrase_expansion_and_new_cards_applied_v1_7,blocked_pending_mainland_China_licensed_veterinarian_review,true,test,false,c2b3f969b317e97d131e8e01915b4821e2218738605d53aebec852e26d83e392
MVP-PED-008,1.8.0-open-mvp-retrieval-and-safety-repair-draft,zh-CN,幼猫换牙期持续口臭或牙龈发红需检查,"[""cat""]",pediatrics,common_disease_health_education_and_triage,,"[""幼猫换牙口臭"",""小猫牙龈红""]","[""换牙期口腔气味变化"",""轻微牙龈红"",""可能见乳牙脱落""]","[""幼猫口腔异味或牙龈红肿不应简单归因于换牙"",""持续疼痛、流涎或拒食需要口腔检查""]","[""是否出现张口呼吸或呼吸困难？"",""是否完全无法进食或饮水？"",""是否一侧牙龈或面部出现肿胀？""]",记录出现时间、频率、照片或视频以及食欲、饮水、排尿排便和活动变化；由兽医结合体检及必要检查判断，不要仅凭知识卡自行确诊或用药；若出现上述任一红旗表现，请立即就医或急诊。,"[""无法进食"",""持续出血"",""面部肿胀"",""呼吸困难/张口呼吸"",""精神萎靡或嗜睡""]",幼猫换牙期持续口臭或牙龈发红需检查；幼猫换牙口臭；小猫牙龈红；换牙期口腔气味变化；轻微牙龈红；可能见乳牙脱落；幼猫口腔异味或牙龈红肿不应简单归因于换牙；持续疼痛、流涎或拒食需要口腔检查；无法进食；持续出血；面部肿胀；呼吸困难/张口呼吸；精神萎靡或嗜睡。,"[{""source_id"":""PMC8469879"",""title"":""Dental Problems and Prophylactic Care in Cats—Knowledge and Perceptions among Swedish Cat Owners and Communication by Veterinary Care Staff"",""url"":""https://pmc.ncbi.nlm.nih.gov/articles/PMC8469879/"",""license"":""CC BY 4.0"",""page_or_section"":""Abstract"",""verification_status"":""source_identity_license_and_locator_verified_2026-08-12; veterinary_claim_review_pending"",""support_note"":""中文内容为保守概括；来源用于支持主题、物种和风险边界，不代表个体诊断。"",""change_note"":""已在 v1.4 核对来源身份、商业许可、题名和定位；未逐字复制。""}]",Only verified CC BY/CC0 evidence is retained; attribution and change notices are mandatory.,true,phrase_expansion_and_new_cards_applied_v1_7,blocked_pending_mainland_China_licensed_veterinarian_review,true,test,false,fba1da4c85a3b2ae75284c61ed4731cd6d2c5370c51a7f99b19a08e611fd3a37
MVP-PED-009,1.8.0-open-mvp-retrieval-and-safety-repair-draft,zh-CN,幼犬幼猫肚脐鼓包需检查,"[""cat"",""dog""]",pediatrics,common_disease_health_education_and_triage,,"[""小猫肚脐有个包"",""幼犬脐疝""]","[""脐部柔软或可变大小的凸起""]","[""幼犬幼猫脐部膨出需要检查大小、内容物和是否疼痛"",""突然变硬、变色、疼痛或伴呕吐时需尽快就医""]","[""脐部包块是否突然变硬或疼痛？"",""是否出现呕吐或腹胀？"",""包块颜色是否变紫、变黑或变暗？""]",记录出现时间、频率、照片或视频以及食欲、饮水、排尿排便和活动变化；由兽医结合体检及必要检查判断，不要仅凭知识卡自行确诊或用药；若出现上述任一红旗表现，请立即就医或急诊。,"[""包块突然变硬疼痛"",""呕吐腹胀"",""精神明显下降"",""包块颜色变紫、变黑或变暗""]",幼犬幼猫肚脐鼓包需检查；小猫肚脐有个包；幼犬脐疝；脐部柔软或可变大小的凸起；幼犬幼猫脐部膨出需要检查大小、内容物和是否疼痛；突然变硬、变色、疼痛或伴呕吐时需尽快就医；包块突然变硬疼痛；呕吐腹胀；精神明显下降；包块颜色变紫、变黑或变暗。,"[{""source_id"":""PMC11640698"",""title"":""Neonatal Clinical Assessment of the Puppy and Kitten: How to Identify Newborns at Risk?"",""url"":""https://pmc.ncbi.nlm.nih.gov/articles/PMC11640698/"",""license"":""CC BY 4.0"",""page_or_section"":""Abstract"",""verification_status"":""source_identity_license_and_locator_verified_2026-08-12; veterinary_claim_review_pending"",""support_note"":""中文内容为保守概括；来源用于支持主题、物种和风险边界，不代表个体诊断。"",""change_note"":""已在 v1.4 核对来源身份、商业许可、题名和定位；未逐字复制。""}]",Only verified CC BY/CC0 evidence is retained; attribution and change notices are mandatory.,true,phrase_expansion_and_new_cards_applied_v1_7,blocked_pending_mainland_China_licensed_veterinarian_review,true,test,false,b480d8f3e28f36b5d56ab25ae88bf8fb84bcfc12cc8a95f13f9e6629fb800fe9
MVP-PED-010,1.8.0-open-mvp-retrieval-and-safety-repair-draft,zh-CN,幼犬幼猫体重增长过慢,"[""cat"",""dog""]",pediatrics,common_disease_health_education_and_triage,,"[""幼猫长不大"",""小狗比同窝瘦很多""]","[""体重增长落后同窝"",""肌肉或体况较差""]","[""生长迟缓可与摄入不足、寄生虫、先天或慢性疾病有关"",""单次体重不能替代连续生长曲线""]","[""是否连续测量过体重？请说明每日或每周的体重变化趋势，是持续不增、增长缓慢还是下降？"",""它每天实际吃到的食物量是否充足？是否存在同窝抢食或食欲明显下降？"",""粪便性状和排便频率是否正常？最近是否按规程做过驱虫？""]",记录出现时间、频率、照片或视频以及食欲、饮水、排尿排便和活动变化；由兽医结合体检及必要检查判断，不要仅凭知识卡自行确诊或用药；若出现上述任一红旗表现，请立即就医或急诊。,"[""体重持续下降"",""拒食呕吐腹泻"",""精神差或嗜睡"",""虚弱无力"",""抽搐或震颤"",""低体温或皮肤发凉"",""脱水"",""呼吸困难或发紫""]",幼犬幼猫体重增长过慢；幼猫长不大；小狗比同窝瘦很多；体重增长落后同窝；肌肉或体况较差；生长迟缓可与摄入不足、寄生虫、先天或慢性疾病有关；单次体重不能替代连续生长曲线；体重持续下降；拒食呕吐腹泻；精神差或嗜睡；虚弱无力；抽搐或震颤；低体温或皮肤发凉；脱水；呼吸困难或发紫。,"[{""source_id"":""PMC11640698"",""title"":""Neonatal Clinical Assessment of the Puppy and Kitten: How to Identify Newborns at Risk?"",""url"":""https://pmc.ncbi.nlm.nih.gov/articles/PMC11640698/"",""license"":""CC BY 4.0"",""page_or_section"":""Abstract"",""verification_status"":""source_identity_license_and_locator_verified_2026-08-12; veterinary_claim_review_pending"",""support_note"":""中文内容为保守概括；来源用于支持主题、物种和风险边界，不代表个体诊断。"",""change_note"":""已在 v1.4 核对来源身份、商业许可、题名和定位；未逐字复制。""}]",Only verified CC BY/CC0 evidence is retained; attribution and change notices are mandatory.,true,phrase_expansion_and_new_cards_applied_v1_7,blocked_pending_mainland_China_licensed_veterinarian_review,true,test,false,b6655810e6bc8a4fb0f6b039d1c303db55e0ab57d1843f276817d2667366b64e
MVP-PED-011,1.8.0-open-mvp-retrieval-and-safety-repair-draft,zh-CN,幼犬幼猫生病后疫苗是否延后,"[""cat"",""dog""]",pediatrics,common_disease_health_education_and_triage,,"[""拉肚子还能打疫苗吗"",""感冒了能不能打针""]","[""计划接种时存在发热、呕吐腹泻或明显精神差""]","[""疫苗计划需要结合动物当前健康状态和既往接种史个体化决定"",""不应自行补打或重复接种""]","[""近期是否使用过糖皮质激素、环孢素等免疫抑制药物？"",""是否出现呼吸困难？"",""是否明显虚弱或精神差？""]",出现任一红旗症状（持续呕吐腹泻、呼吸困难、明显虚弱或高热）应立即就医或急诊；记录出现时间、频率、照片或视频以及食欲、饮水、排尿排便和活动变化；由兽医结合体检及必要检查判断，不要仅凭知识卡自行确诊或用药。,"[""持续呕吐腹泻"",""呼吸困难"",""明显虚弱或高热""]",幼犬幼猫生病后疫苗是否延后；拉肚子还能打疫苗吗；感冒了能不能打针；计划接种时存在发热、呕吐腹泻或明显精神差；疫苗计划需要结合动物当前健康状态和既往接种史个体化决定；不应自行补打或重复接种；持续呕吐腹泻；呼吸困难；明显虚弱或高热。,"[{""source_id"":""PMC7910975"",""title"":""Early Life Vaccination of Companion Animal Pets"",""url"":""https://pmc.ncbi.nlm.nih.gov/articles/PMC7910975/"",""license"":""CC BY 4.0"",""page_or_section"":""Abstract"",""verification_status"":""source_identity_license_and_locator_verified_2026-08-12; veterinary_claim_review_pending"",""support_note"":""中文内容为保守概括；来源用于支持主题、物种和风险边界，不代表个体诊断。"",""change_note"":""已在 v1.4 核对来源身份、商业许可、题名和定位；未逐字复制。""}]",Only verified CC BY/CC0 evidence is retained; attribution and change notices are mandatory.,true,phrase_expansion_and_new_cards_applied_v1_7,blocked_pending_mainland_China_licensed_veterinarian_review,true,test,false,3be0f3be032e9a0b7684b8315302973e43ac30aedd8078b2379a5f52386901a7
MVP-PED-012,1.8.0-open-mvp-retrieval-and-safety-repair-draft,zh-CN,幼犬幼猫社会化不能忽视传染病风险,"[""cat"",""dog""]",pediatrics,common_disease_health_education_and_triage,,"[""没打完疫苗怎么社会化"",""幼犬能不能见别的狗""]","[""幼犬/幼猫尚未完成基础免疫，同时表现为对陌生刺激敏感或缺乏社交经验""]","[""早期社会经验影响后续行为"",""暴露方式需要结合免疫进度和当地传染病风险进行风险管理""]","[""幼犬/幼猫目前是否出现呕吐、腹泻、咳嗽、发热、精神下降、抽搐或呼吸困难等任一异常？"",""目前基础免疫进度如何（已完成哪些疫苗/第几针）？"",""计划的社会化接触场景是哪种：已确认健康且免疫完全的动物一对一、兽医指导的社交班，还是狗公园/宠物店等高流量公共区域？""]",避免前往狗公园、宠物店等高流量公共区域；可选择已确认健康且免疫完全的成年动物进行一对一接触，或参加兽医指导的幼犬/幼猫社交班。继续按免疫计划接种，并咨询兽医进行个体化风险判断。若出现任一红旗表现，请立即就医或前往急诊。,"[""暴露后出现呕吐腹泻"",""咳嗽发热"",""明显精神下降"",""抽搐或步态异常"",""呼吸困难"",""出血性腹泻"",""快速脱水""]",幼犬幼猫社会化不能忽视传染病风险；没打完疫苗怎么社会化；幼犬能不能见别的狗；幼犬/幼猫尚未完成基础免疫，同时表现为对陌生刺激敏感或缺乏社交经验；早期社会经验影响后续行为；暴露方式需要结合免疫进度和当地传染病风险进行风险管理；暴露后出现呕吐腹泻；咳嗽发热；明显精神下降；抽搐或步态异常；呼吸困难；出血性腹泻；快速脱水。,"[{""source_id"":""PMC7910975"",""title"":""Early Life Vaccination of Companion Animal Pets"",""url"":""https://pmc.ncbi.nlm.nih.gov/articles/PMC7910975/"",""license"":""CC BY 4.0"",""page_or_section"":""Abstract"",""verification_status"":""source_identity_license_and_locator_verified_2026-08-12; veterinary_claim_review_pending"",""support_note"":""中文内容为保守概括；来源用于支持主题、物种和风险边界，不代表个体诊断。"",""change_note"":""已在 v1.4 核对来源身份、商业许可、题名和定位；未逐字复制。""}]",Only verified CC BY/CC0 evidence is retained; attribution and change notices are mandatory.,true,phrase_expansion_and_new_cards_applied_v1_7,blocked_pending_mainland_China_licensed_veterinarian_review,true,test,false,7e3a7de1ab7cdb9f83abef42fb40f8dbe282eb431f799379748f83df9a759876
MVP-SENIOR-001,1.8.0-open-mvp-retrieval-and-safety-repair-draft,zh-CN,老年犬夜间醒来走动或叫,"[""dog""]",senior_cognitive,common_disease_health_education_and_triage,,"[""老狗晚上不睡一直走"",""老狗半夜叫""]","[""昼夜节律改变"",""夜间徘徊或发声""]","[""睡眠觉醒改变是犬认知功能障碍的常见行为维度之一"",""疼痛、泌尿问题和内分泌疾病也需排除""]","[""夜间醒来走动或叫的情况出现多久了？"",""每晚大约发生几次？"",""最近排尿习惯是否有变化，例如夜间排尿次数增加？""]",记录发作时间、频率、视频及食欲、饮水、排尿排便和活动变化；出现任一红旗（如无法安静并持续喘气/呼吸费力、持续呻吟或不愿移动、突然意识异常、倒地或抽搐）时应立即就医或急诊；其他情况也需由兽医评估，不要自行确诊或用药。,"[""无法安静并持续喘气/呼吸费力"",""持续呻吟或不愿移动"",""突然意识异常"",""倒地或抽搐""]",老年犬夜间醒来走动或叫；老狗晚上不睡一直走；老狗半夜叫；昼夜节律改变；夜间徘徊或发声；睡眠觉醒改变是犬认知功能障碍的常见行为维度之一；疼痛、泌尿问题和内分泌疾病也需排除；无法安静并持续喘气/呼吸费力；持续呻吟或不愿移动；突然意识异常；倒地或抽搐。,"[{""source_id"":""PMC12390195"",""title"":""Diagnosis of Canine Cognitive Dysfunction Syndrome: A Narrative Review"",""url"":""https://pmc.ncbi.nlm.nih.gov/articles/PMC12390195/"",""license"":""CC BY 4.0"",""page_or_section"":""Abstract"",""verification_status"":""source_identity_license_and_locator_verified_2026-08-12; veterinary_claim_review_pending"",""support_note"":""中文内容为保守概括；来源用于支持主题、物种和风险边界，不代表个体诊断。"",""change_note"":""已在 v1.4 核对来源身份、商业许可、题名和定位；未逐字复制。""}]",Only verified CC BY/CC0 evidence is retained; attribution and change notices are mandatory.,true,phrase_expansion_and_new_cards_applied_v1_7,blocked_pending_mainland_China_licensed_veterinarian_review,true,test,false,15b0e09308051a36c4d4b8dc5652f4568fe96f4b3a0e286d7bd8567c57294ebf
MVP-SENIOR-002,1.8.0-open-mvp-retrieval-and-safety-repair-draft,zh-CN,老年犬在熟悉环境中迷路,"[""dog""]",senior_cognitive,common_disease_health_education_and_triage,,"[""老狗在家找不到门"",""对着墙发呆""]","[""卡在角落"",""找不到门或食盆"",""凝视墙面""]","[""空间定向障碍可见于犬认知功能下降"",""视力听力下降和脑部疾病也可造成相似表现""]","[""这些表现是突然出现并快速加重的吗？"",""它有没有绕圈、头歪或眼球震颤？"",""最近有没有视力或听力明显下降的表现？""]",记录出现时间、频率、照片或视频以及食欲、饮水、排尿排便和活动变化；出现任一红旗症状（如突然恶化、无法站立、抽搐、意识异常、绕圈、头歪或眼球震颤）应立即就医或急诊；其他情况也建议由兽医结合体检及必要检查尽快判断，不要仅凭知识卡自行确诊或用药。,"[""突然发生并快速恶化"",""无法站立"",""抽搐或意识异常"",""绕圈、头歪或眼球震颤""]",老年犬在熟悉环境中迷路；老狗在家找不到门；对着墙发呆；卡在角落；找不到门或食盆；凝视墙面；空间定向障碍可见于犬认知功能下降；视力听力下降和脑部疾病也可造成相似表现；突然发生并快速恶化；无法站立；抽搐或意识异常；绕圈、头歪或眼球震颤。,"[{""source_id"":""PMC12390195"",""title"":""Diagnosis of Canine Cognitive Dysfunction Syndrome: A Narrative Review"",""url"":""https://pmc.ncbi.nlm.nih.gov/articles/PMC12390195/"",""license"":""CC BY 4.0"",""page_or_section"":""Abstract"",""verification_status"":""source_identity_license_and_locator_verified_2026-08-12; veterinary_claim_review_pending"",""support_note"":""中文内容为保守概括；来源用于支持主题、物种和风险边界，不代表个体诊断。"",""change_note"":""已在 v1.4 核对来源身份、商业许可、题名和定位；未逐字复制。""}]",Only verified CC BY/CC0 evidence is retained; attribution and change notices are mandatory.,true,phrase_expansion_and_new_cards_applied_v1_7,blocked_pending_mainland_China_licensed_veterinarian_review,true,test,false,d5d72a09ff3a7882efee524764110f1e9c9b3e9b0c61bbc8611b2005cc71f973
MVP-SENIOR-003,1.8.0-open-mvp-retrieval-and-safety-repair-draft,zh-CN,老年犬突然开始在家排泄,"[""dog""]",senior_cognitive,common_disease_health_education_and_triage,,"[""老狗突然在家尿"",""以前会定点现在不会"",""尿血""]","[""室内排尿排便"",""似乎忘记外出习惯""]","[""如厕习惯改变可属于认知变化，也常见于泌尿、胃肠、行动不便或内分泌疾病"",""必须先排除医学原因""]","[""是否频繁摆出排尿姿势但尿很少或尿不出，或尿液带血？"",""饮水量和尿量是否明显比平时增多或减少？"",""是否出现行动不便、上下台阶或起身困难但未完全无法站立？""]",记录出现时间、频率、照片或视频以及食欲、饮水、排尿排便和活动变化；由兽医结合体检及必要检查判断，不要仅凭知识卡自行确诊或用药；若出现上述任一红旗表现，请立即就医或急诊。,"[""无尿或血尿"",""持续腹泻呕吐"",""突然瘫痪""]",老年犬突然开始在家排泄；老狗突然在家尿；以前会定点现在不会；尿血；室内排尿排便；似乎忘记外出习惯；如厕习惯改变可属于认知变化，也常见于泌尿、胃肠、行动不便或内分泌疾病；必须先排除医学原因；无尿或血尿；持续腹泻呕吐；突然瘫痪。,"[{""source_id"":""PMC12390195"",""title"":""Diagnosis of Canine Cognitive Dysfunction Syndrome: A Narrative Review"",""url"":""https://pmc.ncbi.nlm.nih.gov/articles/PMC12390195/"",""license"":""CC BY 4.0"",""page_or_section"":""Abstract"",""verification_status"":""source_identity_license_and_locator_verified_2026-08-12; veterinary_claim_review_pending"",""support_note"":""中文内容为保守概括；来源用于支持主题、物种和风险边界，不代表个体诊断。"",""change_note"":""已在 v1.4 核对来源身份、商业许可、题名和定位；未逐字复制。""}]",Only verified CC BY/CC0 evidence is retained; attribution and change notices are mandatory.,true,phrase_expansion_and_new_cards_applied_v1_7,blocked_pending_mainland_China_licensed_veterinarian_review,true,test,false,64f7db2553644629f16d14cda0a1090b38de272e75d1ed7d35c9dd560f293ad3
MVP-SENIOR-004,1.8.0-open-mvp-retrieval-and-safety-repair-draft,zh-CN,老年犬与家人互动明显减少,"[""dog""]",senior_cognitive,common_disease_health_education_and_triage,,"[""老狗不理人了"",""老狗变得很孤僻""]","[""互动减少"",""对熟悉活动兴趣下降""]","[""社会互动改变可能与认知老化有关"",""疼痛、听视力下降和其他疾病也会减少互动""]","[""食欲是否下降，甚至完全不吃？"",""是否对呼唤或声音反应减弱？"",""是否出现视力下降（如碰撞、找不到食物或水）？""]",记录出现时间、频率、照片或视频以及食欲、饮水、排尿排便和活动变化；出现任一红旗（完全拒食、明显疼痛、快速消瘦或呼吸困难）应立即就医或急诊；由兽医结合体检及必要检查判断，不要仅凭知识卡自行确诊或用药。,"[""完全拒食"",""明显疼痛"",""快速消瘦或呼吸困难""]",老年犬与家人互动明显减少；老狗不理人了；老狗变得很孤僻；互动减少；对熟悉活动兴趣下降；社会互动改变可能与认知老化有关；疼痛、听视力下降和其他疾病也会减少互动；完全拒食；明显疼痛；快速消瘦或呼吸困难。,"[{""source_id"":""PMC8470385"",""title"":""Successful and Unsuccessful Brain Aging in Pets: Pathophysiological Mechanisms behind Clinical Signs and Potential Benefits from Palmitoylethanolamide Nutritional Intervention"",""url"":""https://pmc.ncbi.nlm.nih.gov/articles/PMC8470385/"",""license"":""CC BY 4.0"",""page_or_section"":""Abstract"",""verification_status"":""source_identity_license_and_locator_verified_2026-08-12; veterinary_claim_review_pending"",""support_note"":""中文内容为保守概括；来源用于支持主题、物种和风险边界，不代表个体诊断。"",""change_note"":""已在 v1.4 核对来源身份、商业许可、题名和定位；未逐字复制。""}]",Only verified CC BY/CC0 evidence is retained; attribution and change notices are mandatory.,true,phrase_expansion_and_new_cards_applied_v1_7,blocked_pending_mainland_China_licensed_veterinarian_review,true,test,false,c0501d4621220c47abbdaf85fd1eb5fd74f46700f2f885b23a5cadff60212073
MVP-SENIOR-005,1.8.0-open-mvp-retrieval-and-safety-repair-draft,zh-CN,老年猫夜间大声叫,"[""cat""]",senior_cognitive,common_disease_health_education_and_triage,,"[""老猫晚上一直叫"",""老猫半夜嚎叫""]","[""夜间发声增加"",""睡眠节律变化"",""可能显得不安""]","[""老年猫认知功能下降可伴夜间发声"",""甲亢、高血压、疼痛和感觉下降也常见""]","[""猫咪最近有没有体重明显下降、食欲增加或喝水量变多？"",""猫咪有没有出现视力或听力下降，比如对声音反应变差、找不到熟悉的东西？"",""猫咪活动时有没有显得僵硬、不愿意跳高或上下楼梯？""]",记录出现时间、频率、照片或视频以及食欲、饮水、排尿排便和活动变化；出现任一红旗症状（呼吸困难、突然失明、持续呕吐拒食）应立即就医或急诊；其他情况由兽医结合体检及必要检查判断，不要仅凭知识卡自行确诊或用药。,"[""呼吸困难"",""突然失明"",""持续呕吐拒食""]",老年猫夜间大声叫；老猫晚上一直叫；老猫半夜嚎叫；夜间发声增加；睡眠节律变化；可能显得不安；老年猫认知功能下降可伴夜间发声；甲亢、高血压、疼痛和感觉下降也常见；呼吸困难；突然失明；持续呕吐拒食。,"[{""source_id"":""PMC7819322"",""title"":""Feline cognitive dysfunction as a model for Alzheimer’s disease in the research of CBD as a potential treatment—a narrative review"",""url"":""https://pmc.ncbi.nlm.nih.gov/articles/PMC7819322/"",""license"":""CC BY 4.0"",""page_or_section"":""Abstract"",""verification_status"":""source_identity_license_and_locator_verified_2026-08-12; veterinary_claim_review_pending"",""support_note"":""中文内容为保守概括；来源用于支持主题、物种和风险边界，不代表个体诊断。"",""change_note"":""已在 v1.4 核对来源身份、商业许可、题名和定位；未逐字复制。""}]",Only verified CC BY/CC0 evidence is retained; attribution and change notices are mandatory.,true,phrase_expansion_and_new_cards_applied_v1_7,blocked_pending_mainland_China_licensed_veterinarian_review,true,test,false,9ef4fa464e2adb8d3ebd1f5f682c398a4eb560f5b487e6b6c23ee4d952637826
MVP-SENIOR-006,1.8.0-open-mvp-retrieval-and-safety-repair-draft,zh-CN,老年猫在熟悉家中显得迷茫,"[""cat""]",senior_cognitive,common_disease_health_education_and_triage,,"[""老猫像不认识家"",""猫对着墙发呆""]","[""在熟悉环境迷路"",""盯墙或无目的走动""]","[""定向和学习记忆变化可见于猫认知功能下降"",""神经、视力和代谢疾病需排除""]","[""是否视力下降或经常撞到东西？"",""是否头歪、绕圈或失去平衡？"",""这些表现是突然出现还是逐渐加重的？""]",若出现任一红旗症状，应立即联系兽医急诊或前往急诊。若无红旗症状，可记录出现时间、频率、照片或视频以及食欲、饮水、排尿排便和活动变化；由兽医结合体检及必要检查判断，不要仅凭知识卡自行确诊或用药。,"[""突然意识异常"",""无法站立"",""抽搐""]",老年猫在熟悉家中显得迷茫；老猫像不认识家；猫对着墙发呆；在熟悉环境迷路；盯墙或无目的走动；定向和学习记忆变化可见于猫认知功能下降；神经、视力和代谢疾病需排除；突然意识异常；无法站立；抽搐。,"[{""source_id"":""PMC7819322"",""title"":""Feline cognitive dysfunction as a model for Alzheimer’s disease in the research of CBD as a potential treatment—a narrative review"",""url"":""https://pmc.ncbi.nlm.nih.gov/articles/PMC7819322/"",""license"":""CC BY 4.0"",""page_or_section"":""Abstract"",""verification_status"":""source_identity_license_and_locator_verified_2026-08-12; veterinary_claim_review_pending"",""support_note"":""中文内容为保守概括；来源用于支持主题、物种和风险边界，不代表个体诊断。"",""change_note"":""已在 v1.4 核对来源身份、商业许可、题名和定位；未逐字复制。""}]",Only verified CC BY/CC0 evidence is retained; attribution and change notices are mandatory.,true,phrase_expansion_and_new_cards_applied_v1_7,blocked_pending_mainland_China_licensed_veterinarian_review,true,test,false,b6c8f9a0f34c875c24d9b72c022f0227584b4aa8e686b7d88289789ae06c7c0a
MVP-SENIOR-007,1.8.0-open-mvp-retrieval-and-safety-repair-draft,zh-CN,老年宠物行为变化先排除疼痛和疾病,"[""cat"",""dog""]",senior_cognitive,common_disease_health_education_and_triage,,"[""老了性格变了正常吗"",""老年宠物突然脾气差""]","[""易怒、躲避、活动或互动变化""]","[""认知功能障碍是排除诊断"",""疼痛、感觉下降、内分泌和神经疾病都可能引起行为变化""]","[""是否突然出现抽搐、倒地或意识异常？"",""是否不愿被触碰或跳跃？"",""是否多饮多尿？""]",记录出现时间、频率、照片或视频以及食欲、饮水、排尿排便和活动变化；由兽医结合体检及必要检查判断，不要仅凭知识卡自行确诊或用药；若出现上述任一红旗表现，请立即就医或急诊。,"[""剧烈疼痛"",""突然攻击伴意识异常"",""倒地或抽搐""]",老年宠物行为变化先排除疼痛和疾病；老了性格变了正常吗；老年宠物突然脾气差；易怒、躲避、活动或互动变化；认知功能障碍是排除诊断；疼痛、感觉下降、内分泌和神经疾病都可能引起行为变化；剧烈疼痛；突然攻击伴意识异常；倒地或抽搐。,"[{""source_id"":""PMC8470385"",""title"":""Successful and Unsuccessful Brain Aging in Pets: Pathophysiological Mechanisms behind Clinical Signs and Potential Benefits from Palmitoylethanolamide Nutritional Intervention"",""url"":""https://pmc.ncbi.nlm.nih.gov/articles/PMC8470385/"",""license"":""CC BY 4.0"",""page_or_section"":""Abstract"",""verification_status"":""source_identity_license_and_locator_verified_2026-08-12; veterinary_claim_review_pending"",""support_note"":""中文内容为保守概括；来源用于支持主题、物种和风险边界，不代表个体诊断。"",""change_note"":""已在 v1.4 核对来源身份、商业许可、题名和定位；未逐字复制。""}]",Only verified CC BY/CC0 evidence is retained; attribution and change notices are mandatory.,true,phrase_expansion_and_new_cards_applied_v1_7,blocked_pending_mainland_China_licensed_veterinarian_review,true,test,false,43d15b4c23b865b4556d038568fba18bf87e985d1505a446aea50abdb966fd52
MVP-SENIOR-008,1.8.0-open-mvp-retrieval-and-safety-repair-draft,zh-CN,老年认知变化如何做家庭记录,"[""cat"",""dog""]",senior_cognitive,common_disease_health_education_and_triage,,"[""宠物老年痴呆怎么记录"",""要观察哪些行为""]","[""定向、互动、睡眠、排泄、活动和焦虑发生变化""]","[""结构化记录多个行为维度有助于发现趋势"",""单次异常不足以判断认知功能障碍""]","[""这些行为变化平均每周出现几次？"",""这些变化是否影响夜间睡眠或日常作息？"",""食欲、饮水量或排尿量是否比平时明显增多或减少？""]",记录出现时间、频率、照片或视频以及食欲、饮水、排尿排便和活动变化；由兽医结合体检及必要检查判断，不要仅凭知识卡自行确诊或用药。出现任一红旗（短期快速恶化、突然意识异常、抽搐或无法站立）应立即就医或急诊。,"[""短期快速恶化"",""突然意识异常"",""抽搐或无法站立""]",老年认知变化如何做家庭记录；宠物老年痴呆怎么记录；要观察哪些行为；定向、互动、睡眠、排泄、活动和焦虑发生变化；结构化记录多个行为维度有助于发现趋势；单次异常不足以判断认知功能障碍；短期快速恶化；突然意识异常；抽搐或无法站立。,"[{""source_id"":""PMC12390195"",""title"":""Diagnosis of Canine Cognitive Dysfunction Syndrome: A Narrative Review"",""url"":""https://pmc.ncbi.nlm.nih.gov/articles/PMC12390195/"",""license"":""CC BY 4.0"",""page_or_section"":""Abstract"",""verification_status"":""source_identity_license_and_locator_verified_2026-08-12; veterinary_claim_review_pending"",""support_note"":""中文内容为保守概括；来源用于支持主题、物种和风险边界，不代表个体诊断。"",""change_note"":""已在 v1.4 核对来源身份、商业许可、题名和定位；未逐字复制。""},{""source_id"":""PMC7819322"",""title"":""Feline cognitive dysfunction as a model for Alzheimer’s disease in the research of CBD as a potential treatment—a narrative review"",""url"":""https://pmc.ncbi.nlm.nih.gov/articles/PMC7819322/"",""license"":""CC BY 4.0"",""page_or_section"":""Abstract"",""verification_status"":""source_identity_license_and_locator_verified_2026-08-12; veterinary_claim_review_pending"",""support_note"":""中文内容为保守概括；来源用于支持主题、物种和风险边界，不代表个体诊断。"",""change_note"":""已在 v1.4 核对来源身份、商业许可、题名和定位；未逐字复制。""}]",Only verified CC BY/CC0 evidence is retained; attribution and change notices are mandatory.,true,phrase_expansion_and_new_cards_applied_v1_7,blocked_pending_mainland_China_licensed_veterinarian_review,true,test,false,0588fe7c0e36cf277ef44f71a688fe529ac14e0302725f232b7ddadd9eb0efe1
MVP-REPRO-005,1.8.0-open-mvp-retrieval-and-safety-repair-draft,zh-CN,猫是否怀孕不能只摸肚子判断,"[""cat""]",reproductive,common_disease_health_education_and_triage,,"[""猫肚子大是不是怀孕"",""怎么确定母猫怀孕"",""怀了""]","[""腹围或乳头变化"",""食欲和体重可能变化""]","[""猫妊娠确认需要结合配种史和兽医检查"",""腹胀也可来自肥胖、子宫疾病或腹水""]","[""近2-3个月内是否有过交配或可能接触未绝育公猫？"",""目前食欲是否正常？"",""目前精神状态是否正常？""]",如果出现任一红旗表现（腹部疼痛、阴道异常分泌物、呼吸困难或虚弱），请立即就医或前往急诊；若没有上述紧急表现，可记录出现时间、频率、照片或视频以及食欲、饮水、排尿排便和活动变化，并由兽医结合体检及必要检查判断，不要仅凭知识卡自行确诊或用药。,"[""腹部疼痛"",""阴道异常分泌物"",""呼吸困难或虚弱""]",猫是否怀孕不能只摸肚子判断；猫肚子大是不是怀孕；怎么确定母猫怀孕；怀了；腹围或乳头变化；食欲和体重可能变化；猫妊娠确认需要结合配种史和兽医检查；腹胀也可来自肥胖、子宫疾病或腹水；腹部疼痛；阴道异常分泌物；呼吸困难或虚弱。,"[{""source_id"":""PMC9099157"",""title"":""Feline breeding and pregnancy management: What is normal and when to intervene"",""url"":""https://pmc.ncbi.nlm.nih.gov/articles/PMC9099157/"",""license"":""CC BY 4.0"",""page_or_section"":""Abstract"",""verification_status"":""source_identity_license_and_locator_verified_2026-08-12; veterinary_claim_review_pending"",""support_note"":""中文内容为保守概括；来源用于支持主题、物种和风险边界，不代表个体诊断。"",""change_note"":""已在 v1.4 核对来源身份、商业许可、题名和定位；未逐字复制。""}]",Only verified CC BY/CC0 evidence is retained; attribution and change notices are mandatory.,true,phrase_expansion_and_new_cards_applied_v1_7,blocked_pending_mainland_China_licensed_veterinarian_review,true,test,false,d7f3555dbeed6328a57fd23d3766bfeca50743986bc2ec134369e1ea367b6442
MVP-REPRO-006,1.8.0-open-mvp-retrieval-and-safety-repair-draft,zh-CN,怀孕母猫体重和食欲怎么观察,"[""cat""]",reproductive,common_disease_health_education_and_triage,,"[""孕猫吃多少"",""怀孕猫体重怎么长"",""怀了""]","[""每周体重是否稳定增加"",""食欲是逐渐变化还是突然下降或拒食"",""是否出现精神差、阴道分泌物等异常""]","[""母猫妊娠期需要连续观察体重和体况"",""突然拒食、体重下降或精神差不是正常的单纯妊娠变化""]","[""现在大概怀孕多少周或处于怀孕哪个阶段？"",""近期体重是稳定增加、下降还是基本不变？"",""与平时相比，进食量大概减少多少，已经持续多久？""]",记录出现时间、频率、照片或视频以及食欲、饮水、排尿排便和活动变化；若出现任一红旗（完全拒食、阴道出血、明显虚弱或腹痛），应立即就医或急诊；由兽医结合体检及必要检查判断，不要仅凭知识卡自行确诊或用药。,"[""完全拒食"",""阴道出血"",""明显虚弱或腹痛""]",怀孕母猫体重和食欲怎么观察；孕猫吃多少；怀孕猫体重怎么长；怀了；每周体重是否稳定增加；食欲是逐渐变化还是突然下降或拒食；是否出现精神差、阴道分泌物等异常；母猫妊娠期需要连续观察体重和体况；突然拒食、体重下降或精神差不是正常的单纯妊娠变化；完全拒食；阴道出血；明显虚弱或腹痛。,"[{""source_id"":""PMC9099157"",""title"":""Feline breeding and pregnancy management: What is normal and when to intervene"",""url"":""https://pmc.ncbi.nlm.nih.gov/articles/PMC9099157/"",""license"":""CC BY 4.0"",""page_or_section"":""Abstract"",""verification_status"":""source_identity_license_and_locator_verified_2026-08-12; veterinary_claim_review_pending"",""support_note"":""中文内容为保守概括；来源用于支持主题、物种和风险边界，不代表个体诊断。"",""change_note"":""已在 v1.4 核对来源身份、商业许可、题名和定位；未逐字复制。""}]",Only verified CC BY/CC0 evidence is retained; attribution and change notices are mandatory.,true,phrase_expansion_and_new_cards_applied_v1_7,blocked_pending_mainland_China_licensed_veterinarian_review,true,test,false,de3dfcb6840493f8491fbcc43859b9ec9466855185b761e0296fcac1cdef2b82
MVP-REPRO-007,1.8.0-open-mvp-retrieval-and-safety-repair-draft,zh-CN,母犬妊娠期间不能自行补钙,"[""dog""]",reproductive,common_disease_health_education_and_triage,,"[""怀孕狗要补钙吗"",""母犬产前吃钙片"",""怀了""]","[""处于妊娠或哺乳期""]","[""妊娠和哺乳营养应使用完整平衡方案"",""未经评估自行补充矿物质可能造成营养失衡""]","[""是否出现震颤、步态不稳、抽搐、持续喘息或高热中的任一红旗表现？"",""当前主食是否为完整均衡的妊娠期或哺乳期犬粮？"",""是否有既往低钙史？""]",不要自行给妊娠或哺乳期母犬补充钙制剂。应咨询兽医评估当前主食、胎数、体况及既往低钙史；若出现震颤、步态不稳、抽搐、持续喘息或高热等任一红旗表现，立即就医或急诊。,"[""震颤步态不稳"",""抽搐"",""持续喘息或高热""]",母犬妊娠期间不能自行补钙；怀孕狗要补钙吗；母犬产前吃钙片；怀了；处于妊娠或哺乳期；妊娠和哺乳营养应使用完整平衡方案；未经评估自行补充矿物质可能造成营养失衡；震颤步态不稳；抽搐；持续喘息或高热。,"[{""source_id"":""PMC9179255"",""title"":""Dead or Alive? A Review of Perinatal Factors That Determine Canine Neonatal Viability"",""url"":""https://pmc.ncbi.nlm.nih.gov/articles/PMC9179255/"",""license"":""CC BY 4.0"",""page_or_section"":""Abstract"",""verification_status"":""source_identity_license_and_locator_verified_2026-08-12; veterinary_claim_review_pending"",""support_note"":""中文内容为保守概括；来源用于支持主题、物种和风险边界，不代表个体诊断。"",""change_note"":""已在 v1.4 核对来源身份、商业许可、题名和定位；未逐字复制。""}]",Only verified CC BY/CC0 evidence is retained; attribution and change notices are mandatory.,true,phrase_expansion_and_new_cards_applied_v1_7,blocked_pending_mainland_China_licensed_veterinarian_review,true,test,false,2e82ff14ebcf3dccfdc6c5cf516babd7ff59b9677d3f6e4fbca77e6241029ea9
MVP-REPRO-008,1.8.0-open-mvp-retrieval-and-safety-repair-draft,zh-CN,母犬临近分娩需要准备哪些记录,"[""dog""]",reproductive,common_disease_health_education_and_triage,,"[""狗快生了观察什么"",""母犬生产前记录""]","[""筑巢、不安、食欲和体温可能变化""]","[""预产信息、配种日期、影像估计胎数和产程记录有助于识别难产"",""单一体温变化不能准确判断全部情况""]","[""是否清楚配种日期及预估胎数？"",""是否有既往难产史或剖宫产史？"",""是否出现持续强烈努责但超过30分钟仍未见幼犬产出？""]",记录出现时间、频率、照片或视频以及食欲、饮水、排尿排便和活动变化；由兽医结合体检及必要检查判断，不要仅凭知识卡自行确诊或用药；出现任一红旗症状应立即就医或急诊。,"[""持续强烈努责无幼犬"",""产程停滞伴虚弱"",""大量出血或异常分泌物""]",母犬临近分娩需要准备哪些记录；狗快生了观察什么；母犬生产前记录；筑巢、不安、食欲和体温可能变化；预产信息、配种日期、影像估计胎数和产程记录有助于识别难产；单一体温变化不能准确判断全部情况；持续强烈努责无幼犬；产程停滞伴虚弱；大量出血或异常分泌物。,"[{""source_id"":""PMC9478343"",""title"":""Incidence and concomitant factors of cesarean sections in the bitch: A questionnaire study"",""url"":""https://pmc.ncbi.nlm.nih.gov/articles/PMC9478343/"",""license"":""CC BY 4.0"",""page_or_section"":""Abstract"",""verification_status"":""source_identity_license_and_locator_verified_2026-08-12; veterinary_claim_review_pending"",""support_note"":""中文内容为保守概括；来源用于支持主题、物种和风险边界，不代表个体诊断。"",""change_note"":""已在 v1.4 核对来源身份、商业许可、题名和定位；未逐字复制。""}]",Only verified CC BY/CC0 evidence is retained; attribution and change notices are mandatory.,true,phrase_expansion_and_new_cards_applied_v1_7,blocked_pending_mainland_China_licensed_veterinarian_review,true,test,false,45dae6ad277bb17cc13c773dc09e59bce131abbae840e5abc1f9b55e3ea582c8
MVP-REPRO-009,1.8.0-open-mvp-retrieval-and-safety-repair-draft,zh-CN,母猫分娩时什么时候需要就医,"[""cat""]",reproductive,common_disease_health_education_and_triage,,"[""猫生不出来怎么办"",""母猫宫缩很久没生""]","[""持续用力但没有幼猫"",""产程中断"",""母体不适""]","[""猫难产可危及母猫和幼猫"",""产程异常需要尽早与兽医联系而不是反复在家干预""]","[""羊膜囊或胎儿是否已出现在产道口，但超过10-15分钟没有进展？"",""母猫是否出现大量出血或虚弱倒地？"",""持续强烈宫缩或用力是否已超过30-60分钟仍未见幼猫产出？""]",疑似难产立即联系宠物急诊；不要自行牵拉胎儿或使用催产药。,"[""胎儿卡在产道"",""大量出血"",""母猫虚弱倒地"",""持续强烈宫缩/用力超过30-60分钟未见幼猫产出"",""羊膜囊/胎儿在产道口可见但10-15分钟无进展""]",母猫分娩时什么时候需要就医；猫生不出来怎么办；母猫宫缩很久没生；持续用力但没有幼猫；产程中断；母体不适；猫难产可危及母猫和幼猫；产程异常需要尽早与兽医联系而不是反复在家干预；胎儿卡在产道；大量出血；母猫虚弱倒地；持续强烈宫缩/用力超过30-60分钟未见幼猫产出；羊膜囊/胎儿在产道口可见但10-15分钟无进展。,"[{""source_id"":""PMC9099157"",""title"":""Feline breeding and pregnancy management: What is normal and when to intervene"",""url"":""https://pmc.ncbi.nlm.nih.gov/articles/PMC9099157/"",""license"":""CC BY 4.0"",""page_or_section"":""Abstract"",""verification_status"":""source_identity_license_and_locator_verified_2026-08-12; veterinary_claim_review_pending"",""support_note"":""中文内容为保守概括；来源用于支持主题、物种和风险边界，不代表个体诊断。"",""change_note"":""已在 v1.4 核对来源身份、商业许可、题名和定位；未逐字复制。""}]",Only verified CC BY/CC0 evidence is retained; attribution and change notices are mandatory.,true,phrase_expansion_and_new_cards_applied_v1_7,blocked_pending_mainland_China_licensed_veterinarian_review,true,test,false,dd82846cb57ef12cdaaabb364b7db75a23dd480e02bcef875f028c8d8114f573
MVP-REPRO-010,1.8.0-open-mvp-retrieval-and-safety-repair-draft,zh-CN,母犬分娩时持续用力但没有幼犬,"[""dog""]",reproductive,common_disease_health_education_and_triage,,"[""狗用力很久生不出"",""幼犬卡住了""]","[""强烈努责无幼犬"",""可见胎儿但无法娩出""]","[""犬难产常需要快速产科评估"",""胎儿阻塞或子宫收缩乏力都不能仅靠家庭观察区分""]","[""母犬是否出现虚弱、倒地、大量出血或恶臭分泌物？"",""是否能看到胎儿或胎膜卡在产道口？"",""持续强烈努责是否已超过30分钟仍未见幼犬？""]",立即前往宠物急诊；不要自行牵拉或使用催产药。,"[""胎儿卡住"",""母犬倒地虚弱"",""大量出血或恶臭分泌物"",""持续强烈努责超过30分钟未见幼犬""]",母犬分娩时持续用力但没有幼犬；狗用力很久生不出；幼犬卡住了；强烈努责无幼犬；可见胎儿但无法娩出；犬难产常需要快速产科评估；胎儿阻塞或子宫收缩乏力都不能仅靠家庭观察区分；胎儿卡住；母犬倒地虚弱；大量出血或恶臭分泌物；持续强烈努责超过30分钟未见幼犬。,"[{""source_id"":""PMC9478343"",""title"":""Incidence and concomitant factors of cesarean sections in the bitch: A questionnaire study"",""url"":""https://pmc.ncbi.nlm.nih.gov/articles/PMC9478343/"",""license"":""CC BY 4.0"",""page_or_section"":""Abstract"",""verification_status"":""source_identity_license_and_locator_verified_2026-08-12; veterinary_claim_review_pending"",""support_note"":""中文内容为保守概括；来源用于支持主题、物种和风险边界，不代表个体诊断。"",""change_note"":""已在 v1.4 核对来源身份、商业许可、题名和定位；未逐字复制。""}]",Only verified CC BY/CC0 evidence is retained; attribution and change notices are mandatory.,true,phrase_expansion_and_new_cards_applied_v1_7,blocked_pending_mainland_China_licensed_veterinarian_review,true,test,false,a5ecd1675571eac0f6fb26aa37a368d5feb9d0ef0b56eed808e074bfeefa7226
MVP-REPRO-011,1.8.0-open-mvp-retrieval-and-safety-repair-draft,zh-CN,母猫产后阴道分泌物异常,"[""cat""]",reproductive,common_disease_health_education_and_triage,,"[""宠物生完下面有臭味分泌物"",""产后一直流很多血""]","[""产后分泌物"",""可能伴异味、发热或精神差""]","[""产后分泌物需要结合颜色、气味、量和母体状态判断"",""恶臭、大量出血或全身不适需排除子宫感染和出血""]","[""生产后第几天？"",""是否照顾幼崽和进食？"",""分泌物颜色、气味、量如何？""]",若出现大量持续出血、恶臭伴发热虚弱、牙龈苍白或倒地等任一红旗表现，立即前往急诊；若没有上述红旗表现，可记录出现时间、频率、照片或视频以及食欲、饮水、排尿排便和活动变化，并预约兽医就诊，不要仅凭知识卡自行确诊或用药。,"[""大量持续出血"",""恶臭伴发热虚弱"",""牙龈苍白或倒地""]",母猫产后阴道分泌物异常；宠物生完下面有臭味分泌物；产后一直流很多血；产后分泌物；可能伴异味、发热或精神差；产后分泌物需要结合颜色、气味、量和母体状态判断；恶臭、大量出血或全身不适需排除子宫感染和出血；大量持续出血；恶臭伴发热虚弱；牙龈苍白或倒地。,"[{""source_id"":""PMC9099157"",""title"":""Feline breeding and pregnancy management: What is normal and when to intervene"",""url"":""https://pmc.ncbi.nlm.nih.gov/articles/PMC9099157/"",""license"":""CC BY 4.0"",""page_or_section"":""Abstract"",""verification_status"":""source_identity_license_and_locator_verified_2026-08-12; veterinary_claim_review_pending"",""support_note"":""中文内容为保守概括；来源用于支持主题、物种和风险边界，不代表个体诊断。"",""change_note"":""已在 v1.4 核对来源身份、商业许可、题名和定位；未逐字复制。""}]",Only verified CC BY/CC0 evidence is retained; attribution and change notices are mandatory.,true,phrase_expansion_and_new_cards_applied_v1_7,blocked_pending_mainland_China_licensed_veterinarian_review,true,test,false,072ae556215f241fc93f0a33f97070fe6afb224d0a222d2835094b4220746a35
MVP-REPRO-012,1.8.0-open-mvp-retrieval-and-safety-repair-draft,zh-CN,哺乳母犬母猫乳房红肿疼痛,"[""cat"",""dog""]",reproductive,common_disease_health_education_and_triage,,"[""母狗乳房又红又硬"",""母猫奶发炎"",""奶子""]","[""乳腺红、热、硬、疼痛"",""乳汁可能异常"",""母体不愿哺乳""]","[""乳腺炎可影响母体和幼崽摄入"",""需要检查感染、乳汁和幼崽状态""]","[""乳房皮肤是否发黑、坏死或破溃？"",""母犬/母猫是否发热或精神萎靡？"",""幼崽是否持续哭叫、不吃奶？""]",记录出现时间、频率、照片或视频以及食欲、饮水、排尿排便和活动变化；若出现任一红旗表现，应立即前往急诊；无红旗表现也应尽快预约兽医评估，由兽医结合体检及必要检查判断，不要仅凭知识卡自行确诊或用药。,"[""乳腺发黑坏死"",""母体发热虚弱"",""幼崽持续哭叫不吃奶""]",哺乳母犬母猫乳房红肿疼痛；母狗乳房又红又硬；母猫奶发炎；奶子；乳腺红、热、硬、疼痛；乳汁可能异常；母体不愿哺乳；乳腺炎可影响母体和幼崽摄入；需要检查感染、乳汁和幼崽状态；乳腺发黑坏死；母体发热虚弱；幼崽持续哭叫不吃奶。,"[{""source_id"":""PMC10266749"",""title"":""Lactation in domestic carnivores"",""url"":""https://pmc.ncbi.nlm.nih.gov/articles/PMC10266749/"",""license"":""CC BY 4.0"",""page_or_section"":""Abstract"",""verification_status"":""source_identity_license_and_locator_verified_2026-08-12; veterinary_claim_review_pending"",""support_note"":""中文内容为保守概括；来源用于支持主题、物种和风险边界，不代表个体诊断。"",""change_note"":""已在 v1.4 核对来源身份、商业许可、题名和定位；未逐字复制。""}]",Only verified CC BY/CC0 evidence is retained; attribution and change notices are mandatory.,true,phrase_expansion_and_new_cards_applied_v1_7,blocked_pending_mainland_China_licensed_veterinarian_review,true,test,false,6928251df702630579d84aeef93ed5abed9d18a9e76be2c2219af44cb3107c58
MVP-REPRO-013,1.8.0-open-mvp-retrieval-and-safety-repair-draft,zh-CN,哺乳母犬突然发抖、喘气和走不稳,"[""dog""]",reproductive,common_disease_health_education_and_triage,,"[""母狗生完发抖喘得厉害"",""哺乳狗站不稳""]","[""震颤"",""喘息"",""步态僵硬或不稳"",""可能发热""]","[""哺乳期低钙血症可快速进展为抽搐和高热"",""小型犬和大窝等情况风险更高但任何母犬都需警惕""]","[""母犬现在是否有抽搐、意识不清或倒地？"",""是否测过体温？体温是多少度？"",""生产后到现在有多长时间了？""]",立即将母犬送往宠物急诊并避免继续剧烈哺乳刺激，按兽医指导安置幼犬。,"[""抽搐"",""高热"",""倒地或意识异常""]",哺乳母犬突然发抖、喘气和走不稳；母狗生完发抖喘得厉害；哺乳狗站不稳；震颤；喘息；步态僵硬或不稳；可能发热；哺乳期低钙血症可快速进展为抽搐和高热；小型犬和大窝等情况风险更高但任何母犬都需警惕；抽搐；高热；倒地或意识异常。,"[{""source_id"":""PMC9179255"",""title"":""Dead or Alive? A Review of Perinatal Factors That Determine Canine Neonatal Viability"",""url"":""https://pmc.ncbi.nlm.nih.gov/articles/PMC9179255/"",""license"":""CC BY 4.0"",""page_or_section"":""Abstract"",""verification_status"":""source_identity_license_and_locator_verified_2026-08-12; veterinary_claim_review_pending"",""support_note"":""中文内容为保守概括；来源用于支持主题、物种和风险边界，不代表个体诊断。"",""change_note"":""已在 v1.4 核对来源身份、商业许可、题名和定位；未逐字复制。""}]",Only verified CC BY/CC0 evidence is retained; attribution and change notices are mandatory.,true,phrase_expansion_and_new_cards_applied_v1_7,blocked_pending_mainland_China_licensed_veterinarian_review,true,test,false,ad07cc56176e77f2d230848a581ac8a4feeb70205ad8ac1d2e5f353543703a72
MVP-REPRO-014,1.8.0-open-mvp-retrieval-and-safety-repair-draft,zh-CN,产后母犬不照顾幼崽,"[""dog""]",reproductive,common_disease_health_education_and_triage,,"[""母狗不管小狗"",""奶子""]","[""拒绝哺乳或离开产箱"",""可能攻击或忽视幼崽""]","[""母体疼痛、疾病、应激或母性行为问题都可能影响照护"",""需要同时评估母体和幼崽体温、摄入及体重""]","[""幼犬是否出现不吃奶、身体冰凉或持续叫？"",""母犬是否出现大量出血、抽搐、虚弱或发热？"",""母犬乳腺是否红、肿、热、痛，或恶露是否有恶臭？""]",若出现任一红旗表现（如幼崽不吃奶或冰凉、母体大量出血、母体抽搐或虚弱、母犬发热、乳腺红肿胀痛、恶露恶臭等），请立即联系急诊或送医；幼崽冰凉时可先保暖并尽快就医；母犬攻击幼崽时应先隔离确保安全。无红旗表现时，记录出现时间、频率、食欲、饮水、排尿排便和活动变化，并由兽医结合体检及必要检查判断，不要仅凭知识卡自行确诊或用药。,"[""幼崽不吃奶或冰凉"",""母体大量出血"",""母体抽搐或虚弱"",""母犬发热"",""乳腺红、肿、热、痛"",""恶露恶臭""]",产后母犬不照顾幼崽；母狗不管小狗；奶子；拒绝哺乳或离开产箱；可能攻击或忽视幼崽；母体疼痛、疾病、应激或母性行为问题都可能影响照护；需要同时评估母体和幼崽体温、摄入及体重；幼崽不吃奶或冰凉；母体大量出血；母体抽搐或虚弱；母犬发热；乳腺红、肿、热、痛；恶露恶臭。,"[{""source_id"":""PMC6776987"",""title"":""Maternal behaviour in domestic dogs"",""url"":""https://pmc.ncbi.nlm.nih.gov/articles/PMC6776987/"",""license"":""CC BY 4.0"",""page_or_section"":""Abstract"",""verification_status"":""source_identity_license_and_locator_verified_2026-08-12; veterinary_claim_review_pending"",""support_note"":""中文内容为保守概括；来源用于支持主题、物种和风险边界，不代表个体诊断。"",""change_note"":""已在 v1.4 核对来源身份、商业许可、题名和定位；未逐字复制。""}]",Only verified CC BY/CC0 evidence is retained; attribution and change notices are mandatory.,true,phrase_expansion_and_new_cards_applied_v1_7,blocked_pending_mainland_China_licensed_veterinarian_review,true,test,false,65b06ef3e6123e923d35be71204b0e71b8ed73083ebc2b6b0acb8abffff4ec75
MVP-TOX-003,1.8.0-open-mvp-retrieval-and-safety-repair-draft,zh-CN,犬误食巧克力或可可制品,"[""dog""]",toxicology,common_disease_health_education_and_triage,,"[""狗偷吃巧克力怎么办"",""狗吃了可可粉""]","[""可能暂时无症状"",""呕吐"",""躁动"",""心跳异常或震颤""]","[""巧克力和可可含甲基黄嘌呤，对犬的风险取决于产品、摄入量、体重和时间"",""症状可能延迟出现，不能等到发作才咨询""]","[""狗狗大概是什么时候误食的？已经过了多久？"",""它误食的是哪种巧克力或可可制品？包装上标注的可可含量是多少？"",""请提供狗狗的体重和大概误食量，以便估算中毒风险。""]",立即联系兽医或动物中毒咨询，并保留包装；不要自行催吐或给家庭解毒偏方。若出现任一红旗，应立即就医或急诊。,"[""震颤或抽搐"",""明显躁动或虚弱"",""心跳异常或持续呕吐""]",犬误食巧克力或可可制品；狗偷吃巧克力怎么办；狗吃了可可粉；可能暂时无症状；呕吐；躁动；心跳异常或震颤；巧克力和可可含甲基黄嘌呤，对犬的风险取决于产品、摄入量、体重和时间；症状可能延迟出现，不能等到发作才咨询；震颤或抽搐；明显躁动或虚弱；心跳异常或持续呕吐。,"[{""source_id"":""PMC4801869"",""title"":""Household Food Items Toxic to Dogs and Cats"",""url"":""https://pmc.ncbi.nlm.nih.gov/articles/PMC4801869/"",""license"":""CC BY"",""page_or_section"":""Abstract"",""verification_status"":""source_identity_license_and_locator_verified_2026-08-12; veterinary_claim_review_pending"",""support_note"":""中文内容为保守概括；来源用于支持主题、物种和风险边界，不代表个体诊断。"",""change_note"":""已在 v1.4 核对来源身份、商业许可、题名和定位；未逐字复制。""}]",Only verified CC BY/CC0 evidence is retained; attribution and change notices are mandatory.,true,phrase_expansion_and_new_cards_applied_v1_7,blocked_pending_mainland_China_licensed_veterinarian_review,true,test,false,db9de38f2ae55d9361d1e3b6cac51687f4aa64523b6bbf2f8564fd5eb1bb63c0
MVP-TOX-004,1.8.0-open-mvp-retrieval-and-safety-repair-draft,zh-CN,犬误食木糖醇食品,"[""dog""]",toxicology,common_disease_health_education_and_triage,,"[""狗吃了无糖口香糖"",""木糖醇对狗有毒吗""]","[""早期可能无症状"",""呕吐"",""无力"",""步态不稳或抽搐""]","[""木糖醇可使犬出现危险的低血糖，并可能造成肝损伤"",""无症状期不能排除风险""]","[""误食的含木糖醇食品具体是什么？包装上每件或每克木糖醇含量是多少？"",""大概在什么时间误食的？到现在有多久？"",""犬目前的精神状态怎么样？""]",立即联系宠物急诊或动物中毒咨询并携带包装；不要等待症状，也不要自行催吐。若出现虚弱倒地、步态不稳、抽搐或持续呕吐、黏膜或皮肤黄染、出血点或瘀斑、明显嗜睡或昏迷、呕吐物带血等任一红旗，应立即就医或急诊。,"[""虚弱倒地"",""步态不稳"",""抽搐或持续呕吐"",""黏膜或皮肤黄染"",""出血点或瘀斑"",""明显嗜睡或昏迷"",""呕吐物带血""]",犬误食木糖醇食品；狗吃了无糖口香糖；木糖醇对狗有毒吗；早期可能无症状；呕吐；无力；步态不稳或抽搐；木糖醇可使犬出现危险的低血糖，并可能造成肝损伤；无症状期不能排除风险；虚弱倒地；步态不稳；抽搐或持续呕吐；黏膜或皮肤黄染；出血点或瘀斑；明显嗜睡或昏迷；呕吐物带血。,"[{""source_id"":""PMC4801869"",""title"":""Household Food Items Toxic to Dogs and Cats"",""url"":""https://pmc.ncbi.nlm.nih.gov/articles/PMC4801869/"",""license"":""CC BY"",""page_or_section"":""Abstract"",""verification_status"":""source_identity_license_and_locator_verified_2026-08-12; veterinary_claim_review_pending"",""support_note"":""中文内容为保守概括；来源用于支持主题、物种和风险边界，不代表个体诊断。"",""change_note"":""已在 v1.4 核对来源身份、商业许可、题名和定位；未逐字复制。""}]",Only verified CC BY/CC0 evidence is retained; attribution and change notices are mandatory.,true,phrase_expansion_and_new_cards_applied_v1_7,blocked_pending_mainland_China_licensed_veterinarian_review,true,test,false,75349466fda2c1743e21ab4914b66fd90fb2b596ed11f223ea6d5d32dfc76392
MVP-TOX-005,1.8.0-open-mvp-retrieval-and-safety-repair-draft,zh-CN,犬误食葡萄或葡萄干,"[""dog""]",toxicology,common_disease_health_education_and_triage,,"[""狗吃了葡萄怎么办"",""一颗葡萄干要紧吗""]","[""早期可能无症状"",""呕吐"",""精神差"",""食欲下降""]","[""葡萄和葡萄干与犬急性肾损伤有关，个体敏感性难以预测"",""不能用其他犬曾经没事来判断本次安全""]","[""狗的体重大概是多少公斤？"",""是否已经呕吐过？"",""吃的葡萄或葡萄干大概有多少颗或多少克？""]",立即联系兽医或动物中毒咨询；保留食物包装，不要等待排尿异常或自行催吐。若出现反复呕吐、明显虚弱、尿量减少或无尿等任一红旗症状，应立即前往急诊。,"[""反复呕吐"",""明显虚弱"",""尿量减少或无尿""]",犬误食葡萄或葡萄干；狗吃了葡萄怎么办；一颗葡萄干要紧吗；早期可能无症状；呕吐；精神差；食欲下降；葡萄和葡萄干与犬急性肾损伤有关，个体敏感性难以预测；不能用其他犬曾经没事来判断本次安全；反复呕吐；明显虚弱；尿量减少或无尿。,"[{""source_id"":""PMC4801869"",""title"":""Household Food Items Toxic to Dogs and Cats"",""url"":""https://pmc.ncbi.nlm.nih.gov/articles/PMC4801869/"",""license"":""CC BY"",""page_or_section"":""Abstract"",""verification_status"":""source_identity_license_and_locator_verified_2026-08-12; veterinary_claim_review_pending"",""support_note"":""中文内容为保守概括；来源用于支持主题、物种和风险边界，不代表个体诊断。"",""change_note"":""已在 v1.4 核对来源身份、商业许可、题名和定位；未逐字复制。""}]",Only verified CC BY/CC0 evidence is retained; attribution and change notices are mandatory.,true,phrase_expansion_and_new_cards_applied_v1_7,blocked_pending_mainland_China_licensed_veterinarian_review,true,test,false,144d4c4adbc7c5e594f07b8309252e1afc25330e51e7bb5387bc2e616da0d2cd
MVP-TOX-006,1.8.0-open-mvp-retrieval-and-safety-repair-draft,zh-CN,犬猫误食洋葱蒜或葱属食物,"[""cat"",""dog""]",toxicology,common_disease_health_education_and_triage,,"[""宠物吃了洋葱"",""猫舔了蒜蓉""]","[""早期可能胃肠不适"",""之后可能虚弱"",""牙龈苍白"",""尿色变深""]","[""葱属食物可造成氧化性红细胞损伤，猫通常更敏感"",""熟制、粉末或调味形式也不能视为安全""]","[""吃进去的是哪种具体食物：洋葱、大蒜、韭菜，还是含葱蒜的菜肴/粉料？请同时说明是生的、熟的或调味酱形式。"",""大概吃了多少量？请尽量用几瓣、几克或几勺描述。"",""距离吃进去大概多久了？""]",若出现任一红旗症状（呼吸急促、牙龈苍白、倒地或深色尿），请立即就医或前往急诊；即使暂无，也应尽快联系兽医或动物中毒咨询，说明食物配料、时间和体重，不要自行用药。,"[""呼吸急促"",""牙龈苍白"",""倒地或深色尿""]",犬猫误食洋葱蒜或葱属食物；宠物吃了洋葱；猫舔了蒜蓉；早期可能胃肠不适；之后可能虚弱；牙龈苍白；尿色变深；葱属食物可造成氧化性红细胞损伤，猫通常更敏感；熟制、粉末或调味形式也不能视为安全；呼吸急促；倒地或深色尿。,"[{""source_id"":""PMC4801869"",""title"":""Household Food Items Toxic to Dogs and Cats"",""url"":""https://pmc.ncbi.nlm.nih.gov/articles/PMC4801869/"",""license"":""CC BY"",""page_or_section"":""Abstract"",""verification_status"":""source_identity_license_and_locator_verified_2026-08-12; veterinary_claim_review_pending"",""support_note"":""中文内容为保守概括；来源用于支持主题、物种和风险边界，不代表个体诊断。"",""change_note"":""已在 v1.4 核对来源身份、商业许可、题名和定位；未逐字复制。""}]",Only verified CC BY/CC0 evidence is retained; attribution and change notices are mandatory.,true,phrase_expansion_and_new_cards_applied_v1_7,blocked_pending_mainland_China_licensed_veterinarian_review,true,test,false,a937d9c521b429cc62f559c6cef20cc088b07a8683a9defc1ba342590d1de4d7
MVP-TOX-007,1.8.0-open-mvp-retrieval-and-safety-repair-draft,zh-CN,犬猫误食酒精或未烘烤酵母面团,"[""cat"",""dog""]",toxicology,common_disease_health_education_and_triage,,"[""狗喝了酒"",""猫吃了生面团""]","[""呕吐"",""嗜睡"",""步态不稳"",""腹胀""]","[""酒精可造成神经和代谢异常，未烘烤酵母面团还可能在胃内膨胀并产生乙醇"",""出现腹胀或意识变化需急诊""]","[""动物误食的是酒精类液体、含酒精食物还是未烘烤的生面团？如果知道，大概是什么种类和酒精浓度？"",""大概在什么时间误食的？估计吃下去的量有多少？动物目前体重是多少？"",""动物现在意识是否清楚？有没有昏睡、叫不醒或倒地？""]",立即联系宠物急诊或动物中毒咨询；不要诱导饮水、喂食或自行催吐。若出现任一红旗症状（意识下降、呼吸异常、腹部快速膨大或倒地、抽搐或癫痫发作、体温过低/皮肤冰凉），应立即前往急诊。,"[""意识下降"",""呼吸异常"",""腹部快速膨大或倒地"",""抽搐或癫痫发作"",""体温过低/皮肤冰凉""]",犬猫误食酒精或未烘烤酵母面团；狗喝了酒；猫吃了生面团；呕吐；嗜睡；步态不稳；腹胀；酒精可造成神经和代谢异常，未烘烤酵母面团还可能在胃内膨胀并产生乙醇；出现腹胀或意识变化需急诊；意识下降；呼吸异常；腹部快速膨大或倒地；抽搐或癫痫发作；体温过低/皮肤冰凉。,"[{""source_id"":""PMC4801869"",""title"":""Household Food Items Toxic to Dogs and Cats"",""url"":""https://pmc.ncbi.nlm.nih.gov/articles/PMC4801869/"",""license"":""CC BY"",""page_or_section"":""Abstract"",""verification_status"":""source_identity_license_and_locator_verified_2026-08-12; veterinary_claim_review_pending"",""support_note"":""中文内容为保守概括；来源用于支持主题、物种和风险边界，不代表个体诊断。"",""change_note"":""已在 v1.4 核对来源身份、商业许可、题名和定位；未逐字复制。""}]",Only verified CC BY/CC0 evidence is retained; attribution and change notices are mandatory.,true,phrase_expansion_and_new_cards_applied_v1_7,blocked_pending_mainland_China_licensed_veterinarian_review,true,test,false,d38ec1a7ad0c49838ff7b58f2c65a7ab3dd792b1d8dbf6486385dabba29c2e91
MVP-TOX-008,1.8.0-open-mvp-retrieval-and-safety-repair-draft,zh-CN,犬误食夏威夷果,"[""dog""]",toxicology,common_disease_health_education_and_triage,,"[""狗吃了夏威夷果"",""狗偷吃坚果后腿软""]","[""呕吐"",""无力"",""后肢僵硬或震颤""]","[""夏威夷果可使犬出现短暂但明显的神经肌肉和胃肠症状"",""含巧克力的混合食品还会叠加其他风险""]","[""它现在是否出现后肢无力、走路不稳或震颤？"",""它吃到的混合食品里是否含有巧克力或木糖醇？"",""大概是什么时候吃的？""]",联系兽医或动物中毒咨询并保留包装；出现无力、震颤或混合毒物时尽快就医；若出现上述任一红旗表现，请立即就医或急诊。,"[""倒地"",""持续震颤"",""高热或反复呕吐""]",犬误食夏威夷果；狗吃了夏威夷果；狗偷吃坚果后腿软；呕吐；无力；后肢僵硬或震颤；夏威夷果可使犬出现短暂但明显的神经肌肉和胃肠症状；含巧克力的混合食品还会叠加其他风险；倒地；持续震颤；高热或反复呕吐。,"[{""source_id"":""PMC4801869"",""title"":""Household Food Items Toxic to Dogs and Cats"",""url"":""https://pmc.ncbi.nlm.nih.gov/articles/PMC4801869/"",""license"":""CC BY"",""page_or_section"":""Abstract"",""verification_status"":""source_identity_license_and_locator_verified_2026-08-12; veterinary_claim_review_pending"",""support_note"":""中文内容为保守概括；来源用于支持主题、物种和风险边界，不代表个体诊断。"",""change_note"":""已在 v1.4 核对来源身份、商业许可、题名和定位；未逐字复制。""}]",Only verified CC BY/CC0 evidence is retained; attribution and change notices are mandatory.,true,phrase_expansion_and_new_cards_applied_v1_7,blocked_pending_mainland_China_licensed_veterinarian_review,true,test,false,d24b4c8148c6034f71ca0491f2381c7dd3bcc6c1e0a753b69cdc11e7ecb6d65d
MVP-TOX-009,1.8.0-open-mvp-retrieval-and-safety-repair-draft,zh-CN,犬猫误食咖啡因制品,"[""cat"",""dog""]",toxicology,common_disease_health_education_and_triage,,"[""狗喝了咖啡"",""猫舔了能量饮料""]","[""躁动"",""呕吐"",""心跳快"",""震颤""]","[""咖啡、茶、能量饮料和咖啡因片可导致甲基黄嘌呤中毒"",""浓缩产品风险更高且症状可能快速进展""]","[""大概什么时候吃进去的？"",""误食的是哪种产品（如咖啡/茶/能量饮料/咖啡因片）？请提供包装、品牌或浓度。"",""大概误食了多少量？""]",立即联系宠物急诊或动物中毒咨询并携带包装；若出现任一红旗（抽搐、心跳明显异常、倒地或高热）应立即就医或急诊；不要在家观察等待。,"[""抽搐"",""心跳明显异常"",""倒地或高热""]",犬猫误食咖啡因制品；狗喝了咖啡；猫舔了能量饮料；躁动；呕吐；心跳快；震颤；咖啡、茶、能量饮料和咖啡因片可导致甲基黄嘌呤中毒；浓缩产品风险更高且症状可能快速进展；抽搐；心跳明显异常；倒地或高热。,"[{""source_id"":""PMC4801869"",""title"":""Household Food Items Toxic to Dogs and Cats"",""url"":""https://pmc.ncbi.nlm.nih.gov/articles/PMC4801869/"",""license"":""CC BY"",""page_or_section"":""Abstract"",""verification_status"":""source_identity_license_and_locator_verified_2026-08-12; veterinary_claim_review_pending"",""support_note"":""中文内容为保守概括；来源用于支持主题、物种和风险边界，不代表个体诊断。"",""change_note"":""已在 v1.4 核对来源身份、商业许可、题名和定位；未逐字复制。""}]",Only verified CC BY/CC0 evidence is retained; attribution and change notices are mandatory.,true,phrase_expansion_and_new_cards_applied_v1_7,blocked_pending_mainland_China_licensed_veterinarian_review,true,test,false,2b257b75d8c7677f377055b23bc2e3baed34a4cb0ebfab6cfb3d9cc7f32d3b0f
MVP-TOX-010,1.8.0-open-mvp-retrieval-and-safety-repair-draft,zh-CN,猫接触百合花或花粉,"[""cat""]",toxicology,common_disease_health_education_and_triage,,"[""猫碰了百合花"",""猫舔到百合花粉""]","[""早期可能无症状"",""流涎或呕吐"",""之后精神和食欲下降""]","[""部分真百合和萱草可使猫发生严重急性肾损伤，花粉和花瓶水也可能构成暴露"",""早期处理时间很重要""]","[""猫目前是否有呕吐、虚弱、流涎或尿量异常？"",""接触或舔食百合发生在多久之前？"",""能否提供植物照片或名称以确认百合种类？""]",任何疑似百合暴露都立即联系宠物急诊；移开植物、阻止舔毛并携带植物照片，不要等待症状。,"[""呕吐或虚弱"",""尿量异常"",""任何明确百合暴露""]",猫接触百合花或花粉；猫碰了百合花；猫舔到百合花粉；早期可能无症状；流涎或呕吐；之后精神和食欲下降；部分真百合和萱草可使猫发生严重急性肾损伤，花粉和花瓶水也可能构成暴露；早期处理时间很重要；呕吐或虚弱；尿量异常；任何明确百合暴露。,"[{""source_id"":""PMC7427442"",""title"":""Indoor Companion Animal Poisoning by Plants in Europe"",""url"":""https://pmc.ncbi.nlm.nih.gov/articles/PMC7427442/"",""license"":""CC BY 4.0"",""page_or_section"":""Abstract"",""verification_status"":""source_identity_license_and_locator_verified_2026-08-12; veterinary_claim_review_pending"",""support_note"":""中文内容为保守概括；来源用于支持主题、物种和风险边界，不代表个体诊断。"",""change_note"":""已在 v1.4 核对来源身份、商业许可、题名和定位；未逐字复制。""}]",Only verified CC BY/CC0 evidence is retained; attribution and change notices are mandatory.,true,phrase_expansion_and_new_cards_applied_v1_7,blocked_pending_mainland_China_licensed_veterinarian_review,true,test,false,9e02e33761185671521caf9001889f52d8e86177aaec883ae73bfae22148b408
MVP-TOX-011,1.8.0-open-mvp-retrieval-and-safety-repair-draft,zh-CN,猫接触犬用含氯菊酯驱虫产品,"[""cat""]",toxicology,common_disease_health_education_and_triage,,"[""把狗驱虫药滴到猫身上了"",""猫碰了氯菊酯""]","[""肌肉颤动"",""抽搐"",""流涎"",""步态异常""]","[""猫对高浓度拟除虫菊酯特别敏感，可因误用犬用产品或接触刚处理的犬而中毒"",""症状可能危及生命""]","[""猫是什么时候接触的？持续了多长时间？"",""身体哪些部位接触或被滴到？是否已经自行清洗或擦拭过？"",""猫目前是否出现流涎、肌肉颤动、抽搐、步态异常或意识异常？""]",出现任何红旗症状（如震颤、抽搐、体温升高、无法站立或意识异常）应立即就医或前往急诊。,"[""任何震颤或抽搐"",""体温升高"",""无法站立或意识异常""]",猫接触犬用含氯菊酯驱虫产品；把狗驱虫药滴到猫身上了；猫碰了氯菊酯；肌肉颤动；抽搐；流涎；步态异常；猫对高浓度拟除虫菊酯特别敏感，可因误用犬用产品或接触刚处理的犬而中毒；症状可能危及生命；任何震颤或抽搐；体温升高；无法站立或意识异常。,"[{""source_id"":""PMC9029646"",""title"":""Treatment of Permethrin Toxicosis in Cats by Intravenous Lipid Emulsion"",""url"":""https://pmc.ncbi.nlm.nih.gov/articles/PMC9029646/"",""license"":""CC BY 4.0"",""page_or_section"":""Abstract"",""verification_status"":""source_identity_license_and_locator_verified_2026-08-12; veterinary_claim_review_pending"",""support_note"":""中文内容为保守概括；来源用于支持主题、物种和风险边界，不代表个体诊断。"",""change_note"":""已在 v1.4 核对来源身份、商业许可、题名和定位；未逐字复制。""}]",Only verified CC BY/CC0 evidence is retained; attribution and change notices are mandatory.,true,phrase_expansion_and_new_cards_applied_v1_7,blocked_pending_mainland_China_licensed_veterinarian_review,true,test,false,55a2f437ee0afd8bfe720aa16bdc09c9621c4df86af54487aaa697ef535fa455
MVP-TOX-012,1.8.0-open-mvp-retrieval-and-safety-repair-draft,zh-CN,犬猫误食人用止痛药,"[""cat"",""dog""]",toxicology,common_disease_health_education_and_triage,,"[""宠物吃了布洛芬"",""狗吞了萘普生""]","[""早期可能无症状"",""呕吐"",""腹痛"",""黑便或精神差""]","[""人用止痛药对犬猫可能造成严重中毒，不同成分的危险机制不同"",""不要等待症状或自行催吐，应立即提供药名、规格、时间和可能摄入量""]","[""具体吃的是哪种人用止痛药？"",""大概吃进去多少片或多少毫克？"",""宠物现在体重是多少公斤？""]",立即联系宠物急诊或动物中毒咨询并携带药盒；不要再给任何止痛药或自行催吐。出现任一红旗症状应立即就医或急诊。,"[""呕血或黑便"",""明显腹痛"",""虚弱倒地或尿量减少"",""抽搐/震颤/共济失调/昏迷"",""呼吸急促、黏膜发绀、面部或爪部水肿""]",犬猫误食人用止痛药；宠物吃了布洛芬；狗吞了萘普生；早期可能无症状；呕吐；腹痛；黑便或精神差；人用止痛药对犬猫可能造成严重中毒，不同成分的危险机制不同；不要等待症状或自行催吐，应立即提供药名、规格、时间和可能摄入量；呕血或黑便；明显腹痛；虚弱倒地或尿量减少；抽搐/震颤/共济失调/昏迷；呼吸急促、黏膜发绀、面部或爪部水肿。,"[{""source_id"":""PMC10568331"",""title"":""Intravenous lipid emulsion for the treatment of poisonings in 313 dogs and 100 cats (2016–2020)"",""url"":""https://pmc.ncbi.nlm.nih.gov/articles/PMC10568331/"",""license"":""CC BY 4.0"",""page_or_section"":""Abstract"",""verification_status"":""source_identity_license_and_locator_verified_2026-08-12; veterinary_claim_review_pending"",""support_note"":""中文内容为保守概括；来源用于支持主题、物种和风险边界，不代表个体诊断。"",""change_note"":""已在 v1.4 核对来源身份、商业许可、题名和定位；未逐字复制。""},{""source_id"":""PMC4629586"",""title"":""Efficacy of free glutathione and niosomal glutathione in the treatment of acetaminophen-induced hepatotoxicity in cats"",""url"":""https://pmc.ncbi.nlm.nih.gov/articles/PMC4629586/"",""license"":""CC BY 4.0"",""page_or_section"":""Abstract"",""verification_status"":""source_identity_license_and_locator_verified_2026-08-12; veterinary_claim_review_pending"",""support_note"":""中文内容为保守概括；来源用于支持主题、物种和风险边界，不代表个体诊断。"",""change_note"":""已在 v1.4 核对来源身份、商业许可、题名和定位；未逐字复制。""}]",Only verified CC BY/CC0 evidence is retained; attribution and change notices are mandatory.,true,phrase_expansion_and_new_cards_applied_v1_7,blocked_pending_mainland_China_licensed_veterinarian_review,true,test,false,c27e4a6f8094f97d5459b2b61409421357cf08e430a7a50697022bca0f48da87
MVP-TOX-013,1.8.0-open-mvp-retrieval-and-safety-repair-draft,zh-CN,猫误食对乙酰氨基酚,"[""cat""]",toxicology,common_disease_health_education_and_triage,,"[""猫吃了扑热息痛"",""猫误食对乙酰氨基酚"",""猫误食对乙酰氨基酚怎么办""]","[""呕吐"",""面部或爪部肿胀"",""呼吸急促"",""牙龈颜色异常""]","[""对乙酰氨基酚可使猫发生严重中毒并损伤肝脏和红细胞携氧能力"",""即使尚无症状也不应等待""]","[""猫目前有没有需要立即就医的危险体征（如呼吸困难、面部肿胀、牙龈发褐/发蓝或倒地）？"",""大概什么时候误食的？"",""大约吃了多少片或多少毫升？""]",立即联系宠物急诊或动物中毒咨询并带药盒；不要等待症状或自行给解毒药。,"[""呼吸困难"",""面部肿胀"",""牙龈发褐发蓝或倒地""]",猫误食对乙酰氨基酚；猫吃了扑热息痛；猫误食对乙酰氨基酚怎么办；呕吐；面部或爪部肿胀；呼吸急促；牙龈颜色异常；对乙酰氨基酚可使猫发生严重中毒并损伤肝脏和红细胞携氧能力；即使尚无症状也不应等待；呼吸困难；面部肿胀；牙龈发褐发蓝或倒地。,"[{""source_id"":""PMC4629586"",""title"":""Efficacy of free glutathione and niosomal glutathione in the treatment of acetaminophen-induced hepatotoxicity in cats"",""url"":""https://pmc.ncbi.nlm.nih.gov/articles/PMC4629586/"",""license"":""CC BY 4.0"",""page_or_section"":""Abstract"",""verification_status"":""source_identity_license_and_locator_verified_2026-08-12; veterinary_claim_review_pending"",""support_note"":""中文内容为保守概括；来源用于支持主题、物种和风险边界，不代表个体诊断。"",""change_note"":""已在 v1.4 核对来源身份、商业许可、题名和定位；未逐字复制。""}]",Only verified CC BY/CC0 evidence is retained; attribution and change notices are mandatory.,true,phrase_expansion_and_new_cards_applied_v1_7,blocked_pending_mainland_China_licensed_veterinarian_review,true,test,false,89a5946bace1966ee0f705c8b52f9908d9dced1a8dee34924794fe00b0ebe279
MVP-TOX-014,1.8.0-open-mvp-retrieval-and-safety-repair-draft,zh-CN,犬误食抗凝血灭鼠药,"[""dog""]",toxicology,common_disease_health_education_and_triage,,"[""狗吃了老鼠药"",""灭鼠药包装被咬了""]","[""早期常无症状"",""之后可能出血"",""虚弱或呼吸困难""]","[""抗凝血灭鼠药可造成延迟性凝血障碍，早期无症状不代表安全"",""不同灭鼠药有效成分不同，必须核对包装""]","[""狗狗现在是否有呼吸困难、牙龈苍白、异常出血、精神变差或虚弱？"",""能否提供灭鼠药包装或有效成分名称/照片？"",""大概什么时间误食的？大概吃了多少或包装被咬开多少？""]",立即联系兽医或动物中毒咨询并携带包装；不要等待出血，也不要凭颜色判断毒物类型；若出现上述任一红旗表现，请立即就医或急诊。,"[""呼吸困难"",""牙龈苍白"",""任何异常出血或倒地""]",犬误食抗凝血灭鼠药；狗吃了老鼠药；灭鼠药包装被咬了；早期常无症状；之后可能出血；虚弱或呼吸困难；抗凝血灭鼠药可造成延迟性凝血障碍，早期无症状不代表安全；不同灭鼠药有效成分不同，必须核对包装；呼吸困难；牙龈苍白；任何异常出血或倒地。,"[{""source_id"":""PMC9131000"",""title"":""Asymptomatic Anticoagulant Rodenticide Exposure in Dogs and Cats—A French and Belgian Rural and Urban Areas Study"",""url"":""https://pmc.ncbi.nlm.nih.gov/articles/PMC9131000/"",""license"":""CC BY 4.0"",""page_or_section"":""Abstract"",""verification_status"":""source_identity_license_and_locator_verified_2026-08-12; veterinary_claim_review_pending"",""support_note"":""中文内容为保守概括；来源用于支持主题、物种和风险边界，不代表个体诊断。"",""change_note"":""已在 v1.4 核对来源身份、商业许可、题名和定位；未逐字复制。""}]",Only verified CC BY/CC0 evidence is retained; attribution and change notices are mandatory.,true,phrase_expansion_and_new_cards_applied_v1_7,blocked_pending_mainland_China_licensed_veterinarian_review,true,test,false,e5180b4b0384302a9635134e536b521b02690260feb03591ca8c7efde0929ca5
MVP-TOX-015,1.8.0-open-mvp-retrieval-and-safety-repair-draft,zh-CN,猫舔到含苯扎氯铵的浓缩消毒剂,"[""cat""]",toxicology,common_disease_health_education_and_triage,,"[""猫舔到浓缩消毒剂"",""猫接触苯扎氯铵""]","[""流涎"",""口腔刺激或溃疡"",""呕吐或呼吸异常""]","[""苯扎氯铵等阳离子表面活性剂可造成严重口腔和全身损伤"",""应携带包装立即联系兽医，不要自行中和或催吐""]","[""具体舔到或接触到的是哪种产品？浓度是多少？"",""猫咪舔到或接触到消毒剂大概是在多久之前？"",""消毒剂主要接触到了猫咪的哪个部位（口腔、眼部、皮肤）？""]",立即联系宠物急诊或动物中毒咨询并携带包装；避免催吐。眼部或皮肤接触后立即用大量清水/温水持续冲洗至少15分钟，同时立即联系兽医或中毒咨询；若出现任一红旗表现（呼吸吞咽困难、口腔明显灼伤、眼球疼痛或持续呕吐、精神沉郁、虚脱、意识改变或抽搐），立即前往急诊。,"[""呼吸吞咽困难"",""口腔明显灼伤"",""眼球疼痛或持续呕吐"",""精神沉郁、虚脱、意识改变或抽搐""]",猫舔到含苯扎氯铵的浓缩消毒剂；猫舔到浓缩消毒剂；猫接触苯扎氯铵；流涎；口腔刺激或溃疡；呕吐或呼吸异常；苯扎氯铵等阳离子表面活性剂可造成严重口腔和全身损伤；应携带包装立即联系兽医，不要自行中和或催吐；呼吸吞咽困难；口腔明显灼伤；眼球疼痛或持续呕吐；精神沉郁、虚脱、意识改变或抽搐。,"[{""source_id"":""PMC11020912"",""title"":""A case of severe benzalkonium chloride intoxication in a cat"",""url"":""https://pmc.ncbi.nlm.nih.gov/articles/PMC11020912/"",""license"":""CC BY 4.0"",""page_or_section"":""Abstract"",""verification_status"":""source_identity_license_and_locator_verified_2026-08-12; veterinary_claim_review_pending"",""support_note"":""中文内容为保守概括；来源用于支持主题、物种和风险边界，不代表个体诊断。"",""change_note"":""已在 v1.4 核对来源身份、商业许可、题名和定位；未逐字复制。""}]",Only verified CC BY/CC0 evidence is retained; attribution and change notices are mandatory.,true,phrase_expansion_and_new_cards_applied_v1_7,blocked_pending_mainland_China_licensed_veterinarian_review,true,test,false,57584bdd6af3d0009bca09b451c19a27ef691f43a52a656af0a63bc2af427070
MVP-TOX-016,1.8.0-open-mvp-retrieval-and-safety-repair-draft,zh-CN,犬猫接触成分不明的杀虫剂或化学品,"[""cat"",""dog""]",toxicology,common_disease_health_education_and_triage,,"[""宠物舔到不明杀虫剂"",""犬猫接触未知化学品""]","[""暴露后可能流涎、呕吐、震颤或无症状""]","[""中毒风险取决于有效成分、浓度、剂量和暴露途径"",""不知道成分时应先保留包装并联系兽医或动物中毒咨询，不能凭气味判断安全""]","[""宠物大概在什么时间接触到该化学品？距离现在多久了？"",""宠物是通过舔食、皮肤接触还是吸入接触该化学品的？"",""宠物目前具体出现哪些异常表现？例如流涎、呕吐、步态异常等。""]",若出现任一红旗（呼吸异常、震颤抽搐、无法站立或意识下降），请立即就医或急诊；移开暴露源并立即联系兽医或动物中毒咨询；保留包装，不要自行使用溶剂清洗。,"[""呼吸异常"",""震颤抽搐"",""无法站立或意识下降""]",犬猫接触成分不明的杀虫剂或化学品；宠物舔到不明杀虫剂；犬猫接触未知化学品；暴露后可能流涎、呕吐、震颤或无症状；中毒风险取决于有效成分、浓度、剂量和暴露途径；不知道成分时应先保留包装并联系兽医或动物中毒咨询，不能凭气味判断安全；呼吸异常；震颤抽搐；无法站立或意识下降。,"[{""source_id"":""PMC10568331"",""title"":""Intravenous lipid emulsion for the treatment of poisonings in 313 dogs and 100 cats (2016–2020)"",""url"":""https://pmc.ncbi.nlm.nih.gov/articles/PMC10568331/"",""license"":""CC BY 4.0"",""page_or_section"":""Abstract"",""verification_status"":""source_identity_license_and_locator_verified_2026-08-12; veterinary_claim_review_pending"",""support_note"":""中文内容为保守概括；来源用于支持主题、物种和风险边界，不代表个体诊断。"",""change_note"":""已在 v1.4 核对来源身份、商业许可、题名和定位；未逐字复制。""}]",Only verified CC BY/CC0 evidence is retained; attribution and change notices are mandatory.,true,phrase_expansion_and_new_cards_applied_v1_7,blocked_pending_mainland_China_licensed_veterinarian_review,true,test,false,cc7077cc262100e23df9bbaf1a051adab7644479e92b576c7edaed039f1f1dd8
MVP-TOX-017,1.8.0-open-mvp-retrieval-and-safety-repair-draft,zh-CN,犬猫误食不明植物,"[""cat"",""dog""]",toxicology,common_disease_health_education_and_triage,,"[""宠物吃了不认识的植物"",""犬猫咬了室内植物""]","[""可能暂时无症状"",""流涎"",""呕吐腹泻"",""神经异常""]","[""植物中毒风险与植物种类、部位和摄入量有关"",""无法识别植物或出现症状时，应保留植物照片并立即联系兽医；不要凭“天然”判断安全""]","[""宠物目前是否出现抽搐、意识异常、持续呕吐、呼吸困难或倒地等紧急症状？"",""能否提供植物整株及生长环境的清晰照片，或保留植物样本？"",""宠物大概在多久前吃了植物的哪个部位（如叶、果、根等）？""]",立即联系兽医或动物中毒咨询；在安全前提下保留照片和样本，不要自行催吐；若出现上述任一红旗表现，请立即就医或急诊。,"[""抽搐或意识异常"",""持续呕吐"",""呼吸困难或倒地""]",犬猫误食不明植物；宠物吃了不认识的植物；犬猫咬了室内植物；可能暂时无症状；流涎；呕吐腹泻；神经异常；植物中毒风险与植物种类、部位和摄入量有关；无法识别植物或出现症状时，应保留植物照片并立即联系兽医；不要凭“天然”判断安全；抽搐或意识异常；持续呕吐；呼吸困难或倒地。,"[{""source_id"":""PMC7427442"",""title"":""Indoor Companion Animal Poisoning by Plants in Europe"",""url"":""https://pmc.ncbi.nlm.nih.gov/articles/PMC7427442/"",""license"":""CC BY 4.0"",""page_or_section"":""Abstract"",""verification_status"":""source_identity_license_and_locator_verified_2026-08-12; veterinary_claim_review_pending"",""support_note"":""中文内容为保守概括；来源用于支持主题、物种和风险边界，不代表个体诊断。"",""change_note"":""已在 v1.4 核对来源身份、商业许可、题名和定位；未逐字复制。""}]",Only verified CC BY/CC0 evidence is retained; attribution and change notices are mandatory.,true,phrase_expansion_and_new_cards_applied_v1_7,blocked_pending_mainland_China_licensed_veterinarian_review,true,test,false,1545710888d4787cdb847a069f477fb0673127c29e28cf2687d5e9df4796db90
MVP-DX-001,1.8.0-open-mvp-retrieval-and-safety-repair-draft,zh-CN,化验单一项超出参考范围不等于确诊,"[""cat"",""dog""]",diagnostics,common_disease_health_education_and_triage,,"[""宠物血检有箭头就是生病吗"",""一项超标严重吗"",""吐黄水"",""吐白沫"",""抽筋""]","[""化验报告出现高低标记""]","[""参考区间用于解释检测结果，但单个轻度异常不能独立确诊疾病"",""结果需结合异常幅度、历史趋势、样本质量、症状和其他检查""]","[""宠物现在是否有呼吸困难、倒地虚弱、持续呕吐、无尿、黄疸、异常出血或瘀斑、抽搐或意识改变等任一紧急表现？"",""化验单上具体是哪项指标异常？数值和参考范围分别是多少？"",""宠物目前的精神状态是否正常？""]",若出现呼吸困难、倒地虚弱、持续呕吐或无尿、黄疸、异常出血或瘀斑、抽搐或意识改变等任一红旗表现，应立即带宠物急诊；若仅有化验单单项异常且一般情况稳定，可记录具体异常指标、数值和复查时间，并观察食欲、饮水、排尿排便和活动变化，预约兽医结合体检及必要检查判断，不要仅凭知识卡自行确诊或用药。,"[""同时出现呼吸困难"",""倒地虚弱"",""持续呕吐或无尿"",""黄疸"",""异常出血或瘀斑"",""抽搐或意识改变""]",化验单一项超出参考范围不等于确诊；宠物血检有箭头就是生病吗；一项超标严重吗；吐黄水；吐白沫；抽筋；化验报告出现高低标记；参考区间用于解释检测结果，但单个轻度异常不能独立确诊疾病；结果需结合异常幅度、历史趋势、样本质量、症状和其他检查；同时出现呼吸困难；倒地虚弱；持续呕吐或无尿；黄疸；异常出血或瘀斑；抽搐或意识改变。,"[{""source_id"":""PMC11591344"",""title"":""Using RET-He and Delta-He in the Sysmex XN-1000V Analyzer to Differentiate Between Chronic Hemorrhagic and Chronic Inflammatory Anemia in Small Animals"",""url"":""https://pmc.ncbi.nlm.nih.gov/articles/PMC11591344/"",""license"":""CC BY 4.0"",""page_or_section"":""Abstract"",""verification_status"":""source_identity_license_and_locator_verified_2026-08-12; veterinary_claim_review_pending"",""support_note"":""中文内容为保守概括；来源用于支持主题、物种和风险边界，不代表个体诊断。"",""change_note"":""已在 v1.4 核对来源身份、商业许可、题名和定位；未逐字复制。""},{""source_id"":""PMC11417468"",""title"":""Serial evaluation of liver enzyme activities in dogs with pulmonary coccidioidomycosis administered per os fluconazole"",""url"":""https://pmc.ncbi.nlm.nih.gov/articles/PMC11417468/"",""license"":""CC BY 4.0"",""page_or_section"":""Abstract"",""verification_status"":""source_identity_license_and_locator_verified_2026-08-12; veterinary_claim_review_pending"",""support_note"":""中文内容为保守概括；来源用于支持主题、物种和风险边界，不代表个体诊断。"",""change_note"":""已在 v1.4 核对来源身份、商业许可、题名和定位；未逐字复制。""}]",Only verified CC BY/CC0 evidence is retained; attribution and change notices are mandatory.,true,phrase_expansion_and_new_cards_applied_v1_7,blocked_pending_mainland_China_licensed_veterinarian_review,true,test,false,4c9bbb48bb781dc94c019e05219a9a4007380e9d1a58d1546e3deca77420a5b7
MVP-DX-002,1.8.0-open-mvp-retrieval-and-safety-repair-draft,zh-CN,红细胞或血红蛋白偏低怎么理解,"[""cat"",""dog""]",diagnostics,common_disease_health_education_and_triage,,"[""宠物红细胞低"",""化验说贫血""]","[""可能牙龈苍白"",""乏力"",""也可能暂时无明显表现""]","[""贫血描述的是红细胞相关指标下降，原因可涉及失血、破坏或生成不足"",""需要结合网织红细胞、血涂片和病史分类""]","[""是否观察到黑便、呕血、血尿或外伤出血？"",""是否有慢性疾病史、长期用药史或寄生虫暴露史？"",""活动后是否比平时更容易疲劳或虚弱？""]",记录出现时间、频率、照片或视频以及食欲、饮水、排尿排便和活动变化；由兽医结合体检及必要检查判断，不要仅凭知识卡自行确诊或用药；若出现上述任一红旗表现，请立即就医或急诊。,"[""呼吸急促"",""牙龈明显苍白"",""倒地或活动后极度虚弱""]",红细胞或血红蛋白偏低怎么理解；宠物红细胞低；化验说贫血；可能牙龈苍白；乏力；也可能暂时无明显表现；贫血描述的是红细胞相关指标下降，原因可涉及失血、破坏或生成不足；需要结合网织红细胞、血涂片和病史分类；呼吸急促；牙龈明显苍白；倒地或活动后极度虚弱。,"[{""source_id"":""PMC11591344"",""title"":""Using RET-He and Delta-He in the Sysmex XN-1000V Analyzer to Differentiate Between Chronic Hemorrhagic and Chronic Inflammatory Anemia in Small Animals"",""url"":""https://pmc.ncbi.nlm.nih.gov/articles/PMC11591344/"",""license"":""CC BY 4.0"",""page_or_section"":""Abstract"",""verification_status"":""source_identity_license_and_locator_verified_2026-08-12; veterinary_claim_review_pending"",""support_note"":""中文内容为保守概括；来源用于支持主题、物种和风险边界，不代表个体诊断。"",""change_note"":""已在 v1.4 核对来源身份、商业许可、题名和定位；未逐字复制。""}]",Only verified CC BY/CC0 evidence is retained; attribution and change notices are mandatory.,true,phrase_expansion_and_new_cards_applied_v1_7,blocked_pending_mainland_China_licensed_veterinarian_review,true,test,false,75496a48da35bab81d944645e5346a8f56507dedb81b66f92b00c9a570b9a425
MVP-DX-003,1.8.0-open-mvp-retrieval-and-safety-repair-draft,zh-CN,猫白细胞升高不能单独证明细菌感染,"[""cat""]",diagnostics,common_disease_health_education_and_triage,,"[""白细胞高就是感染吗"",""宠物白细胞超标"",""发烧""]","[""可能有发热或炎症症状"",""也可能无明显表现""]","[""白细胞变化可与炎症、应激、药物和多种疾病有关"",""不能只凭总数决定是否使用抗菌药""]","[""猫目前有哪些可疑的感染部位或局部症状（如咳嗽、腹泻、尿频、伤口、脓肿）？"",""最近是否使用过激素、抗生素或其他可能影响白细胞的药物？"",""化验单上能否看到具体是哪一类白细胞升高，例如中性粒细胞或淋巴细胞？""]",记录出现时间、频率、照片或视频以及食欲、饮水、排尿排便和活动变化；由兽医结合体检及必要检查判断，不要仅凭知识卡自行确诊或用药。若出现任一红旗表现（高热精神沉郁、呼吸困难、快速恶化或休克表现），应立即就医或急诊。,"[""高热精神沉郁"",""呼吸困难"",""快速恶化或休克表现""]",猫白细胞升高不能单独证明细菌感染；白细胞高就是感染吗；宠物白细胞超标；发烧；可能有发热或炎症症状；也可能无明显表现；白细胞变化可与炎症、应激、药物和多种疾病有关；不能只凭总数决定是否使用抗菌药；高热精神沉郁；呼吸困难；快速恶化或休克表现。,"[{""source_id"":""PMC10451877"",""title"":""A Retrospective Comparative Evaluation of Selected Blood Cell Ratios, Acute Phase Proteins, and Leukocyte Changes Suggestive of Inflammation in Cats"",""url"":""https://pmc.ncbi.nlm.nih.gov/articles/PMC10451877/"",""license"":""CC BY 4.0"",""page_or_section"":""Abstract"",""verification_status"":""source_identity_license_and_locator_verified_2026-08-12; veterinary_claim_review_pending"",""support_note"":""中文内容为保守概括；来源用于支持主题、物种和风险边界，不代表个体诊断。"",""change_note"":""已在 v1.4 核对来源身份、商业许可、题名和定位；未逐字复制。""}]",Only verified CC BY/CC0 evidence is retained; attribution and change notices are mandatory.,true,phrase_expansion_and_new_cards_applied_v1_7,blocked_pending_mainland_China_licensed_veterinarian_review,true,test,false,79dacfa2a5906b400766acf430b5258e1cd1d3d17b6533dbc5b75ea5c461e10b
MVP-DX-004,1.8.0-open-mvp-retrieval-and-safety-repair-draft,zh-CN,犬ALT或ALP升高不等于肝功能衰竭,"[""dog""]",diagnostics,common_disease_health_education_and_triage,,"[""宠物转氨酶高就是肝病吗"",""ALP很高怎么办"",""眼白发黄"",""皮肤发黄""]","[""常由化验发现"",""可能无症状或伴食欲变化""]","[""犬肝酶活性变化反映多种过程，不直接等同于肝脏功能丧失"",""单次结果需结合趋势、症状、胆红素和其他检查解释""]","[""是否使用激素或其他药物？"",""是否有历次 ALT/ALP 复查结果可供比较趋势？"",""目前食欲与平时相比有无明显变化？""]",在家记录食欲、饮水、呕吐、腹泻、尿色、皮肤或巩膜黄染、精神状态和活动量，并保存历次肝酶化验结果以便比较趋势；如出现上述任一红旗表现，请立即带犬前往兽医处急诊评估。不要仅凭知识卡自行确诊或用药。,"[""新出现或加重的黄疸（无论是否拒食）"",""拒食"",""意识异常"",""持续呕吐或出血""]",犬ALT或ALP升高不等于肝功能衰竭；宠物转氨酶高就是肝病吗；ALP很高怎么办；眼白发黄；皮肤发黄；常由化验发现；可能无症状或伴食欲变化；犬肝酶活性变化反映多种过程，不直接等同于肝脏功能丧失；单次结果需结合趋势、症状、胆红素和其他检查解释；新出现或加重的黄疸（无论是否拒食）；拒食；意识异常；持续呕吐或出血。,"[{""source_id"":""PMC11417468"",""title"":""Serial evaluation of liver enzyme activities in dogs with pulmonary coccidioidomycosis administered per os fluconazole"",""url"":""https://pmc.ncbi.nlm.nih.gov/articles/PMC11417468/"",""license"":""CC BY 4.0"",""page_or_section"":""Abstract"",""verification_status"":""source_identity_license_and_locator_verified_2026-08-12; veterinary_claim_review_pending"",""support_note"":""中文内容为保守概括；来源用于支持主题、物种和风险边界，不代表个体诊断。"",""change_note"":""已在 v1.4 核对来源身份、商业许可、题名和定位；未逐字复制。""}]",Only verified CC BY/CC0 evidence is retained; attribution and change notices are mandatory.,true,phrase_expansion_and_new_cards_applied_v1_7,blocked_pending_mainland_China_licensed_veterinarian_review,true,test,false,5e5705e431557a14f98e7e532185bc2c975652729ae74c33b6f15e0d22b5641a
MVP-DX-005,1.8.0-open-mvp-retrieval-and-safety-repair-draft,zh-CN,肌酐和尿素需要结合水合及尿液结果,"[""cat"",""dog""]",diagnostics,common_disease_health_education_and_triage,,"[""宠物肌酐高就是肾衰吗"",""尿素高怎么办"",""吐黄水"",""吐白沫""]","[""化验值升高"",""可能多饮多尿、食欲差或无明显症状""]","[""肾脏相关血液指标会受水合状态等因素影响"",""连续趋势、尿比重和其他检查有助于区分问题""]","[""是否做过尿检？有无历史肌酐/尿素结果可对比？"",""近期饮水、排尿量或频率有无变化？"",""近期有无呕吐、腹泻、食欲下降或脱水情况？""]",记录出现时间、频率、照片或视频以及食欲、饮水、排尿排便和活动变化；由兽医结合体检及必要检查判断，不要仅凭知识卡自行确诊或用药；若出现上述任一红旗表现，请立即就医或急诊。,"[""无尿或尿量骤减"",""持续呕吐"",""明显虚弱或意识变化""]",肌酐和尿素需要结合水合及尿液结果；宠物肌酐高就是肾衰吗；尿素高怎么办；吐黄水；吐白沫；化验值升高；可能多饮多尿、食欲差或无明显症状；肾脏相关血液指标会受水合状态等因素影响；连续趋势、尿比重和其他检查有助于区分问题；无尿或尿量骤减；持续呕吐；明显虚弱或意识变化。,"[{""source_id"":""PMC8093391"",""title"":""Effects of IV Fluids in Dogs and Cats With Kidney Failure"",""url"":""https://pmc.ncbi.nlm.nih.gov/articles/PMC8093391/"",""license"":""CC BY 4.0"",""page_or_section"":""Abstract"",""verification_status"":""source_identity_license_and_locator_verified_2026-08-12; veterinary_claim_review_pending"",""support_note"":""中文内容为保守概括；来源用于支持主题、物种和风险边界，不代表个体诊断。"",""change_note"":""已在 v1.4 核对来源身份、商业许可、题名和定位；未逐字复制。""},{""source_id"":""PMC7704312"",""title"":""Urinalysis in dog and cat: A review"",""url"":""https://pmc.ncbi.nlm.nih.gov/articles/PMC7704312/"",""license"":""CC BY 4.0"",""page_or_section"":""Abstract"",""verification_status"":""source_identity_license_and_locator_verified_2026-08-12; veterinary_claim_review_pending"",""support_note"":""中文内容为保守概括；来源用于支持主题、物种和风险边界，不代表个体诊断。"",""change_note"":""已在 v1.4 核对来源身份、商业许可、题名和定位；未逐字复制。""}]",Only verified CC BY/CC0 evidence is retained; attribution and change notices are mandatory.,true,phrase_expansion_and_new_cards_applied_v1_7,blocked_pending_mainland_China_licensed_veterinarian_review,true,test,false,399dceb746c53ff7616a05c32d95b1246b62c4374cb7a1ae5c2e957974f153c6
MVP-DX-006,1.8.0-open-mvp-retrieval-and-safety-repair-draft,zh-CN,尿比重偏低或偏高怎么理解,"[""cat"",""dog""]",diagnostics,common_disease_health_education_and_triage,,"[""宠物尿比重低"",""尿比重高说明什么""]","[""主人可能无法直接观察到尿比重异常，但可注意排尿次数、尿量、饮水量的变化""]","[""尿比重反映尿液浓缩程度，需结合饮水、脱水状态、采样时间和肾功能指标"",""单次结果不能独立确诊肾病""]","[""这种情况是否可能由多尿或饮水过多引起？"",""是否需要记录排尿次数或单次尿量的变化？"",""是否建议做血液肾功能检查（如肌酐、尿素氮等）？""]",记录饮水量、排尿次数与尿量、食欲、体重变化等；如出现无尿、明显脱水虚弱、持续呕吐或尿路堵塞表现等任一红旗，应立即就医或急诊，不要仅凭知识卡自行判断或用药。,"[""无尿"",""明显脱水虚弱"",""持续呕吐或尿路堵塞表现""]",尿比重偏低或偏高怎么理解；宠物尿比重低；尿比重高说明什么；主人可能无法直接观察到尿比重异常，但可注意排尿次数、尿量、饮水量的变化；尿比重反映尿液浓缩程度，需结合饮水、脱水状态、采样时间和肾功能指标；单次结果不能独立确诊肾病；无尿；明显脱水虚弱；持续呕吐或尿路堵塞表现。,"[{""source_id"":""PMC7704312"",""title"":""Urinalysis in dog and cat: A review"",""url"":""https://pmc.ncbi.nlm.nih.gov/articles/PMC7704312/"",""license"":""CC BY 4.0"",""page_or_section"":""Abstract"",""verification_status"":""source_identity_license_and_locator_verified_2026-08-12; veterinary_claim_review_pending"",""support_note"":""中文内容为保守概括；来源用于支持主题、物种和风险边界，不代表个体诊断。"",""change_note"":""已在 v1.4 核对来源身份、商业许可、题名和定位；未逐字复制。""}]",Only verified CC BY/CC0 evidence is retained; attribution and change notices are mandatory.,true,phrase_expansion_and_new_cards_applied_v1_7,blocked_pending_mainland_China_licensed_veterinarian_review,true,test,false,e3ef4728e03e82bf02db05fde5d36c2981207ec6e1db646ba207858d1491b4a8
MVP-DX-007,1.8.0-open-mvp-retrieval-and-safety-repair-draft,zh-CN,尿蛋白阳性需要确认来源和持续性,"[""cat"",""dog""]",diagnostics,common_disease_health_education_and_triage,,"[""宠物尿蛋白高"",""尿检蛋白阳性"",""尿血"",""尿里带血""]","[""通常由尿检发现"",""可能无明显表现""]","[""尿蛋白可受尿液浓度、炎症、出血和肾脏等因素影响"",""持续性结果常需复查并结合沉渣与定量评估""]","[""宠物近期是否复查过尿蛋白？"",""最近一次尿液样本是通过什么方式采集的（自然排尿、导尿、膀胱穿刺）？"",""宠物排尿次数是否比平时明显增多？""]",记录出现时间、频率、照片或视频以及食欲、饮水、排尿排便和活动变化；若出现无尿或排尿困难、肉眼大量血尿、明显水肿或虚弱等任一红旗表现，应立即就医或急诊。由兽医结合体检及必要检查判断，不要仅凭知识卡自行确诊或用药。,"[""无尿或排尿困难"",""肉眼大量血尿"",""明显水肿或虚弱""]",尿蛋白阳性需要确认来源和持续性；宠物尿蛋白高；尿检蛋白阳性；尿血；尿里带血；通常由尿检发现；可能无明显表现；尿蛋白可受尿液浓度、炎症、出血和肾脏等因素影响；持续性结果常需复查并结合沉渣与定量评估；无尿或排尿困难；肉眼大量血尿；明显水肿或虚弱。,"[{""source_id"":""PMC7704312"",""title"":""Urinalysis in dog and cat: A review"",""url"":""https://pmc.ncbi.nlm.nih.gov/articles/PMC7704312/"",""license"":""CC BY 4.0"",""page_or_section"":""Abstract"",""verification_status"":""source_identity_license_and_locator_verified_2026-08-12; veterinary_claim_review_pending"",""support_note"":""中文内容为保守概括；来源用于支持主题、物种和风险边界，不代表个体诊断。"",""change_note"":""已在 v1.4 核对来源身份、商业许可、题名和定位；未逐字复制。""}]",Only verified CC BY/CC0 evidence is retained; attribution and change notices are mandatory.,true,phrase_expansion_and_new_cards_applied_v1_7,blocked_pending_mainland_China_licensed_veterinarian_review,true,test,false,2d38eadfb03b0430512c9bf610d49048e97900fd6390ae329e0cce656527c67f
MVP-DX-008,1.8.0-open-mvp-retrieval-and-safety-repair-draft,zh-CN,尿潜血阳性不一定都是膀胱出血,"[""cat"",""dog""]",diagnostics,common_disease_health_education_and_triage,,"[""宠物尿潜血阳性"",""尿检有血但看不出来"",""尿血"",""尿里带血""]","[""试纸潜血阳性"",""尿液外观可能正常""]","[""尿试纸潜血需要结合显微镜沉渣和采样方式解释"",""穿刺、导尿、炎症和色素等都可能影响结果""]","[""宠物现在能正常排尿吗？有没有频繁蹲尿、尿量很少或完全尿不出来？"",""尿液是否肉眼可见发红、有血丝或血块？"",""是否有牙龈苍白、精神萎靡或虚弱无力？""]",记录出现时间、频率、照片或视频以及食欲、饮水、排尿排便和活动变化；由兽医结合体检及必要检查判断，不要仅凭知识卡自行确诊或用药；若出现上述任一红旗表现，请立即就医或急诊。,"[""无法排尿"",""大量肉眼血尿"",""虚弱牙龈苍白""]",尿潜血阳性不一定都是膀胱出血；宠物尿潜血阳性；尿检有血但看不出来；尿血；尿里带血；试纸潜血阳性；尿液外观可能正常；尿试纸潜血需要结合显微镜沉渣和采样方式解释；穿刺、导尿、炎症和色素等都可能影响结果；无法排尿；大量肉眼血尿；虚弱牙龈苍白。,"[{""source_id"":""PMC7704312"",""title"":""Urinalysis in dog and cat: A review"",""url"":""https://pmc.ncbi.nlm.nih.gov/articles/PMC7704312/"",""license"":""CC BY 4.0"",""page_or_section"":""Abstract"",""verification_status"":""source_identity_license_and_locator_verified_2026-08-12; veterinary_claim_review_pending"",""support_note"":""中文内容为保守概括；来源用于支持主题、物种和风险边界，不代表个体诊断。"",""change_note"":""已在 v1.4 核对来源身份、商业许可、题名和定位；未逐字复制。""}]",Only verified CC BY/CC0 evidence is retained; attribution and change notices are mandatory.,true,phrase_expansion_and_new_cards_applied_v1_7,blocked_pending_mainland_China_licensed_veterinarian_review,true,test,false,fbc0d764a50ca87c5dedaf5601cd0c9f186453d033f10d6001317968d94f4ecf
MVP-DX-009,1.8.0-open-mvp-retrieval-and-safety-repair-draft,zh-CN,猫血糖升高需区分应激与糖尿病,"[""cat""]",diagnostics,common_disease_health_education_and_triage,,"[""猫血糖高就是糖尿病吗"",""猫去医院紧张血糖高""]","[""血糖升高"",""可能多饮多尿或体重下降"",""也可能临床无异常""]","[""猫应激可造成暂时性高血糖"",""糖尿病判断需结合持续性血糖、尿糖、症状和其他检查""]","[""猫近期饮水量、排尿量和体重有哪些变化？"",""血糖是单次升高还是多次复查均持续升高？"",""是否做过尿检，尿糖是否阳性？""]",记录出现时间、频率、照片或视频以及食欲、饮水、排尿排便和活动变化；若出现虚弱倒地、意识改变、呼吸急促/费力、反复呕吐等任一红旗表现，应立即前往急诊；由兽医结合体检及必要检查判断，不要仅凭知识卡自行确诊或用药。,"[""虚弱倒地"",""反复呕吐拒食"",""呼吸异常或意识变化""]",猫血糖升高需区分应激与糖尿病；猫血糖高就是糖尿病吗；猫去医院紧张血糖高；血糖升高；可能多饮多尿或体重下降；也可能临床无异常；猫应激可造成暂时性高血糖；糖尿病判断需结合持续性血糖、尿糖、症状和其他检查；虚弱倒地；反复呕吐拒食；呼吸异常或意识变化。,"[{""source_id"":""PMC12472474"",""title"":""Comparative Pharmacological and Pharmaceutical Perspectives on Antidiabetic Therapies in Humans, Dogs, and Cats"",""url"":""https://pmc.ncbi.nlm.nih.gov/articles/PMC12472474/"",""license"":""CC BY 4.0"",""page_or_section"":""Abstract"",""verification_status"":""source_identity_license_and_locator_verified_2026-08-12; veterinary_claim_review_pending"",""support_note"":""中文内容为保守概括；来源用于支持主题、物种和风险边界，不代表个体诊断。"",""change_note"":""已在 v1.4 核对来源身份、商业许可、题名和定位；未逐字复制。""}]",Only verified CC BY/CC0 evidence is retained; attribution and change notices are mandatory.,true,phrase_expansion_and_new_cards_applied_v1_7,blocked_pending_mainland_China_licensed_veterinarian_review,true,test,false,724f6f96721627504b279e5b6a66b1bbc602279534da8a6d2509e00bc9e6b92d
MVP-DX-010,1.8.0-open-mvp-retrieval-and-safety-repair-draft,zh-CN,犬血压单次偏高需要规范复测,"[""dog""]",diagnostics,common_disease_health_education_and_triage,,"[""宠物血压高怎么办"",""狗量血压很紧张""]","[""测量时血压偏高"",""可能无明显表现""]","[""设备、袖带、体位和测量流程都会影响犬血压结果"",""单次读数应结合规范重复测量和临床背景解释""]","[""是否突然出现失明、神经异常、呼吸困难或倒地等任一红旗症状？"",""本次血压是否在安静环境、合适袖带和规范体位下进行了多次测量？"",""是否有肾病、心脏病、库欣综合征或糖尿病，或正在使用可能影响血压的药物？""]",记录血压测量数值、测量条件（如安静环境、合适袖带、体位）以及食欲、饮水、排尿排便和活动等变化；由兽医按标准流程规范复测血压并结合体检判断，不要自行确诊或用药。若出现突然失明、神经异常、呼吸困难或倒地等任一红旗表现，请立即就医或前往急诊。,"[""突然失明"",""神经异常"",""呼吸困难或倒地""]",犬血压单次偏高需要规范复测；宠物血压高怎么办；狗量血压很紧张；测量时血压偏高；可能无明显表现；设备、袖带、体位和测量流程都会影响犬血压结果；单次读数应结合规范重复测量和临床背景解释；突然失明；神经异常；呼吸困难或倒地。,"[{""source_id"":""PMC12031224"",""title"":""Evaluation of Two Veterinary Oscillometric Noninvasive Blood Pressure (NIBP) Measurement Devices (petMAP Graphic II and High-Definition Oscillometry) in Dogs"",""url"":""https://pmc.ncbi.nlm.nih.gov/articles/PMC12031224/"",""license"":""CC BY 4.0"",""page_or_section"":""Abstract"",""verification_status"":""source_identity_license_and_locator_verified_2026-08-12; veterinary_claim_review_pending"",""support_note"":""中文内容为保守概括；来源用于支持主题、物种和风险边界，不代表个体诊断。"",""change_note"":""已在 v1.4 核对来源身份、商业许可、题名和定位；未逐字复制。""}]",Only verified CC BY/CC0 evidence is retained; attribution and change notices are mandatory.,true,phrase_expansion_and_new_cards_applied_v1_7,blocked_pending_mainland_China_licensed_veterinarian_review,true,test,false,f24170e78b5af24f90326125ebb748838fb73e2bf39c4f87ec06555a2339dd99
MVP-MON-001,1.8.0-open-mvp-retrieval-and-safety-repair-draft,zh-CN,慢性肾病猫如何记录体重和食欲,"[""cat""]",home_monitoring,common_disease_health_education_and_triage,,"[""肾病猫在家记什么"",""肾病猫食欲忽好忽坏""]","[""体重、体况和进食量变化""]","[""连续体重和食欲趋势比主观印象更容易发现慢性肾病状态变化"",""短期明显下降需要联系兽医""]","[""最近24小时内猫咪是否完全不吃任何食物？"",""猫咪是否出现反复呕吐？"",""最近一周内猫咪体重是否明显下降？""]",记录出现时间、频率、照片或视频以及食欲、饮水、排尿排便和活动变化；由兽医结合体检及必要检查判断，不要仅凭知识卡自行确诊或用药；若出现上述任一红旗表现，请立即就医或急诊。,"[""完全拒食"",""反复呕吐"",""明显虚弱或快速减重""]",慢性肾病猫如何记录体重和食欲；肾病猫在家记什么；肾病猫食欲忽好忽坏；体重、体况和进食量变化；连续体重和食欲趋势比主观印象更容易发现慢性肾病状态变化；短期明显下降需要联系兽医；完全拒食；反复呕吐；明显虚弱或快速减重。,"[{""source_id"":""DOI-10.3390-life15121856"",""title"":""Epidemiology of Chronic Kidney Disease (CKD) in Cats"",""url"":""https://www.mdpi.com/2075-1729/15/12/1856"",""license"":""CC BY 4.0"",""page_or_section"":""Abstract"",""verification_status"":""source_identity_license_and_locator_verified_2026-08-12; veterinary_claim_review_pending"",""support_note"":""中文内容为保守概括；来源用于支持主题、物种和风险边界，不代表个体诊断。"",""change_note"":""已在 v1.4 核对来源身份、商业许可、题名和定位；未逐字复制。""}]",Only verified CC BY/CC0 evidence is retained; attribution and change notices are mandatory.,true,phrase_expansion_and_new_cards_applied_v1_7,blocked_pending_mainland_China_licensed_veterinarian_review,true,test,false,9f71722d1363aba2ae9357a06c109e518fa5de4c2754eb7637aecd5ba73b9104
MVP-MON-002,1.8.0-open-mvp-retrieval-and-safety-repair-draft,zh-CN,慢性肾病宠物如何记录饮水和排尿,"[""cat"",""dog""]",home_monitoring,common_disease_health_education_and_triage,,"[""肾病宠物水和尿怎么记"",""猫喝水突然更多"",""老往厕所跑""]","[""狗：排尿次数、每次排尿量、尿垫湿度/面积变化或外出排尿时长"",""猫：饮水量、尿团大小或排尿频率变化""]","[""慢性肾病可伴饮水排尿变化，家庭趋势记录可帮助复诊沟通"",""猫砂团和水碗变化只能作为近似观察""]","[""与平时相比，饮水量是增加、减少还是基本不变？"",""与平时相比，尿团大小、排尿次数或尿量是增加、减少还是基本不变？"",""是否使用了照片、称重、量杯或尿垫面积等方式来记录饮水和排尿趋势？""]",先记录饮水量和排尿趋势及变化时间，出现任一红旗症状时应立即就医或急诊；无红旗症状时，记录后由兽医结合体检及必要检查判断，不要仅凭知识卡自行确诊或用药。,"[""突然无尿、尿量明显骤减或反复用力只能滴尿（无需等待固定时长）"",""频繁蹲尿但仅滴尿或排不出尿"",""虚弱伴呕吐""]",慢性肾病宠物如何记录饮水和排尿；肾病宠物水和尿怎么记；猫喝水突然更多；老往厕所跑；狗：排尿次数、每次排尿量、尿垫湿度/面积变化或外出排尿时长；猫：饮水量、尿团大小或排尿频率变化；慢性肾病可伴饮水排尿变化，家庭趋势记录可帮助复诊沟通；猫砂团和水碗变化只能作为近似观察；突然无尿、尿量明显骤减或反复用力只能滴尿（无需等待固定时长）；频繁蹲尿但仅滴尿或排不出尿；虚弱伴呕吐。,"[{""source_id"":""PMC8093391"",""title"":""Effects of IV Fluids in Dogs and Cats With Kidney Failure"",""url"":""https://pmc.ncbi.nlm.nih.gov/articles/PMC8093391/"",""license"":""CC BY 4.0"",""page_or_section"":""Abstract"",""verification_status"":""source_identity_license_and_locator_verified_2026-08-12; veterinary_claim_review_pending"",""support_note"":""中文内容为保守概括；来源用于支持主题、物种和风险边界，不代表个体诊断。"",""change_note"":""已在 v1.4 核对来源身份、商业许可、题名和定位；未逐字复制。""}]",Only verified CC BY/CC0 evidence is retained; attribution and change notices are mandatory.,true,urgent_triage_threshold_repaired_v1_8,blocked_pending_mainland_China_licensed_veterinarian_review,true,test,false,10311ca7d1edce6c3e7f86211cef562e4699dce26f9fb88a3b559cba44042e20
MVP-MON-003,1.8.0-open-mvp-retrieval-and-safety-repair-draft,zh-CN,犬心脏病如何记录睡眠呼吸,"[""dog""]",home_monitoring,common_disease_health_education_and_triage,,"[""心脏病狗在家数呼吸"",""狗睡觉呼吸变快"",""咔咔"",""像卡东西""]","[""熟睡时呼吸频率和用力程度变化"",""夜间咳嗽或不安""]","[""熟睡呼吸趋势可帮助发现心衰状态变化"",""应在真正安静熟睡时重复记录并按主治兽医设定阈值""]","[""狗狗现在是否出现张口呼吸、费力呼吸、牙龈发蓝发灰或无法平卧/倒地？"",""与平时熟睡时相比，呼吸频率或费力程度是否明显增加？"",""测量时狗狗是否处于真正安静熟睡状态？""]",按主治兽医给出的个体阈值记录并联系复诊；出现费力呼吸、发绀或倒地立即急诊。,"[""张口或费力呼吸"",""牙龈发蓝发灰"",""无法平卧或倒地""]",犬心脏病如何记录睡眠呼吸；心脏病狗在家数呼吸；狗睡觉呼吸变快；咔咔；像卡东西；熟睡时呼吸频率和用力程度变化；夜间咳嗽或不安；熟睡呼吸趋势可帮助发现心衰状态变化；应在真正安静熟睡时重复记录并按主治兽医设定阈值；张口或费力呼吸；牙龈发蓝发灰；无法平卧或倒地。,"[{""source_id"":""DOI-10.3390-ani12020209"",""title"":""Management of Chronic Congestive Heart Failure Caused by Myxomatous Mitral Valve Disease in Dogs"",""url"":""https://www.mdpi.com/2076-2615/12/2/209"",""license"":""CC BY 4.0"",""page_or_section"":""Abstract"",""verification_status"":""source_identity_license_and_locator_verified_2026-08-12; veterinary_claim_review_pending"",""support_note"":""中文内容为保守概括；来源用于支持主题、物种和风险边界，不代表个体诊断。"",""change_note"":""已在 v1.4 核对来源身份、商业许可、题名和定位；未逐字复制。""}]",Only verified CC BY/CC0 evidence is retained; attribution and change notices are mandatory.,true,phrase_expansion_and_new_cards_applied_v1_7,blocked_pending_mainland_China_licensed_veterinarian_review,true,test,false,08a6249c82cae3676b2b05f2f470460a8a27127bd234aecdc0ffc4bbd9a13bff
MVP-MON-004,1.8.0-open-mvp-retrieval-and-safety-repair-draft,zh-CN,糖尿病宠物家庭日志要记什么,"[""cat"",""dog""]",home_monitoring,common_disease_health_education_and_triage,,"[""糖尿病猫每天记什么"",""糖尿病狗在家监测""]","[""食欲、饮水、排尿、体重和精神变化""]","[""家庭日志可帮助识别糖尿病控制趋势和低血糖风险"",""不得根据单次读数自行改变药物""]","[""是否按实际时间记录每餐进食和用药时间？"",""饮水量是否比平时明显增多或减少？"",""排尿量或次数是否比平时明显增多或减少？""]",记录并按主治兽医方案处理；出现任一红旗（发抖无力或抽搐、拒食伴呕吐、意识下降）应立即就医或急诊，勿自行加量或重复给药。,"[""发抖无力或抽搐"",""拒食伴呕吐"",""意识下降""]",糖尿病宠物家庭日志要记什么；糖尿病猫每天记什么；糖尿病狗在家监测；食欲、饮水、排尿、体重和精神变化；家庭日志可帮助识别糖尿病控制趋势和低血糖风险；不得根据单次读数自行改变药物；发抖无力或抽搐；拒食伴呕吐；意识下降。,"[{""source_id"":""PMC12472474"",""title"":""Comparative Pharmacological and Pharmaceutical Perspectives on Antidiabetic Therapies in Humans, Dogs, and Cats"",""url"":""https://pmc.ncbi.nlm.nih.gov/articles/PMC12472474/"",""license"":""CC BY 4.0"",""page_or_section"":""Abstract"",""verification_status"":""source_identity_license_and_locator_verified_2026-08-12; veterinary_claim_review_pending"",""support_note"":""中文内容为保守概括；来源用于支持主题、物种和风险边界，不代表个体诊断。"",""change_note"":""已在 v1.4 核对来源身份、商业许可、题名和定位；未逐字复制。""}]",Only verified CC BY/CC0 evidence is retained; attribution and change notices are mandatory.,true,phrase_expansion_and_new_cards_applied_v1_7,blocked_pending_mainland_China_licensed_veterinarian_review,true,test,false,a5d7cf36151162fefe583bce2b85aba57cae43dd5638514bf59bbb06c6b3ce3e
MVP-MON-005,1.8.0-open-mvp-retrieval-and-safety-repair-draft,zh-CN,骨关节炎宠物如何记录活动变化,"[""cat"",""dog""]",home_monitoring,common_disease_health_education_and_triage,,"[""关节炎宠物怎么观察"",""猫不跳了怎么记录""]","[""起身、上下楼、跳跃、散步和梳理能力变化""]","[""固定场景的视频和每周活动记录有助于比较慢性疼痛与行动能力"",""猫可能以少跳跃或梳理减少表现疼痛""]","[""宠物是否突然无法负重或无法起身？"",""是否有明显外伤或肿胀？"",""哪些动作最困难（如起身、上下楼、跳跃、梳理）？""]",记录出现时间、频率、照片或视频以及食欲、饮水、排尿排便和活动变化；由兽医结合体检及必要检查判断，不要仅凭知识卡自行确诊或用药；若出现上述任一红旗表现，请立即就医或急诊。,"[""突然无法负重"",""明显外伤肿胀"",""持续喘痛或无法起身""]",骨关节炎宠物如何记录活动变化；关节炎宠物怎么观察；猫不跳了怎么记录；起身、上下楼、跳跃、散步和梳理能力变化；固定场景的视频和每周活动记录有助于比较慢性疼痛与行动能力；猫可能以少跳跃或梳理减少表现疼痛；突然无法负重；明显外伤肿胀；持续喘痛或无法起身。,"[{""source_id"":""PMC9499673"",""title"":""A 2022 Systematic Review and Meta-Analysis of Enriched Therapeutic Diets and Nutraceuticals in Canine and Feline Osteoarthritis"",""url"":""https://pmc.ncbi.nlm.nih.gov/articles/PMC9499673/"",""license"":""CC BY 4.0"",""page_or_section"":""Abstract"",""verification_status"":""source_identity_license_and_locator_verified_2026-08-12; veterinary_claim_review_pending"",""support_note"":""中文内容为保守概括；来源用于支持主题、物种和风险边界，不代表个体诊断。"",""change_note"":""已在 v1.4 核对来源身份、商业许可、题名和定位；未逐字复制。""}]",Only verified CC BY/CC0 evidence is retained; attribution and change notices are mandatory.,true,phrase_expansion_and_new_cards_applied_v1_7,blocked_pending_mainland_China_licensed_veterinarian_review,true,test,false,2e4b45abc25d1b5912e566ff82416ea8eee8f704d4bdf7ad90ffb7cad153fd18
MVP-MON-006,1.8.0-open-mvp-retrieval-and-safety-repair-draft,zh-CN,犬过敏性皮肤病如何记录复发诱因,"[""dog""]",home_monitoring,common_disease_health_education_and_triage,,"[""宠物过敏怎么做日记"",""皮肤病总复发怎么记录"",""除虫"",""打虫""]","[""瘙痒部位、频率、耳炎和皮疹反复""]","[""按日期记录瘙痒、食物、环境、驱虫和治疗反应有助于识别模式"",""日记不能代替寄生虫和感染检查""]","[""是否出现面部肿胀、呼吸困难、发热或精神差？"",""皮肤是否有大面积红肿、脓疱、溃烂或耳道异味/分泌物？"",""瘙痒或皮疹是否与季节、食物、环境或驱虫/药物变化有关？""]",记录出现时间、频率、照片或视频以及食欲、饮水、排尿排便和活动变化；由兽医结合体检及必要检查判断，不要仅凭知识卡自行确诊或用药；若出现上述任一红旗表现，请立即就医或急诊。,"[""面部肿胀呼吸困难"",""大面积感染"",""发热精神差""]",犬过敏性皮肤病如何记录复发诱因；宠物过敏怎么做日记；皮肤病总复发怎么记录；除虫；打虫；瘙痒部位、频率、耳炎和皮疹反复；按日期记录瘙痒、食物、环境、驱虫和治疗反应有助于识别模式；日记不能代替寄生虫和感染检查；面部肿胀呼吸困难；大面积感染；发热精神差。,"[{""source_id"":""PMC4531508"",""title"":""Canine atopic dermatitis: detailed guidelines for diagnosis and allergen identification"",""url"":""https://pmc.ncbi.nlm.nih.gov/articles/PMC4531508/"",""license"":""CC BY 4.0"",""page_or_section"":""Abstract"",""verification_status"":""source_identity_license_and_locator_verified_2026-08-12; veterinary_claim_review_pending"",""support_note"":""中文内容为保守概括；来源用于支持主题、物种和风险边界，不代表个体诊断。"",""change_note"":""已在 v1.4 核对来源身份、商业许可、题名和定位；未逐字复制。""}]",Only verified CC BY/CC0 evidence is retained; attribution and change notices are mandatory.,true,phrase_expansion_and_new_cards_applied_v1_7,blocked_pending_mainland_China_licensed_veterinarian_review,true,test,false,3900d9e7d9e79897ed43cd3c26ecd2082e18a0b956654471cb13dff76d1e377a
MVP-MON-007,1.8.0-open-mvp-retrieval-and-safety-repair-draft,zh-CN,癫痫宠物发作日志要记录什么,"[""cat"",""dog""]",home_monitoring,common_disease_health_education_and_triage,,"[""宠物抽搐怎么记录"",""癫痫日志记什么"",""抽筋"",""倒地抽""]","[""发作前后行为、持续时间、动作和恢复过程""]","[""准确计时、视频和发作频率记录有助于兽医判断模式"",""发作时应先保证环境安全，不要把手伸入口中""]","[""发作持续了多长时间？"",""24小时内发作了几次？"",""发作后多久恢复到正常状态？""]",发作时移开危险物并计时；持续不止、短期反复或恢复异常时立即急诊。,"[""发作持续不止"",""短时间反复发作"",""发作后呼吸或意识持续异常""]",癫痫宠物发作日志要记录什么；宠物抽搐怎么记录；癫痫日志记什么；抽筋；倒地抽；发作前后行为、持续时间、动作和恢复过程；准确计时、视频和发作频率记录有助于兽医判断模式；发作时应先保证环境安全，不要把手伸入口中；发作持续不止；短时间反复发作；发作后呼吸或意识持续异常。,"[{""source_id"":""PMC11209469"",""title"":""Emergency Approach to Acute Seizures in Dogs and Cats"",""url"":""https://pmc.ncbi.nlm.nih.gov/articles/PMC11209469/"",""license"":""CC BY 4.0"",""page_or_section"":""Abstract"",""verification_status"":""source_identity_license_and_locator_verified_2026-08-12; veterinary_claim_review_pending"",""support_note"":""中文内容为保守概括；来源用于支持主题、物种和风险边界，不代表个体诊断。"",""change_note"":""已在 v1.4 核对来源身份、商业许可、题名和定位；未逐字复制。""}]",Only verified CC BY/CC0 evidence is retained; attribution and change notices are mandatory.,true,phrase_expansion_and_new_cards_applied_v1_7,blocked_pending_mainland_China_licensed_veterinarian_review,true,test,false,90819628069d93599c28efab5fa712d73cfe42a4651de21ccd12d7a713ecf069
MVP-MON-008,1.8.0-open-mvp-retrieval-and-safety-repair-draft,zh-CN,宠物新发现肿块如何在家记录,"[""cat"",""dog""]",home_monitoring,common_disease_health_education_and_triage,,"[""宠物长了包怎么记录"",""肿块要不要拍照量""]","[""皮下或皮肤新肿块"",""大小、表面或质地可能变化""]","[""固定参照的照片和日期可帮助描述肿块变化，但不能判断良恶性"",""新出现、增长、破溃或疼痛的肿块应由兽医评估是否需要细胞学或组织学取样""]","[""肿块是否已影响宠物的呼吸、吞咽或正常行走？"",""肿块是否在短期内快速增大？"",""肿块是否有破溃、出血或明显疼痛？""]",记录首次发现时间和每次观察的日期、照片或视频，以及食欲、饮水、排尿排便和活动变化；若出现任一红旗表现，请立即就医或急诊；由兽医结合体检及必要检查判断，不要仅凭知识卡自行确诊或用药。,"[""快速增大"",""破溃出血"",""影响呼吸吞咽或行走"",""明显疼痛或触痛"",""肿块与深部组织固定或边界不清"",""伴食欲下降、体重减轻或精神差""]",宠物新发现肿块如何在家记录；宠物长了包怎么记录；肿块要不要拍照量；皮下或皮肤新肿块；大小、表面或质地可能变化；固定参照的照片和日期可帮助描述肿块变化，但不能判断良恶性；新出现、增长、破溃或疼痛的肿块应由兽医评估是否需要细胞学或组织学取样；快速增大；破溃出血；影响呼吸吞咽或行走；明显疼痛或触痛；肿块与深部组织固定或边界不清；伴食欲下降、体重减轻或精神差。,"[{""source_id"":""PMC12668749"",""title"":""Large-scale epidemiological and diagnostic assessment of canine cytology in Portugal"",""url"":""https://pmc.ncbi.nlm.nih.gov/articles/PMC12668749/"",""license"":""CC BY 4.0"",""page_or_section"":""Abstract"",""verification_status"":""source_identity_license_and_locator_verified_2026-08-12; veterinary_claim_review_pending"",""support_note"":""中文内容为保守概括；来源用于支持主题、物种和风险边界，不代表个体诊断。"",""change_note"":""已在 v1.4 核对来源身份、商业许可、题名和定位；未逐字复制。""},{""source_id"":""PMC12298540"",""title"":""What Comes from Cytology Diagnosis: A Comprehensive Epidemiological Retrospective Analysis of 3068 Feline Cases"",""url"":""https://pmc.ncbi.nlm.nih.gov/articles/PMC12298540/"",""license"":""CC BY 4.0"",""page_or_section"":""Abstract"",""verification_status"":""source_identity_license_and_locator_verified_2026-08-12; veterinary_claim_review_pending"",""support_note"":""中文内容为保守概括；来源用于支持主题、物种和风险边界，不代表个体诊断。"",""change_note"":""已在 v1.4 核对来源身份、商业许可、题名和定位；未逐字复制。""}]",Only verified CC BY/CC0 evidence is retained; attribution and change notices are mandatory.,true,phrase_expansion_and_new_cards_applied_v1_7,blocked_pending_mainland_China_licensed_veterinarian_review,true,test,false,f737bc8cb8a539fdc6483133151cd723c8f5f3140f29364c8c939aa9f1f07a91
MVP-MON-009,1.8.0-open-mvp-retrieval-and-safety-repair-draft,zh-CN,犬慢病药物漏服后不要自行加倍,"[""dog""]",home_monitoring,common_disease_health_education_and_triage,,"[""宠物药漏吃一次怎么办"",""下一次能不能吃双倍"",""抽筋""]","[""错过一次处方药或无法确认是否已给药""]","[""漏服处理取决于药物、疾病和距离下次给药的时间"",""自行加倍或重复给药可能增加不良反应风险，应联系开药医院确认""]","[""宠物现在有没有出现抽搐、倒地、呼吸困难、明显虚弱或反复呕吐等紧急症状？"",""漏服的药物名称、剂型和剂量是什么？"",""现在距离原本该吃药的时间过了多久？""]",查看处方标签并立即联系开药医院确认；不要自行补双倍，也不要用其他宠物的药替代；若出现上述任一红旗表现，请立即就医或急诊。,"[""抽搐或倒地"",""呼吸困难"",""明显虚弱、反复呕吐或疑似过量""]",犬慢病药物漏服后不要自行加倍；宠物药漏吃一次怎么办；下一次能不能吃双倍；抽筋；错过一次处方药或无法确认是否已给药；漏服处理取决于药物、疾病和距离下次给药的时间；自行加倍或重复给药可能增加不良反应风险，应联系开药医院确认；抽搐或倒地；呼吸困难；明显虚弱、反复呕吐或疑似过量。,"[{""source_id"":""PMC11394019"",""title"":""Factors Associated with Medication Noncompliance in Dogs in New Zealand"",""url"":""https://pmc.ncbi.nlm.nih.gov/articles/PMC11394019/"",""license"":""CC BY 4.0"",""page_or_section"":""Abstract"",""verification_status"":""source_identity_license_and_locator_verified_2026-08-12; veterinary_claim_review_pending"",""support_note"":""中文内容为保守概括；来源用于支持主题、物种和风险边界，不代表个体诊断。"",""change_note"":""已在 v1.4 核对来源身份、商业许可、题名和定位；未逐字复制。""}]",Only verified CC BY/CC0 evidence is retained; attribution and change notices are mandatory.,true,phrase_expansion_and_new_cards_applied_v1_7,blocked_pending_mainland_China_licensed_veterinarian_review,true,test,false,2582b285445c8255e9a32eb0c5fb8c2b77186910202b125e94b59a0fdf9b07ac
V17-DOG-INF-001,1.8.0-open-mvp-retrieval-and-safety-repair-draft,zh-CN,犬窝咳（犬传染性呼吸道疾病）,"[""dog""]",infectious,common_disease_health_education_and_triage,适用于疑似或确诊犬窝咳的成年家养犬的早期识别、居家护理及就医时机判断。不能替代兽医师的当面诊断与治疗，不包含具体用药或剂量建议。,"[""犬窝咳"",""犬窝咳怎么办"",""犬窝咳和普通咳嗽怎么区分？"",""听说窝咳不用治自己能好，真的吗？"",""狗狗咳嗽会不会传染给家里其他狗？"",""狗狗一直咳，像卡了东西，是不是窝咳？"",""犬窝咳在家怎么护理？需要马上去医院吗？""]","[""阵发性、痉挛性干咳，咳嗽声像鹅叫或像有东西卡住"",""咳嗽后可能出现干呕或咳出白色泡沫样痰液"",""活动、兴奋、喝水、牵拉脖圈后咳嗽加重"",""精神状态和食欲多数情况下接近正常"",""可能有清亮或略浑浊的鼻分泌物""]","[""犬窝咳是由多种病原体引起的传染性呼吸道疾病，常见病原包括犬副流感病毒、犬腺病毒2型及支气管败血波氏杆菌等。"",""典型表现是突发性干咳，咳嗽声常被描述为像鹅叫或喉咙卡了东西，与普通偶发咳嗽在声音和频率上有区别。"",""该病主要通过空气中的飞沫和直接接触传播，在犬只密集的场所（如寄养、美容、犬舍）传播风险更高。"",""大多数健康成年犬在1-3周内可自行恢复，但幼犬、老年犬或免疫力低下的犬可能出现更严重症状或继发感染。"",""普通上呼吸道感染咳嗽通常较轻微、不呈典型痉挛性，而窝咳咳嗽更剧烈、呈阵发性且容易由刺激诱发。""]","[""狗狗咳嗽发作时有没有咳出或呕出什么东西？"",""家里是否还有其他狗出现类似咳嗽，或近期去过寄养、美容、公园等场所？"",""咳嗽之外，精神、食欲、发烧或呼吸有没有明显变化？""]",居家静养，减少外出和剧烈活动，避免使用脖圈牵引改用胸背；保持环境通风、湿度适中；将疑似病犬与其他犬隔开，避免共用食盆、水盆、玩具，接触后洗手；观察咳嗽频率和精神食欲变化。若出现任一红旗表现，应立即就医或前往急诊。,"[""精神萎靡、不吃不喝或持续发烧"",""呼吸急促、呼吸困难或牙龈、舌头发紫"",""咳嗽持续超过3周仍无好转或咳嗽逐渐加重"",""出现黄绿色或带血鼻涕、眼分泌物"",""幼犬、老年犬或免疫低下的犬出现精神稍差、食欲下降，或咳嗽持续超过2-3天""]",犬窝咳（犬传染性呼吸道疾病）；犬窝咳；犬窝咳怎么办；犬窝咳和普通咳嗽怎么区分？；听说窝咳不用治自己能好，真的吗？；狗狗咳嗽会不会传染给家里其他狗？；狗狗一直咳，像卡了东西，是不是窝咳？；犬窝咳在家怎么护理？需要马上去医院吗？；阵发性、痉挛性干咳，咳嗽声像鹅叫或像有东西卡住；咳嗽后可能出现干呕或咳出白色泡沫样痰液；活动、兴奋、喝水、牵拉脖圈后咳嗽加重；精神状态和食欲多数情况下接近正常；可能有清亮或略浑浊的鼻分泌物；犬窝咳是由多种病原体引起的传染性呼吸道疾病，常见病原包括犬副流感病毒、犬腺病毒2型及支气管败血波氏杆菌等。；典型表现是突发性干咳，咳嗽声常被描述为像鹅叫或喉咙卡了东西，与普通偶发咳嗽在声音和频率上有区别。；该病主要通过空气中的飞沫和直接接触传播，在犬只密集的场所（如寄养、美容、犬舍）传播风险更高。；大多数健康成年犬在1-3周内可自行恢复，但幼犬、老年犬或免疫力低下的犬可能出现更严重症状或继发感染。；普通上呼吸道感染咳嗽通常较轻微、不呈典型痉挛性，而窝咳咳嗽更剧烈、呈阵发性且容易由刺激诱发。；精神萎靡、不吃不喝或持续发烧；呼吸急促、呼吸困难或牙龈、舌头发紫；咳嗽持续超过3周仍无好转或咳嗽逐渐加重；出现黄绿色或带血鼻涕、眼分泌物；幼犬、老年犬或免疫低下的犬出现精神稍差、食欲下降，或咳嗽持续超过2-3天。,"[{""source_id"":""PMC6483346"",""title"":""Canine infectious respiratory disease: New insights into the etiology and epidemiology of associated pathogens"",""url"":""https://pmc.ncbi.nlm.nih.gov/articles/PMC6483346/"",""license"":""CC BY 4.0"",""page_or_section"":""Abstract"",""verification_status"":""source_identity_license_and_locator_verified_2026-08-12; veterinary_claim_review_pending"",""support_note"":""中文内容为保守概括；来源用于支持主题、物种和风险边界，不代表个体诊断。"",""change_note"":""来源身份、商业许可、题名和定位已核对；未逐字复制。""}]",Only verified CC BY/CC0 evidence is retained; attribution and change notices are mandatory.,true,phrase_expansion_and_new_cards_applied_v1_7,blocked_pending_mainland_China_licensed_veterinarian_review,true,test,false,aa8dcc481010142b6102936afb610ccbee7fb27851dddffc9c562cca8649dba2
V17-DOG-INF-002,1.8.0-open-mvp-retrieval-and-safety-repair-draft,zh-CN,犬细小病毒感染：居家隔离与消毒,"[""dog""]",infectious,common_disease_health_education_and_triage,适用于已由兽医诊断或高度怀疑犬细小病毒感染后的家庭隔离、环境消毒与风险控制，不替代兽医诊疗；不提供具体用药或剂量。,"[""犬细小病毒感染"",""犬细小病毒感染怎么办"",""幼犬细小隔离要注意什么？"",""细小病毒在环境中能存活多久？"",""小狗得了细小，家里怎么消毒？"",""家里狗狗细小好了，多久能养新狗？""]","[""呕吐、腹泻（可能带血）"",""精神沉郁、食欲废绝"",""发热或体温偏低"",""粪便有特殊腥臭味""]","[""犬细小病毒对多数常用消毒剂不敏感，但对含氯消毒剂（如次氯酸钠）敏感。"",""细小病毒在环境中可存活数月甚至更久，尤其是阴暗、潮湿、有机质存在的区域。"",""患病犬的粪便、呕吐物及被污染的物品、地面、衣物均可成为传播来源。"",""幼犬（尤其未完成免疫或免疫不全者）感染风险更高，病情也可能更重。"",""康复犬在一定时期内仍可能通过粪便排出病毒。"",""使用含氯消毒剂前应先清除可见的呕吐物、粪便与有机污物，否则消毒效果会下降。"",""户外土壤、草地无法可靠消毒，应通过限制易感犬进入并结合时间降低风险。""]","[""狗狗目前的食欲、精神状态和排便情况如何？"",""呕吐、腹泻是否可控制，频率与量是否有变化？"",""家里是否还有其他未完成免疫的犬或幼犬，是否接触过病犬的排泄物或污染环境？""]",按兽医指导进行隔离和治疗；将病犬安置在便于清洁消毒的独立区域，限制与其他犬接触；戴一次性手套处理排泄物，先清除可见的呕吐物、粪便与有机污物，再用含氯消毒剂充分浸泡或擦拭污染区域；在病犬完全恢复并停止排毒前，避免新犬或未免疫犬进入污染环境；若出现上述任一红旗表现，请立即就医或急诊。,"[""持续呕吐、无法进水"",""血便或腹泻加重"",""精神极差、无法站立或反应迟钝"",""出现呼吸急促或牙龈苍白""]",犬细小病毒感染：居家隔离与消毒；犬细小病毒感染；犬细小病毒感染怎么办；幼犬细小隔离要注意什么？；细小病毒在环境中能存活多久？；小狗得了细小，家里怎么消毒？；家里狗狗细小好了，多久能养新狗？；呕吐、腹泻（可能带血）；精神沉郁、食欲废绝；发热或体温偏低；粪便有特殊腥臭味；犬细小病毒对多数常用消毒剂不敏感，但对含氯消毒剂（如次氯酸钠）敏感。；细小病毒在环境中可存活数月甚至更久，尤其是阴暗、潮湿、有机质存在的区域。；患病犬的粪便、呕吐物及被污染的物品、地面、衣物均可成为传播来源。；幼犬（尤其未完成免疫或免疫不全者）感染风险更高，病情也可能更重。；康复犬在一定时期内仍可能通过粪便排出病毒。；使用含氯消毒剂前应先清除可见的呕吐物、粪便与有机污物，否则消毒效果会下降。；户外土壤、草地无法可靠消毒，应通过限制易感犬进入并结合时间降低风险。；持续呕吐、无法进水；血便或腹泻加重；精神极差、无法站立或反应迟钝；出现呼吸急促或牙龈苍白。,"[{""source_id"":""DOI-10.3390-microorganisms13010047"",""title"":""Overview of Recent Advances in Canine Parvovirus Research"",""url"":""https://www.mdpi.com/2076-2607/13/1/47"",""license"":""CC BY 4.0"",""page_or_section"":""Abstract"",""verification_status"":""source_identity_license_and_locator_verified_2026-08-12; veterinary_claim_review_pending"",""support_note"":""中文内容为保守概括；来源用于支持主题、物种和风险边界，不代表个体诊断。"",""change_note"":""来源身份、商业许可、题名和定位已核对；未逐字复制。""}]",Only verified CC BY/CC0 evidence is retained; attribution and change notices are mandatory.,true,phrase_expansion_and_new_cards_applied_v1_7,blocked_pending_mainland_China_licensed_veterinarian_review,true,test,false,a306dcb9456a2ceaf5c364d91ac1214c99fa380645d4ce410a20fd6af85983da
V17-DOG-GI-001,1.8.0-open-mvp-retrieval-and-safety-repair-draft,zh-CN,犬便秘,"[""dog""]",gastrointestinal,common_disease_health_education_and_triage,适用于成年犬及老年犬的常见便秘初判与家庭观察；不替代兽医诊断，不涵盖幼犬先天性异常、肿瘤、肠梗阻等复杂病因的具体诊疗。,"[""犬便秘"",""犬便秘怎么办"",""狗便秘了能吃啥缓解"",""老年犬排便困难正常吗"",""狗狗大便又干又硬像石头"",""我家狗好几天没拉屎了怎么办"",""狗拉屎很费劲，蹲半天拉不出来""]","[""超过2天未排便或排便次数明显减少"",""反复做排便姿势但排不出或只排出少量干硬粪球"",""排便时发出哼叫、表现出疼痛"",""粪便表面带血丝或黏液"",""食欲下降、腹部看起来胀大或触摸时躲避"",""精神明显变差、呕吐或无食欲""]","[""犬便秘指排便频率减少、粪便干硬、排出困难，老年犬和饮水不足的犬更常见"",""常见诱因包括饮水不足、膳食纤维摄入不当、运动量减少、吞食异物、骨盆或肛门周围疼痛等"",""长期便秘可能导致结肠扩张、粪便嵌塞，进一步加重排便困难"",""部分药物、代谢性疾病（如甲状腺功能减退、慢性肾病）也可引起便秘"",""仅在犬精神状态正常、食欲正常、无呕吐、无腹胀、无腹痛、无基础病史时，可尝试家庭调整""]","[""最近一次成功排便是几天前，排出的粪便是什么状态？"",""近期饮食和饮水有没有明显变化，有没有可能误食异物如骨头、玩具？"",""是否正在服用任何药物，或既往有慢性病史？""]",确认近2-3天内有正常进食和饮水；提供充足清洁饮水，可尝试在家中带狗进行温和的牵遛以促进肠道蠕动。如果已经超过2天未排便，或尝试家庭缓解24小时后仍无改善，建议联系兽医进行直肠检查或影像学评估；若出现上述任一红旗表现，请立即就医或急诊。,"[""超过3天完全未排便且精神明显变差"",""反复呕吐、腹部明显胀大或触摸腹部时疼痛叫喊"",""粪便带大量鲜血或排出黑焦油样便"",""无法站立或后肢无力等神经症状同时出现"",""有排便动作但排不出，同时出现频繁呕吐、精神变差或腹痛""]",犬便秘；犬便秘怎么办；狗便秘了能吃啥缓解；老年犬排便困难正常吗；狗狗大便又干又硬像石头；我家狗好几天没拉屎了怎么办；狗拉屎很费劲，蹲半天拉不出来；超过2天未排便或排便次数明显减少；反复做排便姿势但排不出或只排出少量干硬粪球；排便时发出哼叫、表现出疼痛；粪便表面带血丝或黏液；食欲下降、腹部看起来胀大或触摸时躲避；精神明显变差、呕吐或无食欲；犬便秘指排便频率减少、粪便干硬、排出困难，老年犬和饮水不足的犬更常见；常见诱因包括饮水不足、膳食纤维摄入不当、运动量减少、吞食异物、骨盆或肛门周围疼痛等；长期便秘可能导致结肠扩张、粪便嵌塞，进一步加重排便困难；部分药物、代谢性疾病（如甲状腺功能减退、慢性肾病）也可引起便秘；仅在犬精神状态正常、食欲正常、无呕吐、无腹胀、无腹痛、无基础病史时，可尝试家庭调整；超过3天完全未排便且精神明显变差；反复呕吐、腹部明显胀大或触摸腹部时疼痛叫喊；粪便带大量鲜血或排出黑焦油样便；无法站立或后肢无力等神经症状同时出现；有排便动作但排不出，同时出现频繁呕吐、精神变差或腹痛。,"[{""source_id"":""PMC7329990"",""title"":""The Effects of Nutrition on the Gastrointestinal Microbiome of Cats and Dogs: Impact on Health and Disease"",""url"":""https://pmc.ncbi.nlm.nih.gov/articles/PMC7329990/"",""license"":""CC BY 4.0"",""page_or_section"":""Nutrition and constipation-related sections"",""verification_status"":""source_identity_license_and_locator_verified_2026-08-17; veterinary_claim_review_pending"",""support_note"":""中文内容为保守概括；仅用于健康教育和分诊边界，不代表个体诊断。"",""change_note"":""已核对来源身份、商业许可和主题相关性；未逐字复制。""}]",Only verified CC BY/CC0 evidence is retained; attribution and change notices are mandatory.,true,topic_source_mismatch_repaired_v1_8,blocked_pending_mainland_China_licensed_veterinarian_review,true,test,false,4667282a5c183f6f2757ea3fcd446513202db0cf810f1786aef4372a9b4296f2
V17-DOG-BEH-001,1.8.0-open-mvp-retrieval-and-safety-repair-draft,zh-CN,犬过度吠叫,"[""dog""]",behavior,common_disease_health_education_and_triage,适用于犬类过度吠叫的初步排查与家庭管理，不含用药剂量与行为处方，不能替代兽医师诊断；涉及疾病、疼痛或严重行为问题时以兽医评估为准。,"[""犬过度吠叫"",""犬过度吠叫怎么办"",""狗狗对着门外叫怎么办"",""狗半夜突然叫是什么原因"",""家里没人时狗会叫很久吗"",""狗一直叫个不停是怎么回事"",""老狗突然变得爱叫是不是哪里不舒服""]","[""对门铃、陌生人、其他狗或车辆反复吠叫"",""独自在家时持续吠叫、嚎叫或来回踱步"",""夜间或安静时突然吠叫"",""伴随发抖、躲藏、流口水或攻击性增加"",""老年犬原本安静、近期变得频繁叫且安抚无效""]","[""吠叫是犬类的正常沟通方式，过度吠叫多与惊吓、无聊、领地行为或分离焦虑有关"",""疼痛可能让犬更易受惊而吠叫"",""某些老年犬的感官功能下降可能使其警觉性改变，需由兽医评估"",""突然出现的吠叫行为变化，应先排除疼痛、内分泌或神经系统问题"",""单纯惩罚叫的行为可能加重焦虑，不能替代排查原因与行为训练"",""分离焦虑相关吠叫可能发生于主人离开后即刻或数小时内，也可能伴有破坏、排泄异常之一或多种表现""]","[""吠叫主要发生在什么场景，比如独处、有访客还是夜间？"",""最近吠叫的频率、持续时间或诱因有没有明显变化？"",""轻轻触碰或抱起时，会不会对某些部位特别敏感、躲开或叫得更厉害？""]",先记录吠叫发生的时间、诱因和持续时间1-3天；排除家中突发噪音或环境变化后，优先做基础健康检查；若出现任一红旗表现，应立即就医或前往急诊。,"[""伴有呼吸困难、牙龈发白或发紫"",""突然倒地、抽搐或意识改变"",""腹部明显胀大或干呕却吐不出"",""突然声音改变、喉鸣或像有东西卡住"",""公犬频繁摆出排尿姿势却尿不出且烦躁吠叫"",""吠叫伴随攻击、自残或无法安抚的剧烈恐慌"",""疑似中毒，如误食后突然兴奋、流涎、呕吐或步态不稳""]",犬过度吠叫；犬过度吠叫怎么办；狗狗对着门外叫怎么办；狗半夜突然叫是什么原因；家里没人时狗会叫很久吗；狗一直叫个不停是怎么回事；老狗突然变得爱叫是不是哪里不舒服；对门铃、陌生人、其他狗或车辆反复吠叫；独自在家时持续吠叫、嚎叫或来回踱步；夜间或安静时突然吠叫；伴随发抖、躲藏、流口水或攻击性增加；老年犬原本安静、近期变得频繁叫且安抚无效；吠叫是犬类的正常沟通方式，过度吠叫多与惊吓、无聊、领地行为或分离焦虑有关；疼痛可能让犬更易受惊而吠叫；某些老年犬的感官功能下降可能使其警觉性改变，需由兽医评估；突然出现的吠叫行为变化，应先排除疼痛、内分泌或神经系统问题；单纯惩罚叫的行为可能加重焦虑，不能替代排查原因与行为训练；分离焦虑相关吠叫可能发生于主人离开后即刻或数小时内，也可能伴有破坏、排泄异常之一或多种表现；伴有呼吸困难、牙龈发白或发紫；突然倒地、抽搐或意识改变；腹部明显胀大或干呕却吐不出；突然声音改变、喉鸣或像有东西卡住；公犬频繁摆出排尿姿势却尿不出且烦躁吠叫；吠叫伴随攻击、自残或无法安抚的剧烈恐慌；疑似中毒，如误食后突然兴奋、流涎、呕吐或步态不稳。,"[{""source_id"":""PMC8868415"",""title"":""Impact of Changes in Time Left Alone on Separation-Related Behaviour in UK Pet Dogs"",""url"":""https://pmc.ncbi.nlm.nih.gov/articles/PMC8868415/"",""license"":""CC BY 4.0"",""page_or_section"":""Abstract"",""verification_status"":""source_identity_license_and_locator_verified_2026-08-12; veterinary_claim_review_pending"",""support_note"":""中文内容为保守概括；来源用于支持主题、物种和风险边界，不代表个体诊断。"",""change_note"":""来源身份、商业许可、题名和定位已核对；未逐字复制。""},{""source_id"":""PMC7071134"",""title"":""Pain and Problem Behavior in Cats and Dogs"",""url"":""https://pmc.ncbi.nlm.nih.gov/articles/PMC7071134/"",""license"":""CC BY"",""page_or_section"":""Abstract"",""verification_status"":""source_identity_license_and_locator_verified_2026-08-12; veterinary_claim_review_pending"",""support_note"":""中文内容为保守概括；来源用于支持主题、物种和风险边界，不代表个体诊断。"",""change_note"":""来源身份、商业许可、题名和定位已核对；未逐字复制。""}]",Only verified CC BY/CC0 evidence is retained; attribution and change notices are mandatory.,true,phrase_expansion_and_new_cards_applied_v1_7,blocked_pending_mainland_China_licensed_veterinarian_review,true,test,false,a1ce73dbdc4284fca79945c551164cec4f5c33bee650b1c217944569c3094110
V17-DOG-INJ-001,1.8.0-open-mvp-retrieval-and-safety-repair-draft,zh-CN,犬擦伤割伤的家庭处理,"[""dog""]",minor_injury,common_disease_health_education_and_triage,仅适用于犬的轻微、表浅、清洁的小面积擦伤或割伤的家庭初步处理与观察判断。不适用于深度撕裂、穿刺伤、大面积缺损、动物咬伤、明显感染、出血不止或全身状态异常，不替代兽医面诊。不涉及具体药物剂量与处方。,"[""犬擦伤割伤的家庭处理"",""狗狗割伤流血了要缝针吗"",""狗狗脚垫割伤了擦什么药"",""狗身上有擦伤可以用碘伏吗"",""小狗打架被抓破皮了怎么办"",""狗腿被划了一道口子怎么处理"",""犬擦伤割伤的家庭处理怎么办""]","[""皮肤表面有划痕、裂口或擦伤"",""伤口周围少量渗血或渗液"",""局部毛发被血或组织液粘住"",""狗频繁舔舐或啃咬某一部位"",""触碰伤口附近时狗有躲闪或呜咽""]","[""清洁伤口可减少细菌残留和感染风险"",""生理盐水冲洗是无刺激的基础清创方式"",""稀释至淡茶水色的碘伏可用于犬皮肤表浅伤口消毒，请在冲洗后使用"",""伊丽莎白圈可防止舔舐污染伤口"",""小而表浅、清洁规则、出血已停止的伤口通常可以家庭护理""]","[""伤口是怎么造成的，是否有生锈金属或脏污物体？"",""是否被其他动物咬伤或抓伤？"",""出血止血后伤口是裂开的还是仅表面擦伤？""]",如果伤口浅、小、出血已止且干净，可用生理盐水冲洗后以稀释至淡茶色的碘伏消毒，保持周围皮肤干燥，避免覆盖过紧或使用不透气敷料，戴伊丽莎白圈防止舔舐，每天观察；若2-3天内无好转或出现恶化表现应就医。若出现任何红旗表现，应立即就医或急诊。,"[""伤口深、裂开较大、边缘不规则或露出皮下组织"",""持续出血、按压5分钟仍无法止血"",""伤口有脓、明显红肿、发热或散发恶臭"",""狗精神差、拒食、发热或伤口周围皮肤大面积发黑坏死"",""被其他动物咬伤或抓伤"",""伤口来源涉及口腔、爪子、生锈物或污物"",""伤口周围红肿热痛范围扩大、流脓量多、恶臭或触摸异常硬结""]",犬擦伤割伤的家庭处理；狗狗割伤流血了要缝针吗；狗狗脚垫割伤了擦什么药；狗身上有擦伤可以用碘伏吗；小狗打架被抓破皮了怎么办；狗腿被划了一道口子怎么处理；犬擦伤割伤的家庭处理怎么办；皮肤表面有划痕、裂口或擦伤；伤口周围少量渗血或渗液；局部毛发被血或组织液粘住；狗频繁舔舐或啃咬某一部位；触碰伤口附近时狗有躲闪或呜咽；清洁伤口可减少细菌残留和感染风险；生理盐水冲洗是无刺激的基础清创方式；稀释至淡茶水色的碘伏可用于犬皮肤表浅伤口消毒，请在冲洗后使用；伊丽莎白圈可防止舔舐污染伤口；小而表浅、清洁规则、出血已停止的伤口通常可以家庭护理；伤口深、裂开较大、边缘不规则或露出皮下组织；持续出血、按压5分钟仍无法止血；伤口有脓、明显红肿、发热或散发恶臭；狗精神差、拒食、发热或伤口周围皮肤大面积发黑坏死；被其他动物咬伤或抓伤；伤口来源涉及口腔、爪子、生锈物或污物；伤口周围红肿热痛范围扩大、流脓量多、恶臭或触摸异常硬结。,"[{""source_id"":""PMC10892332"",""title"":""First-Intention Incisional Wound Healing in Dogs and Cats: A Controlled Trial of Dermapliq and Manuka Honey"",""url"":""https://pmc.ncbi.nlm.nih.gov/articles/PMC10892332/"",""license"":""CC BY 4.0"",""page_or_section"":""Abstract"",""verification_status"":""source_identity_license_and_locator_verified_2026-08-12; veterinary_claim_review_pending"",""support_note"":""中文内容为保守概括；来源用于支持主题、物种和风险边界，不代表个体诊断。"",""change_note"":""来源身份、商业许可、题名和定位已核对；未逐字复制。""}]",Only verified CC BY/CC0 evidence is retained; attribution and change notices are mandatory.,true,phrase_expansion_and_new_cards_applied_v1_7,blocked_pending_mainland_China_licensed_veterinarian_review,true,test,false,054049fc31f22e72eef4b4e194a9115770e3c8839ee223fc78802c4b525abdbc
V17-DOG-ORAL-001,1.8.0-open-mvp-retrieval-and-safety-repair-draft,zh-CN,犬流口水过多,"[""dog""]",oral,common_disease_health_education_and_triage,适用于犬只流涎明显增多的家庭初步判断与安全应对。不替代兽医诊断；不包含具体药物、剂量及处方操作。,"[""犬流口水过多"",""犬流口水过多怎么办"",""狗嘴一直滴水还不想吃东西"",""我家狗突然一直流口水怎么办"",""狗狗流口水特别多是不是中毒了"",""狗狗流口水比平时多很多是什么原因""]","[""口水明显比平时多，下巴或前胸毛发长期潮湿"",""频繁舔嘴唇、吞咽或扒嘴"",""进食或张嘴时表现抗拒或疼痛"",""嘴内可见线、木刺或骨头等异物"",""伴随歪头、走路不稳、癫痫或异常兴奋""]","[""流口水过多可能是口腔疼痛、异物刺激、呕吐前兆或神经系统异常等引起"",""牙周病、口腔溃疡、牙龈炎等口腔问题是常见原因"",""犬误食刺激性物质或某些药物也可能导致大量流涎"",""部分神经症状如癫痫发作或中毒会表现流涎伴意识或运动异常""]","[""最近是否有可能接触到清洁剂、药物、有毒植物或变质食物？"",""是否观察到它啃咬骨头、树枝或吞咽异物的情形？"",""除了流口水，是否还有呕吐？""]",先观察口腔外部及可见部分是否有明显异物、红肿或异常气味，不要强行打开疼痛中的嘴；保持饮水清洁并观察进食状态；如出现任一红旗表现，应立即就医或急诊。,"[""流口水伴随癫痫、抽搐、意识不清或无法站立"",""呼吸费力、发绀或颜面部、喉头明显肿胀"",""疑似中毒后出现大量流涎并伴呕吐、震颤或虚弱"",""持续扒嘴、惨叫、口腔出血或完全不能进食饮水"",""流涎持续超过24小时且无法解释原因"",""高温或剧烈运动后出现大量流涎、呼吸急促、虚弱或意识改变"",""突然出现流涎并伴反复咳嗽、干呕、呼吸音异常或疑似气道阻塞""]",犬流口水过多；犬流口水过多怎么办；狗嘴一直滴水还不想吃东西；我家狗突然一直流口水怎么办；狗狗流口水特别多是不是中毒了；狗狗流口水比平时多很多是什么原因；口水明显比平时多，下巴或前胸毛发长期潮湿；频繁舔嘴唇、吞咽或扒嘴；进食或张嘴时表现抗拒或疼痛；嘴内可见线、木刺或骨头等异物；伴随歪头、走路不稳、癫痫或异常兴奋；流口水过多可能是口腔疼痛、异物刺激、呕吐前兆或神经系统异常等引起；牙周病、口腔溃疡、牙龈炎等口腔问题是常见原因；犬误食刺激性物质或某些药物也可能导致大量流涎；部分神经症状如癫痫发作或中毒会表现流涎伴意识或运动异常；流口水伴随癫痫、抽搐、意识不清或无法站立；呼吸费力、发绀或颜面部、喉头明显肿胀；疑似中毒后出现大量流涎并伴呕吐、震颤或虚弱；持续扒嘴、惨叫、口腔出血或完全不能进食饮水；流涎持续超过24小时且无法解释原因；高温或剧烈运动后出现大量流涎、呼吸急促、虚弱或意识改变；突然出现流涎并伴反复咳嗽、干呕、呼吸音异常或疑似气道阻塞。,"[{""source_id"":""PMC3671744"",""title"":""Imaging Evaluation of Dogs and Cats with Dysphagia"",""url"":""https://pmc.ncbi.nlm.nih.gov/articles/PMC3671744/"",""license"":""CC BY"",""page_or_section"":""Abstract"",""verification_status"":""source_identity_license_and_locator_verified_2026-08-12; veterinary_claim_review_pending"",""support_note"":""中文内容为保守概括；来源用于支持主题、物种和风险边界，不代表个体诊断。"",""change_note"":""来源身份、商业许可、题名和定位已核对；未逐字复制。""}]",Only verified CC BY/CC0 evidence is retained; attribution and change notices are mandatory.,true,phrase_expansion_and_new_cards_applied_v1_7,blocked_pending_mainland_China_licensed_veterinarian_review,true,test,false,e19d55aba3c5588428f559d31e03ad38e8ee97bb84fae12e481f7f27c1c6d049
V17-DOG-END-001,1.8.0-open-mvp-retrieval-and-safety-repair-draft,zh-CN,犬甲状腺功能减退,"[""dog""]",endocrine,common_disease_health_education_and_triage,适用于成年犬疑似或已确诊甲状腺功能减退的家庭观察、用药监测与就医决策辅助，不替代兽医诊断与处方。,"[""犬甲状腺功能减退"",""犬甲状腺功能减退怎么办"",""甲减的狗狗吃药后什么时候能好转？"",""狗甲状腺功能减退要一辈子吃药吗？"",""狗狗掉毛对称性的，后背两侧都秃了，怎么回事？"",""我家狗最近变懒了，还胖了很多，是不是甲状腺有问题？""]","[""不明原因的体重增加，食量没有明显增多"",""精神差、嗜睡、不愿活动、怕冷"",""躯干对称性脱毛、被毛干枯易断，皮肤增厚或发凉"",""皮肤反复感染或耳道感染不易好转"",""比平时更容易疲劳、活动后恢复慢""]","[""犬甲状腺功能减退是成年犬常见的内分泌病，多数为原发性甲状腺萎缩或淋巴细胞性甲状腺炎"",""特征表现包括代谢率下降所致的嗜睡、体重增加、怕冷和对称性非瘙痒性脱毛"",""确诊常需结合总T4、游离T4和TSH综合判断，必要时行进一步检测"",""多数患病犬需终身补充左甲状腺素，剂量需定期复查调整"",""治疗开始后精神食欲一般2-4周内改善，皮肤和被毛恢复可能需要2-3个月或更久""]","[""是否已经带狗狗看过兽医，并做过甲状腺相关血液检查？"",""是否已确诊为甲状腺功能减退，目前是否正在使用左甲状腺素？"",""如果正在用药，目前每天给药几次？""]",若尚未就医，应尽快到有化验条件的宠物医院进行甲状腺功能评估。若已确诊并开始用药，应严格按医嘱固定时间给药，并定期复查甲状腺激素水平以调整剂量。出现任一红旗表现应立即就医或急诊。,"[""突然虚脱、昏睡不醒或意识模糊"",""呼吸急促或呼吸困难"",""呕吐、腹泻同时精神极差"",""用药后出现明显心动过速、躁动不安、震颤或抽搐""]",犬甲状腺功能减退；犬甲状腺功能减退怎么办；甲减的狗狗吃药后什么时候能好转？；狗甲状腺功能减退要一辈子吃药吗？；狗狗掉毛对称性的，后背两侧都秃了，怎么回事？；我家狗最近变懒了，还胖了很多，是不是甲状腺有问题？；不明原因的体重增加，食量没有明显增多；精神差、嗜睡、不愿活动、怕冷；躯干对称性脱毛、被毛干枯易断，皮肤增厚或发凉；皮肤反复感染或耳道感染不易好转；比平时更容易疲劳、活动后恢复慢；犬甲状腺功能减退是成年犬常见的内分泌病，多数为原发性甲状腺萎缩或淋巴细胞性甲状腺炎；特征表现包括代谢率下降所致的嗜睡、体重增加、怕冷和对称性非瘙痒性脱毛；确诊常需结合总T4、游离T4和TSH综合判断，必要时行进一步检测；多数患病犬需终身补充左甲状腺素，剂量需定期复查调整；治疗开始后精神食欲一般2-4周内改善，皮肤和被毛恢复可能需要2-3个月或更久；突然虚脱、昏睡不醒或意识模糊；呼吸急促或呼吸困难；呕吐、腹泻同时精神极差；用药后出现明显心动过速、躁动不安、震颤或抽搐。,"[{""source_id"":""PMC12477693"",""title"":""Repeated thyroid function evaluations in the dog: a retrospective study of 8,309 dogs"",""url"":""https://pmc.ncbi.nlm.nih.gov/articles/PMC12477693/"",""license"":""CC BY 4.0"",""page_or_section"":""Abstract"",""verification_status"":""source_identity_license_and_locator_verified_2026-08-12; veterinary_claim_review_pending"",""support_note"":""中文内容为保守概括；来源用于支持主题、物种和风险边界，不代表个体诊断。"",""change_note"":""来源身份、商业许可、题名和定位已核对；未逐字复制。""}]",Only verified CC BY/CC0 evidence is retained; attribution and change notices are mandatory.,true,phrase_expansion_and_new_cards_applied_v1_7,blocked_pending_mainland_China_licensed_veterinarian_review,true,test,false,b3419cd20c053b8e4da8c0300fb9af7a21974f9b16ea56828ab32e25afffe1d5
V17-DOG-PAR-001,1.8.0-open-mvp-retrieval-and-safety-repair-draft,zh-CN,犬心丝虫预防,"[""dog""]",parasites,common_disease_health_education_and_triage,适用于犬心丝虫的传播途径、预防原则、确诊后家庭护理与运动限制。不提供具体药物剂量或治疗方案，具体用药和检测时机需遵兽医。,"[""犬心丝虫预防"",""心丝虫怎么查出来"",""犬心丝虫预防怎么办"",""狗狗确诊心丝虫后能跑能跳吗"",""心丝虫是不是蚊子叮了才会得"",""心丝虫预防药冬天是不是可以停"",""狗每个月都要吃心丝虫预防药吗，忘了喂怎么办""]","[""早期通常看不到任何异常表现"",""后期可能出现干咳、活动后容易累"",""运动耐力明显下降，走一会儿就喘"",""腹部可能因积液而显得膨大"",""偶尔出现食欲下降或体重减轻""]","[""心丝虫主要通过受感染的蚊子叮咬传播，不是狗与狗之间直接传染"",""全年持续使用预防药物是公认的预防核心措施，具体频率和方案需按产品类型和兽医建议执行"",""确诊心丝虫后，成虫数量越多、感染时间越长，运动越容易加重心肺负担和继发损伤"",""心丝虫成虫主要寄生在心脏和肺动脉，严重时可导致右心衰竭"",""确诊需要依靠抗原检测、微丝蚴检查及影像学等综合判断，单一检查可能存在窗口期"",""以上心丝虫预防与诊断信息均适用于犬""]","[""狗狗最近一次心丝虫检测是什么时候，结果如何？"",""目前在用哪种心丝虫预防药，最近一次给药是哪天？"",""确诊心丝虫后，狗狗现在安静休息时也会咳嗽或呼吸急促吗？""]",如尚未确诊，尽快安排一次心丝虫检测并确认预防方案；如已确诊，严格限制跑跳、长时间外出和兴奋活动，只进行短时间牵绳慢走排尿排便，并遵兽医复诊计划；若出现上述任一红旗表现，请立即就医或急诊。,"[""安静状态下仍呼吸急促、张口呼吸或舌头发紫"",""突然晕厥、虚弱无力或无法站立"",""腹部短时间内明显胀大"",""持续干咳加重，或咳出带血分泌物""]",犬心丝虫预防；心丝虫怎么查出来；犬心丝虫预防怎么办；狗狗确诊心丝虫后能跑能跳吗；心丝虫是不是蚊子叮了才会得；心丝虫预防药冬天是不是可以停；狗每个月都要吃心丝虫预防药吗，忘了喂怎么办；早期通常看不到任何异常表现；后期可能出现干咳、活动后容易累；运动耐力明显下降，走一会儿就喘；腹部可能因积液而显得膨大；偶尔出现食欲下降或体重减轻；心丝虫主要通过受感染的蚊子叮咬传播，不是狗与狗之间直接传染；全年持续使用预防药物是公认的预防核心措施，具体频率和方案需按产品类型和兽医建议执行；确诊心丝虫后，成虫数量越多、感染时间越长，运动越容易加重心肺负担和继发损伤；心丝虫成虫主要寄生在心脏和肺动脉，严重时可导致右心衰竭；确诊需要依靠抗原检测、微丝蚴检查及影像学等综合判断，单一检查可能存在窗口期；以上心丝虫预防与诊断信息均适用于犬；安静状态下仍呼吸急促、张口呼吸或舌头发紫；突然晕厥、虚弱无力或无法站立；腹部短时间内明显胀大；持续干咳加重，或咳出带血分泌物。,"[{""source_id"":""PMC11247265"",""title"":""Control of companion animal parasites and impact on One Health"",""url"":""https://pmc.ncbi.nlm.nih.gov/articles/PMC11247265/"",""license"":""CC BY"",""page_or_section"":""Abstract"",""verification_status"":""source_identity_license_and_locator_verified_2026-08-12; veterinary_claim_review_pending"",""support_note"":""中文内容为保守概括；来源用于支持主题、物种和风险边界，不代表个体诊断。"",""change_note"":""来源身份、商业许可、题名和定位已核对；未逐字复制。""}]",Only verified CC BY/CC0 evidence is retained; attribution and change notices are mandatory.,true,phrase_expansion_and_new_cards_applied_v1_7,blocked_pending_mainland_China_licensed_veterinarian_review,true,test,false,969b91e1667adc2e016dccb68305243e6911b637aa8cf087b198955e7896de7d
V17-DOG-NEU-001,1.8.0-open-mvp-retrieval-and-safety-repair-draft,zh-CN,犬癫痫发作的居家应对,"[""dog""]",neurologic,common_disease_health_education_and_triage,仅适用于犬神经源性发作的居家观察与初步应对，不替代兽医诊断，不涉及药物剂量或抗癫痫治疗调整。,"[""狗突然抽搐怎么办"",""狗狗抽筋怎么处理"",""怎么判断狗是不是癫痫"",""犬癫痫发作的居家应对"",""狗癫痫发作时我能做什么"",""犬癫痫发作的居家应对怎么办""]","[""倒地侧躺、四肢僵直或划水样抽动"",""口吐白沫或流口水"",""大小便失禁"",""意识丧失、叫不醒"",""发作后短暂站立不稳、走路摇晃""]","[""犬癫痫发作一般持续数秒到数分钟，多数在2分钟内自行停止"",""发作时通常不会因舌头堵住气管而窒息，但不要塞任何东西到嘴里，以免发生咬伤或误吸"",""发作中意识丧失，不会主动咬人，但无意识的咬牙可能造成误伤"",""持续5分钟以上或反复发作且未恢复意识属于急症，需立即就医"",""发作后可有数分钟到数小时的恢复期，表现为精神沉郁或步态不稳""]","[""这次发作大概已经持续了多长时间？"",""近24小时内这是第几次发作？"",""发作停止后它有没有恢复意识、能不能自己站起来？""]",保持环境安静，移开周围尖锐或硬物，不要在它嘴里塞任何东西，轻声观察即可。发作停止后让它侧躺休息，由前往后记录开始时间、持续时间、发作表现。出现任一红旗情况则立即就医或送往急诊。,"[""单次发作持续超过5分钟"",""24小时内发作≥3次"",""24小时内多次发作且发作间没有完全恢复意识"",""发作停止后仍无法恢复意识"",""发作中出现呼吸困难或舌头明显发紫""]",犬癫痫发作的居家应对；狗突然抽搐怎么办；狗狗抽筋怎么处理；怎么判断狗是不是癫痫；狗癫痫发作时我能做什么；犬癫痫发作的居家应对怎么办；倒地侧躺、四肢僵直或划水样抽动；口吐白沫或流口水；大小便失禁；意识丧失、叫不醒；发作后短暂站立不稳、走路摇晃；犬癫痫发作一般持续数秒到数分钟，多数在2分钟内自行停止；发作时通常不会因舌头堵住气管而窒息，但不要塞任何东西到嘴里，以免发生咬伤或误吸；发作中意识丧失，不会主动咬人，但无意识的咬牙可能造成误伤；持续5分钟以上或反复发作且未恢复意识属于急症，需立即就医；发作后可有数分钟到数小时的恢复期，表现为精神沉郁或步态不稳；单次发作持续超过5分钟；24小时内发作≥3次；24小时内多次发作且发作间没有完全恢复意识；发作停止后仍无法恢复意识；发作中出现呼吸困难或舌头明显发紫。,"[{""source_id"":""PMC11209469"",""title"":""Emergency Approach to Acute Seizures in Dogs and Cats"",""url"":""https://pmc.ncbi.nlm.nih.gov/articles/PMC11209469/"",""license"":""CC BY 4.0"",""page_or_section"":""Abstract"",""verification_status"":""source_identity_license_and_locator_verified_2026-08-12; veterinary_claim_review_pending"",""support_note"":""中文内容为保守概括；来源用于支持主题、物种和风险边界，不代表个体诊断。"",""change_note"":""来源身份、商业许可、题名和定位已核对；未逐字复制。""}]",Only verified CC BY/CC0 evidence is retained; attribution and change notices are mandatory.,true,phrase_expansion_and_new_cards_applied_v1_7,blocked_pending_mainland_China_licensed_veterinarian_review,true,test,false,9f789567f55fd0cd0f048d33cdc3dba2a6b616d2567231ba55a6068b43391c1e
V17-DOG-END-002,1.8.0-open-mvp-retrieval-and-safety-repair-draft,zh-CN,犬糖尿病的日常监测,"[""dog""]",endocrine,common_disease_health_education_and_triage,适用于已确诊或高度怀疑犬糖尿病的家庭日常观察与安全监测指导。不替代兽医诊断、胰岛素剂量调整或低血糖/酮症酸中毒等急症处理决策。,"[""犬糖尿病的日常监测"",""犬糖尿病的日常监测怎么办"",""怎么判断狗狗是不是低血糖了？"",""狗狗胰岛素打多了会有什么表现？"",""糖尿病狗狗在家护理要注意观察哪些变化？"",""确诊了糖尿病，在家可以帮狗狗测什么指标？"",""狗狗最近喝水量突然变大，尿也特别多，正常吗？""]","[""饮水量明显增加，水盆频繁见底"",""排尿量和排尿次数增多，可能出现憋不住尿或室内排尿"",""体重下降但食欲不变甚至增加"",""精神变差、活动量下降"",""眼睛可能出现白色浑浊（白内障早期表现）""]","[""多饮多尿是犬糖尿病最常见的早期表现之一，与高血糖导致尿液排出过多糖分和水分有关"",""体重下降伴食欲正常或增加，是糖尿病患犬常见的组合表现"",""稳定期患犬需要持续观察饮水量、尿量、食欲和体重变化趋势"",""若医生已指导居家监测血糖，应使用兽医建议并校准的血糖仪（动物专用或经兽医认可的人用型号），并记录血糖值、测量时间及对应进食/注射情况"",""糖尿病患犬出现白内障的风险较高，眼睛外观变化需要记录并告知兽医""]","[""今天是否有抽搐、站立不稳、走路摇晃或叫不醒的情况？"",""过去12小时是否完全不吃东西或持续呕吐？"",""是否观察到狗狗异常焦躁、流口水、肌肉震颤或精神明显变差？""]",继续按时按量喂食和按兽医处方注射胰岛素，每天记录饮水量、尿量、食欲和体重变化。若出现任一红旗表现，应立即停止等待并联系兽医或前往急诊。,"[""站立不稳、走路摇晃、抽搐、昏迷、呼之不应或对外界反应明显变差"",""精神极度沉郁、虚弱无法站立"",""异常焦躁、流口水、肌肉震颤或颤抖（可能为低血糖早期表现）"",""持续呕吐、完全拒食超过12小时"",""呼吸急促或呼出气体有明显烂苹果味（酮症酸中毒可能）"",""突然失明或眼球外观明显异常伴疼痛表现""]",犬糖尿病的日常监测；犬糖尿病的日常监测怎么办；怎么判断狗狗是不是低血糖了？；狗狗胰岛素打多了会有什么表现？；糖尿病狗狗在家护理要注意观察哪些变化？；确诊了糖尿病，在家可以帮狗狗测什么指标？；狗狗最近喝水量突然变大，尿也特别多，正常吗？；饮水量明显增加，水盆频繁见底；排尿量和排尿次数增多，可能出现憋不住尿或室内排尿；体重下降但食欲不变甚至增加；精神变差、活动量下降；眼睛可能出现白色浑浊（白内障早期表现）；多饮多尿是犬糖尿病最常见的早期表现之一，与高血糖导致尿液排出过多糖分和水分有关；体重下降伴食欲正常或增加，是糖尿病患犬常见的组合表现；稳定期患犬需要持续观察饮水量、尿量、食欲和体重变化趋势；若医生已指导居家监测血糖，应使用兽医建议并校准的血糖仪（动物专用或经兽医认可的人用型号），并记录血糖值、测量时间及对应进食/注射情况；糖尿病患犬出现白内障的风险较高，眼睛外观变化需要记录并告知兽医；站立不稳、走路摇晃、抽搐、昏迷、呼之不应或对外界反应明显变差；精神极度沉郁、虚弱无法站立；异常焦躁、流口水、肌肉震颤或颤抖（可能为低血糖早期表现）；持续呕吐、完全拒食超过12小时；呼吸急促或呼出气体有明显烂苹果味（酮症酸中毒可能）；突然失明或眼球外观明显异常伴疼痛表现。,"[{""source_id"":""PMC7288514"",""title"":""Diabetes mellitus in dogs attending UK primary-care practices: frequency, risk factors and survival"",""url"":""https://pmc.ncbi.nlm.nih.gov/articles/PMC7288514/"",""license"":""CC BY 4.0"",""page_or_section"":""Abstract"",""verification_status"":""source_identity_license_and_locator_verified_2026-08-12; veterinary_claim_review_pending"",""support_note"":""中文内容为保守概括；来源用于支持主题、物种和风险边界，不代表个体诊断。"",""change_note"":""来源身份、商业许可、题名和定位已核对；未逐字复制。""}]",Only verified CC BY/CC0 evidence is retained; attribution and change notices are mandatory.,true,phrase_expansion_and_new_cards_applied_v1_7,blocked_pending_mainland_China_licensed_veterinarian_review,true,test,false,4f5c074b86340c516af68235ef294ce754e4925f3430b9ecb872105824deec7e
V17-DOG-HEP-001,1.8.0-open-mvp-retrieval-and-safety-repair-draft,zh-CN,犬肝病日常观察,"[""dog""]",pancreatic_hepatobiliary,common_disease_health_education_and_triage,适用于已确诊或疑似犬肝病的家庭日常观察与复诊提醒，不涉及诊断、具体用药或剂量建议。,"[""犬肝病日常观察"",""犬肝病日常观察怎么办"",""肝病狗狗在家要注意看什么"",""狗狗肝病多久要复查一次血"",""狗狗皮肤和眼白变黄是怎么回事"",""狗狗最近没精神也不想吃饭是肝不好吗""]","[""眼白、牙龈、耳廓内侧或腹部皮肤发黄"",""精神变差、比平时嗜睡、不愿意活动"",""食欲下降，甚至对平时爱吃的食物也没兴趣"",""小便颜色明显变深，呈深黄色或茶色"",""大便颜色变浅，呈灰白色或陶土色""]","[""黄疸是胆红素在体内蓄积的表现，可提示肝脏或胆道存在问题"",""肝脏代偿能力较强，早期肝病可能没有明显外在表现，化验是发现问题的常用手段"",""肝病可引起恶心感，从而表现为食欲下降和精神萎靡"",""转氨酶、胆红素、胆汁酸等是犬肝病常用的血液筛查指标"",""慢性肝病需要遵医嘱定期复查血液指标来评估病情变化""]","[""狗狗从什么时候开始出现这些表现的？"",""最近是否做过血液化验或腹部B超？"",""狗狗有没有可能吃到对肝脏有毒的东西，比如人用止痛药、木糖醇口香糖、霉变食物或某些植物？最近有没有皮肤瘀斑、流鼻血或行为异常？""]",如无以下红旗表现，可继续观察精神、食欲、大小便颜色和黄疸变化，并预约兽医安排肝功能血液检查和腹部影像学检查。如出现任一红旗表现，应立即就医或前往急诊。,"[""出现明显黄疸且短时间内加重"",""完全不吃不喝超过24小时"",""反复呕吐或无法进水"",""精神极差、无法站立或出现意识异常"",""腹部明显膨大或呼吸急促"",""出现抽搐、共济失调、头部压迫或意识模糊"",""呕血、黑便、皮肤瘀点或无法止血"",""大便呈灰白色或陶土色""]",犬肝病日常观察；犬肝病日常观察怎么办；肝病狗狗在家要注意看什么；狗狗肝病多久要复查一次血；狗狗皮肤和眼白变黄是怎么回事；狗狗最近没精神也不想吃饭是肝不好吗；眼白、牙龈、耳廓内侧或腹部皮肤发黄；精神变差、比平时嗜睡、不愿意活动；食欲下降，甚至对平时爱吃的食物也没兴趣；小便颜色明显变深，呈深黄色或茶色；大便颜色变浅，呈灰白色或陶土色；黄疸是胆红素在体内蓄积的表现，可提示肝脏或胆道存在问题；肝脏代偿能力较强，早期肝病可能没有明显外在表现，化验是发现问题的常用手段；肝病可引起恶心感，从而表现为食欲下降和精神萎靡；转氨酶、胆红素、胆汁酸等是犬肝病常用的血液筛查指标；慢性肝病需要遵医嘱定期复查血液指标来评估病情变化；出现明显黄疸且短时间内加重；完全不吃不喝超过24小时；反复呕吐或无法进水；精神极差、无法站立或出现意识异常；腹部明显膨大或呼吸急促；出现抽搐、共济失调、头部压迫或意识模糊；呕血、黑便、皮肤瘀点或无法止血；大便呈灰白色或陶土色。,"[{""source_id"":""DOI-10.3390-ani14192886"",""title"":""Exploring the Relationship between Canine Paraoxonase-1 and Liver Disease"",""url"":""https://www.mdpi.com/2076-2615/14/19/2886"",""license"":""CC BY 4.0"",""page_or_section"":""Abstract"",""verification_status"":""source_identity_license_and_locator_verified_2026-08-12; veterinary_claim_review_pending"",""support_note"":""中文内容为保守概括；来源用于支持主题、物种和风险边界，不代表个体诊断。"",""change_note"":""来源身份、商业许可、题名和定位已核对；未逐字复制。""}]",Only verified CC BY/CC0 evidence is retained; attribution and change notices are mandatory.,true,phrase_expansion_and_new_cards_applied_v1_7,blocked_pending_mainland_China_licensed_veterinarian_review,true,test,false,9c1326f028ac7bfafdc1864ca7d3bcc3313cfcfd8d428db08039f84e13620096
V17-DOG-HEAT-001,1.8.0-open-mvp-retrieval-and-safety-repair-draft,zh-CN,犬运动性中暑,"[""dog""]",preventive_care,common_disease_health_education_and_triage,适用于怀疑犬只运动后出现中暑或热相关不适的家庭初步判断与紧急处理参考，不替代兽医诊断。不涉及具体用药、输液或院内治疗方案。,"[""犬运动性中暑"",""法斗夏天能跑步吗？"",""犬运动性中暑怎么办"",""狗中暑了在家怎么降温？"",""狗跑完一直喘得很急正常吗？"",""夏天遛狗后狗吐了，是中暑吗？""]","[""运动后呼吸急促、喘气很久不能平复"",""耳根和腹部摸起来比平时明显烫"",""步态不稳、摇摇晃晃或趴下不愿再走"",""流很多口水或口水变黏、牙龈发红"",""精神变差、反应迟钝，甚至呕吐""]","[""狗主要通过喘气散热，汗腺只分布在爪垫，散热效率远低于人类。"",""短头犬种（如法斗、巴哥）因气道结构狭窄，散热更差，运动性中暑风险更高。"",""运动性中暑可在几分钟到几十分钟内发生，核心体温升高会损伤多器官。"",""运动后体温升高不等于一定中暑，但当狗狗无法自行有效降温并出现异常表现时需要处理。"",""环境温度与湿度同时升高时，中暑风险明显增加，即使不是暴晒也可能发生。""]","[""现在离运动结束大概多久了？"",""狗还能自己站稳走路吗？"",""是否已经用冷水或湿毛巾尝试降温过？""]",立即停止一切活动，把狗移到阴凉或空调环境中。用常温或微凉（不要冰水）的水缓慢淋湿身体，重点在腹下、大腿内侧和脚垫，避免直接浇头。可使用湿毛巾覆盖腹股沟和腋下帮助散热。如果红色预警中任一项出现，不要等待观察，立即送最近的兽医或急诊；送医途中保持通风或空调，继续用湿毛巾覆盖腹股沟/腋下，不要强行灌水，不要将狗单独留在关闭的车内。,"[""无法站立、走路摇晃或突然倒地"",""意识模糊、叫不醒或抽搐"",""呕吐、腹泻或牙龈颜色发紫/发灰"",""持续喘气超过30分钟且没有减轻"",""耳根/腹部摸起来非常烫、体温明显升高"",""大量黏涎或口腔黏膜发红但按压后回血慢""]",犬运动性中暑；法斗夏天能跑步吗？；犬运动性中暑怎么办；狗中暑了在家怎么降温？；狗跑完一直喘得很急正常吗？；夏天遛狗后狗吐了，是中暑吗？；运动后呼吸急促、喘气很久不能平复；耳根和腹部摸起来比平时明显烫；步态不稳、摇摇晃晃或趴下不愿再走；流很多口水或口水变黏、牙龈发红；精神变差、反应迟钝，甚至呕吐；狗主要通过喘气散热，汗腺只分布在爪垫，散热效率远低于人类。；短头犬种（如法斗、巴哥）因气道结构狭窄，散热更差，运动性中暑风险更高。；运动性中暑可在几分钟到几十分钟内发生，核心体温升高会损伤多器官。；运动后体温升高不等于一定中暑，但当狗狗无法自行有效降温并出现异常表现时需要处理。；环境温度与湿度同时升高时，中暑风险明显增加，即使不是暴晒也可能发生。；无法站立、走路摇晃或突然倒地；意识模糊、叫不醒或抽搐；呕吐、腹泻或牙龈颜色发紫/发灰；持续喘气超过30分钟且没有减轻；耳根/腹部摸起来非常烫、体温明显升高；大量黏涎或口腔黏膜发红但按压后回血慢。,"[{""source_id"":""PMC7459873"",""title"":""Dogs Don’t Die Just in Hot Cars—Exertional Heat-Related Illness (Heatstroke) Is a Greater Threat to UK Dogs"",""url"":""https://pmc.ncbi.nlm.nih.gov/articles/PMC7459873/"",""license"":""CC BY 4.0"",""page_or_section"":""Abstract"",""verification_status"":""source_identity_license_and_locator_verified_2026-08-12; veterinary_claim_review_pending"",""support_note"":""中文内容为保守概括；来源用于支持主题、物种和风险边界，不代表个体诊断。"",""change_note"":""来源身份、商业许可、题名和定位已核对；未逐字复制。""}]",Only verified CC BY/CC0 evidence is retained; attribution and change notices are mandatory.,true,phrase_expansion_and_new_cards_applied_v1_7,blocked_pending_mainland_China_licensed_veterinarian_review,true,test,false,261da96711397dc6fd0acf876feb2e9af5768ab4a439f16cbc9fc09a4ce510b8
V17-DOG-ANAL-001,1.8.0-open-mvp-retrieval-and-safety-repair-draft,zh-CN,犬肛门腺炎与脓肿,"[""dog""]",anal_sac,common_disease_health_education_and_triage,适用于成年犬肛门腺堵塞、炎症、脓肿及破溃的家庭观察与初步处理参考。不代替兽医诊断与治疗，不涵盖肿瘤、肛周瘘、会阴疝等其他肛周疾病的鉴别，不提供任何药物、剂量或引流操作指导。,"[""狗拉屎时惨叫"",""犬肛门腺炎与脓肿"",""狗狗排便很费劲还哼哼"",""犬肛门腺炎与脓肿怎么办""]","[""坐在地上拖蹭屁股或转圈追尾"",""频繁舔舐或回头咬肛门附近"",""肛门一侧或两侧肿胀、发红、触痛"",""肛门附近有破口，流出脓血或灰褐色分泌物，气味恶臭"",""排便时表现疼痛、不敢用力或排便困难""]","[""犬的肛门腺位于肛门两侧约4点和8点位置，正常分泌物随排便排出"",""腺管堵塞后分泌物积聚，可继发细菌感染形成脓肿"",""脓肿成熟后可能自行破溃，在肛门旁形成小孔并排出脓血"",""小型犬和肥胖犬相对更容易发生肛门腺问题"",""反复发作的肛门腺炎需排查潜在原因，如腺管狭窄、过敏、排便异常或腺体结构问题""]","[""是否出现发热、精神变差、食欲下降或呼吸急促等全身不适？""]",佩戴伊丽莎白圈防止舔咬；若已破溃，仅可用温热生理盐水轻轻清洁破口周围皮肤，避免向窦道内冲水和用力擦拭，保持周围干燥；尚未破溃时避免自行挤压，局部热敷可每天2-3次。若出现任一红旗表现，应立即就医或急诊。反复发作或首次出现明显红肿疼痛时，建议尽快就诊评估。,"[""肛门旁肿块迅速增大、破溃范围扩大或流脓不止"",""出现发热、精神萎靡、拒食或明显疼痛无法安坐"",""破口周围大片皮肤发红发黑或出现恶臭坏死组织"",""排便完全停止、反复蹲坐无法排出，伴呕吐或腹胀"",""精神沉郁、持续发热不退、呼吸急促、牙龈苍白或虚弱倒地""]",犬肛门腺炎与脓肿；狗拉屎时惨叫；狗狗排便很费劲还哼哼；犬肛门腺炎与脓肿怎么办；坐在地上拖蹭屁股或转圈追尾；频繁舔舐或回头咬肛门附近；肛门一侧或两侧肿胀、发红、触痛；肛门附近有破口，流出脓血或灰褐色分泌物，气味恶臭；排便时表现疼痛、不敢用力或排便困难；犬的肛门腺位于肛门两侧约4点和8点位置，正常分泌物随排便排出；腺管堵塞后分泌物积聚，可继发细菌感染形成脓肿；脓肿成熟后可能自行破溃，在肛门旁形成小孔并排出脓血；小型犬和肥胖犬相对更容易发生肛门腺问题；反复发作的肛门腺炎需排查潜在原因，如腺管狭窄、过敏、排便异常或腺体结构问题；肛门旁肿块迅速增大、破溃范围扩大或流脓不止；出现发热、精神萎靡、拒食或明显疼痛无法安坐；破口周围大片皮肤发红发黑或出现恶臭坏死组织；排便完全停止、反复蹲坐无法排出，伴呕吐或腹胀；精神沉郁、持续发热不退、呼吸急促、牙龈苍白或虚弱倒地。,"[{""source_id"":""PMC8749694"",""title"":""A Cross-Sectional Study on Canine and Feline Anal Sac Disease"",""url"":""https://pmc.ncbi.nlm.nih.gov/articles/PMC8749694/"",""license"":""CC BY 4.0"",""page_or_section"":""Abstract"",""verification_status"":""source_identity_license_and_locator_verified_2026-08-12; veterinary_claim_review_pending"",""support_note"":""中文内容为保守概括；来源用于支持主题、物种和风险边界，不代表个体诊断。"",""change_note"":""来源身份、商业许可、题名和定位已核对；未逐字复制。""}]",Only verified CC BY/CC0 evidence is retained; attribution and change notices are mandatory.,true,phrase_expansion_and_new_cards_applied_v1_7,blocked_pending_mainland_China_licensed_veterinarian_review,true,test,false,308ebfdc39b1bdbe44bfb0d9c464ced36a3ae4536194a94878d66015b57e22bd
V17-DOG-GRM-002,1.8.0-open-mvp-retrieval-and-safety-repair-draft,zh-CN,犬洗澡后皮肤问题,"[""dog""]",grooming,common_disease_health_education_and_triage,适用于犬洗澡或美容后 72 小时内出现的瘙痒、皮屑、轻度发红等皮肤不适的初步解释与家庭排查建议。不适用于已确诊皮肤病、寄生虫感染或慢性耳病的急性加重。,"[""犬洗澡后皮肤问题"",""犬洗澡后皮肤问题怎么办"",""给狗洗澡后它疯狂蹭沙发、甩头，是过敏了吗"",""换了一款新香波，狗洗完第二天皮肤起皮屑还痒"",""狗洗完澡一直挠，身上没看到明显的红点是怎么回事"",""自己在家给狗洗澡，吹干了还是挠，是吹风机太烫了吗"",""宠物店洗澡回来狗总是啃脚、抓耳朵，是不是浴液没冲干净""]","[""洗澡后数小时至两天内频繁抓挠、啃咬身体、脚掌或尾巴根部"",""甩头、用脸蹭地板或家具，耳朵发红或有挠耳动作"",""皮肤上出现细碎白色皮屑，或局部毛发竖立、打结"",""腹部、腋下、腹股沟等薄皮肤区域发红或出现小红点"",""皮肤摸起来发干或明显油湿，毛发根部有残留泡沫感""]","[""洗澡后瘙痒最常见的原因是香波或护毛素未彻底冲净，残留成分刺激皮肤。"",""频繁洗澡或使用去油过强、人用香波会破坏犬皮肤油脂屏障，导致干燥和瘙痒。"",""吹风温度过高或距离过近可导致皮肤表面灼热感、干燥或轻微红斑，加重已有的皮肤刺激，但通常不是洗澡后剧烈瘙痒的单独原因。"",""部分犬对香波中的香精、染料或植物提取物存在接触性过敏，症状多出现在洗澡后短时间内。"",""若瘙痒持续且逐渐加重，需考虑皮肤原有潜在问题（如异位性皮炎、微生物过度增殖）被洗澡激化。""]","[""从洗澡到开始明显抓挠，大概过了几个小时或几天？"",""用的香波和护毛素是犬专用的还是人用的，最近是否换过品牌？"",""冲洗后用手逆毛摸起来有没有滑腻或泡沫感，吹干时用的什么温度和距离？""]",如果仅轻度抓挠、皮肤局部发红但无破溃，可先用接近体温的清水彻底冲洗一次全身，重点冲淋腋下、腹股沟和脚底，避免残留。之后低温或冷风远距离吹至完全干透。暂时停止使用香波或护毛素。若出现任一红旗表现，应立即就医或急诊；若症状在数小时内无缓解或出现任何加重趋势（如红肿范围扩大、出现破溃、精神食欲下降），也应尽早就医，不必等待24小时。,"[""频繁吞咽、流涎增多、咳嗽、声音嘶哑或喉鸣，可能提示喉头水肿"",""皮肤出现大面积红肿、风团样凸起或面部、眼睑肿胀"",""呼吸急促、张口呼吸、精神沉郁或呕吐、腹泻"",""抓挠导致皮肤破溃、渗液、出血或大面积脱毛"",""耳内出现恶臭、咖啡渣样或脓性分泌物，或持续歪头、无法站稳""]",犬洗澡后皮肤问题；犬洗澡后皮肤问题怎么办；给狗洗澡后它疯狂蹭沙发、甩头，是过敏了吗；换了一款新香波，狗洗完第二天皮肤起皮屑还痒；狗洗完澡一直挠，身上没看到明显的红点是怎么回事；自己在家给狗洗澡，吹干了还是挠，是吹风机太烫了吗；宠物店洗澡回来狗总是啃脚、抓耳朵，是不是浴液没冲干净；洗澡后数小时至两天内频繁抓挠、啃咬身体、脚掌或尾巴根部；甩头、用脸蹭地板或家具，耳朵发红或有挠耳动作；皮肤上出现细碎白色皮屑，或局部毛发竖立、打结；腹部、腋下、腹股沟等薄皮肤区域发红或出现小红点；皮肤摸起来发干或明显油湿，毛发根部有残留泡沫感；洗澡后瘙痒最常见的原因是香波或护毛素未彻底冲净，残留成分刺激皮肤。；频繁洗澡或使用去油过强、人用香波会破坏犬皮肤油脂屏障，导致干燥和瘙痒。；吹风温度过高或距离过近可导致皮肤表面灼热感、干燥或轻微红斑，加重已有的皮肤刺激，但通常不是洗澡后剧烈瘙痒的单独原因。；部分犬对香波中的香精、染料或植物提取物存在接触性过敏，症状多出现在洗澡后短时间内。；若瘙痒持续且逐渐加重，需考虑皮肤原有潜在问题（如异位性皮炎、微生物过度增殖）被洗澡激化。；频繁吞咽、流涎增多、咳嗽、声音嘶哑或喉鸣，可能提示喉头水肿；皮肤出现大面积红肿、风团样凸起或面部、眼睑肿胀；呼吸急促、张口呼吸、精神沉郁或呕吐、腹泻；抓挠导致皮肤破溃、渗液、出血或大面积脱毛；耳内出现恶臭、咖啡渣样或脓性分泌物，或持续歪头、无法站稳。,"[{""source_id"":""PMC8907591"",""title"":""Grooming-Related Concerns Among Companion Animals: Preliminary Data on an Overlooked Topic and Considerations for Animals' Access to Health-Related Services"",""url"":""https://pmc.ncbi.nlm.nih.gov/articles/PMC8907591/"",""license"":""CC BY"",""page_or_section"":""Abstract"",""verification_status"":""source_identity_license_and_locator_verified_2026-08-12; veterinary_claim_review_pending"",""support_note"":""中文内容为保守概括；来源用于支持主题、物种和风险边界，不代表个体诊断。"",""change_note"":""来源身份、商业许可、题名和定位已核对；未逐字复制。""}]",Only verified CC BY/CC0 evidence is retained; attribution and change notices are mandatory.,true,phrase_expansion_and_new_cards_applied_v1_7,blocked_pending_mainland_China_licensed_veterinarian_review,true,test,false,2662e15443c169e9e5e0cbab843a52c1d9ea5d64eb9b73156c6d4075507faf1e
V17-DOG-BEH-002,1.8.0-open-mvp-retrieval-and-safety-repair-draft,zh-CN,新犬到家适应,"[""dog""]",behavior,common_disease_health_education_and_triage,适用于刚进入新家、无已知慢性病且精神反应尚可的犬只，用于区分正常适应期表现与需就医的异常信号，不替代兽医诊断。,"[""新犬到家适应"",""新犬到家适应怎么办"",""新狗到家一直叫正常吗"",""刚到家的小狗怎么安排睡觉"",""新狗狗到家里不吃不喝要管吗"",""刚抱回来的小狗躲着不出来怎么办"",""新来的狗狗老是跟着我，是焦虑吗""]","[""躲在角落、桌下或笼子里不愿出来"",""到家第一天食欲下降或不愿吃食"",""夜间低声呜咽、哼叫或睡不着"",""一直贴人脚边、人走就跟"",""对突然声响、陌生人或出门表现紧张""]","[""新犬到家后的躲藏、食欲下降、夜间哼叫等多为环境改变的应激表现，通常在数日内逐步缓解。"",""固定的喂食、排泄、睡眠和安静休息时间有助于犬只更快建立安全感与可预期性。"",""基础社会化应在犬只完成必要免疫并处于健康状态下，以低强度、短时间、正向奖励的方式循序渐进开展。"",""到家初期不应强行拖拽、过度拥抱或频繁更换休息区域，以免增加回避和恐惧。"",""多数健康犬只通常在数日内逐渐恢复主动进食与互动，但个体差异较大，持续拒食或精神变差应就医。"",""短期内跟随主人多为依赖和探索表现，若数日后仍无法短暂独处，并出现破坏、随意排泄或持续哀鸣，需关注是否存在过度依赖或分离相关行为问题。""]","[""到家后是完全不吃，还是吃得少但愿意喝水？"",""躲藏时是只在固定角落，还是会换地方且不让靠近？"",""夜间持续叫或扒门多久了？""]",先给固定、安静、可遮蔽的休息区，放水碗和少量日常食物，不强行接触；按固定时间喂食、出门排便和关灯休息，减少访客与大声响；如出现任一红旗表现，应立即就医或急诊，不要继续在家观察。,"[""连续24小时以上不进食或不饮水"",""反复呕吐、腹泻或排血便"",""精神极差、叫不醒或站不稳"",""呼吸急促、牙龈苍白或腹部明显胀大"",""频繁咳嗽、喷嚏或出现脓性鼻涕、脓性眼分泌物"",""腹部持续膨大伴干呕、呻吟或明显疼痛"",""抽搐、共济失调或步态不稳"",""体温过高或过低"",""持续痛苦哀鸣、无法安抚""]",新犬到家适应；新犬到家适应怎么办；新狗到家一直叫正常吗；刚到家的小狗怎么安排睡觉；新狗狗到家里不吃不喝要管吗；刚抱回来的小狗躲着不出来怎么办；新来的狗狗老是跟着我，是焦虑吗；躲在角落、桌下或笼子里不愿出来；到家第一天食欲下降或不愿吃食；夜间低声呜咽、哼叫或睡不着；一直贴人脚边、人走就跟；对突然声响、陌生人或出门表现紧张；新犬到家后的躲藏、食欲下降、夜间哼叫等多为环境改变的应激表现，通常在数日内逐步缓解。；固定的喂食、排泄、睡眠和安静休息时间有助于犬只更快建立安全感与可预期性。；基础社会化应在犬只完成必要免疫并处于健康状态下，以低强度、短时间、正向奖励的方式循序渐进开展。；到家初期不应强行拖拽、过度拥抱或频繁更换休息区域，以免增加回避和恐惧。；多数健康犬只通常在数日内逐渐恢复主动进食与互动，但个体差异较大，持续拒食或精神变差应就医。；短期内跟随主人多为依赖和探索表现，若数日后仍无法短暂独处，并出现破坏、随意排泄或持续哀鸣，需关注是否存在过度依赖或分离相关行为问题。；连续24小时以上不进食或不饮水；反复呕吐、腹泻或排血便；精神极差、叫不醒或站不稳；呼吸急促、牙龈苍白或腹部明显胀大；频繁咳嗽、喷嚏或出现脓性鼻涕、脓性眼分泌物；腹部持续膨大伴干呕、呻吟或明显疼痛；抽搐、共济失调或步态不稳；体温过高或过低；持续痛苦哀鸣、无法安抚。,"[{""source_id"":""PMC5465235"",""title"":""Evaluating Checklist Use in Companion Animal Wellness Visits in a Veterinary Teaching Hospital: A Preliminary Study"",""url"":""https://pmc.ncbi.nlm.nih.gov/articles/PMC5465235/"",""license"":""CC BY"",""page_or_section"":""Abstract"",""verification_status"":""source_identity_license_and_locator_verified_2026-08-12; veterinary_claim_review_pending"",""support_note"":""中文内容为保守概括；来源用于支持主题、物种和风险边界，不代表个体诊断。"",""change_note"":""来源身份、商业许可、题名和定位已核对；未逐字复制。""},{""source_id"":""PMC6776987"",""title"":""Maternal behaviour in domestic dogs"",""url"":""https://pmc.ncbi.nlm.nih.gov/articles/PMC6776987/"",""license"":""CC BY 4.0"",""page_or_section"":""Abstract"",""verification_status"":""source_identity_license_and_locator_verified_2026-08-12; veterinary_claim_review_pending"",""support_note"":""中文内容为保守概括；来源用于支持主题、物种和风险边界，不代表个体诊断。"",""change_note"":""来源身份、商业许可、题名和定位已核对；未逐字复制。""}]",Only verified CC BY/CC0 evidence is retained; attribution and change notices are mandatory.,true,phrase_expansion_and_new_cards_applied_v1_7,blocked_pending_mainland_China_licensed_veterinarian_review,true,test,false,91928c98ef1e7d8d71302a3be4c40043e9296f83fd37fe310fc21e1949c4e2b1
V17-DOG-DERM-002,1.8.0-open-mvp-retrieval-and-safety-repair-draft,zh-CN,犬体味重排查,"[""dog""]",dermatology,common_disease_health_education_and_triage,适用于犬只体味明显加重的家庭初步排查与观察，不替代兽医诊断，不涉及具体用药、洗耳液选择或剂量建议。,"[""犬体味重排查"",""犬体味重排查怎么办"",""我家狗嘴巴很臭正常吗"",""狗耳朵臭是不是发炎了"",""狗身上味道很重怎么回事"",""狗狗洗完澡没几天就臭了"",""狗皮肤出油多有异味怎么办""]","[""近距离可闻到明显体味，洗澡后数天内重现"",""频繁抓挠皮肤或甩头、蹭耳"",""皮肤或被毛看起来油腻、有皮屑或局部脱毛"",""耳道内有褐色/黑色分泌物或发红"",""口腔有持续异味，牙龈边缘发红或有牙石""]","[""犬体味常见来源为皮肤表面油脂氧化、耳道感染及口腔问题"",""洗澡过于频繁会破坏皮肤屏障，反而可能加重皮脂分泌与异味"",""耳道潮湿、垂耳或耳毛多的犬种更容易出现耳道异味"",""牙菌斑与牙石堆积是犬口腔异味的常见原因之一"",""部分皮肤问题与体味加重有关，需由兽医检查后判断""]","[""异味最明显的位置是皮肤、耳朵还是口腔？"",""目前洗澡频率是多久一次，最近是否更换过洗护产品？"",""是否有抓挠或皮肤发红、脱毛、破溃等皮肤异常表现？""]",先确认异味主要来源部位；如只是全身被毛油脂味，可检查洗护频率是否过高或过低，并观察皮肤有无异常。不要自行用酒精、醋或人用产品处理耳道。出现任一红旗表现应立即就医或急诊，包括异味突然加重并伴随急性虚脱或神经症状、口腔异味伴随呼吸困难或大量出血等情况。,"[""耳道明显肿胀、流脓、触痛或头部歪斜"",""皮肤出现大面积红肿、破溃、渗液或快速扩散的皮疹"",""口腔异味伴随食欲骤降、流涎明显或口腔内可见肿块/溃烂"",""伴随精神萎靡、发热、呕吐或呼吸异常"",""口腔异味伴随呼吸困难、牙龈大量出血或无法止血"",""异味突然加重并伴随急性虚脱、癫痫样表现或意识异常"",""疑似中毒，如误食腐肉后突发恶臭并伴神经症状""]",犬体味重排查；犬体味重排查怎么办；我家狗嘴巴很臭正常吗；狗耳朵臭是不是发炎了；狗身上味道很重怎么回事；狗狗洗完澡没几天就臭了；狗皮肤出油多有异味怎么办；近距离可闻到明显体味，洗澡后数天内重现；频繁抓挠皮肤或甩头、蹭耳；皮肤或被毛看起来油腻、有皮屑或局部脱毛；耳道内有褐色/黑色分泌物或发红；口腔有持续异味，牙龈边缘发红或有牙石；犬体味常见来源为皮肤表面油脂氧化、耳道感染及口腔问题；洗澡过于频繁会破坏皮肤屏障，反而可能加重皮脂分泌与异味；耳道潮湿、垂耳或耳毛多的犬种更容易出现耳道异味；牙菌斑与牙石堆积是犬口腔异味的常见原因之一；部分皮肤问题与体味加重有关，需由兽医检查后判断；耳道明显肿胀、流脓、触痛或头部歪斜；皮肤出现大面积红肿、破溃、渗液或快速扩散的皮疹；口腔异味伴随食欲骤降、流涎明显或口腔内可见肿块/溃烂；伴随精神萎靡、发热、呕吐或呼吸异常；口腔异味伴随呼吸困难、牙龈大量出血或无法止血；异味突然加重并伴随急性虚脱、癫痫样表现或意识异常；疑似中毒，如误食腐肉后突发恶臭并伴神经症状。,"[{""source_id"":""PMC12291705"",""title"":""Canine Pyoderma and Otitis Externa: A Retrospective Analysis of Multidrug-Resistant Bacterial Carriage in Hong Kong"",""url"":""https://pmc.ncbi.nlm.nih.gov/articles/PMC12291705/"",""license"":""CC BY 4.0"",""page_or_section"":""Abstract"",""verification_status"":""source_identity_license_and_locator_verified_2026-08-12; veterinary_claim_review_pending"",""support_note"":""中文内容为保守概括；来源用于支持主题、物种和风险边界，不代表个体诊断。"",""change_note"":""来源身份、商业许可、题名和定位已核对；未逐字复制。""}]",Only verified CC BY/CC0 evidence is retained; attribution and change notices are mandatory.,true,phrase_expansion_and_new_cards_applied_v1_7,blocked_pending_mainland_China_licensed_veterinarian_review,true,test,false,fbe751d0a365ba25ff7ec9526c3bd50a3d5ad4055a2c2b10f77683dc590ee758
V17-DOG-ORAL-002,1.8.0-open-mvp-retrieval-and-safety-repair-draft,zh-CN,犬牙周病管理,"[""dog""]",oral,common_disease_health_education_and_triage,适用于犬牙周病相关的家庭护理指导、牙结石认知、刷牙操作建议及拔牙后一般护理。不替代兽医口腔检查、麻醉下洁治或拔牙等专业治疗，不提供具体药物、剂量或处方建议。,"[""犬牙周病管理"",""怎么给狗刷牙才正确"",""狗有牙结石怎么处理"",""犬牙周病管理怎么办"",""狗口臭是不是牙周病"",""狗拔牙后在家怎么照顾"",""狗牙龈出血要看医生吗""]","[""口臭明显或持续加重"",""牙齿表面有黄褐色或灰白色牙结石"",""牙龈红肿、出血或退缩"",""流口水增多或口水带血丝"",""咀嚼困难、偏侧咀嚼或进食时掉食""]","[""牙周病是犬最常见的口腔疾病之一，主要由牙菌斑和牙结石长期刺激牙龈及牙周组织引起。"",""家庭刷牙是减少牙菌斑、延缓牙结石形成的核心措施，通常需要使用犬专用牙膏和软毛牙刷。"",""牙结石一旦形成，无法通过刷牙或咀嚼零食可靠去除，通常需要在麻醉下由兽医进行专业洁治。"",""严重牙周病可导致牙齿松动、牙根感染甚至口鼻瘘，拔除无法保留的患牙是常见治疗方式。"",""拔牙后口腔组织需要一定时间愈合，期间应避免硬物啃咬和剧烈咀嚼。""]","[""狗目前吃饭、啃咬时有没有表现出疼痛或抗拒？"",""之前是否尝试过刷牙或使用洁牙产品，频率如何？"",""最近有没有打喷嚏、鼻塞或面部肿胀？""]",若目前没有红旗表现，可开始或维持温和的家庭刷牙，使用犬专用牙膏和软毛牙刷，每天一次；同时预约兽医进行口腔检查和牙周评估。若出现任一红旗表现，应立即就医或前往急诊。,"[""完全不吃不喝超过24小时"",""面部明显肿胀、单侧鼓起或眼眶下方流脓"",""持续出血不止或口腔内有明显肿块"",""精神萎靡、发热或呼吸急促"",""下巴明显不对称、无法正常闭口或触碰时剧烈惨叫（可能提示下颌骨病理性骨折）""]",犬牙周病管理；怎么给狗刷牙才正确；狗有牙结石怎么处理；犬牙周病管理怎么办；狗口臭是不是牙周病；狗拔牙后在家怎么照顾；狗牙龈出血要看医生吗；口臭明显或持续加重；牙齿表面有黄褐色或灰白色牙结石；牙龈红肿、出血或退缩；流口水增多或口水带血丝；咀嚼困难、偏侧咀嚼或进食时掉食；牙周病是犬最常见的口腔疾病之一，主要由牙菌斑和牙结石长期刺激牙龈及牙周组织引起。；家庭刷牙是减少牙菌斑、延缓牙结石形成的核心措施，通常需要使用犬专用牙膏和软毛牙刷。；牙结石一旦形成，无法通过刷牙或咀嚼零食可靠去除，通常需要在麻醉下由兽医进行专业洁治。；严重牙周病可导致牙齿松动、牙根感染甚至口鼻瘘，拔除无法保留的患牙是常见治疗方式。；拔牙后口腔组织需要一定时间愈合，期间应避免硬物啃咬和剧烈咀嚼。；完全不吃不喝超过24小时；面部明显肿胀、单侧鼓起或眼眶下方流脓；持续出血不止或口腔内有明显肿块；精神萎靡、发热或呼吸急促；下巴明显不对称、无法正常闭口或触碰时剧烈惨叫（可能提示下颌骨病理性骨折）。,"[{""source_id"":""PMC9774197"",""title"":""Revisiting Periodontal Disease in Dogs: How to Manage This New Old Problem?"",""url"":""https://pmc.ncbi.nlm.nih.gov/articles/PMC9774197/"",""license"":""CC BY 4.0"",""page_or_section"":""Abstract"",""verification_status"":""source_identity_license_and_locator_verified_2026-08-12; veterinary_claim_review_pending"",""support_note"":""中文内容为保守概括；来源用于支持主题、物种和风险边界，不代表个体诊断。"",""change_note"":""来源身份、商业许可、题名和定位已核对；未逐字复制。""}]",Only verified CC BY/CC0 evidence is retained; attribution and change notices are mandatory.,true,phrase_expansion_and_new_cards_applied_v1_7,blocked_pending_mainland_China_licensed_veterinarian_review,true,test,false,adcebb311a9286357511a240dc0d8167c0db2c08c5fafff75dfb29d63320d76d
V17-DOG-PAN-001,1.8.0-open-mvp-retrieval-and-safety-repair-draft,zh-CN,犬胰腺炎恢复期饮食,"[""dog""]",pancreatic_hepatobiliary,common_disease_health_education_and_triage,适用于犬胰腺炎出院后居家恢复期饮食管理，不替代兽医处方与复诊建议。,"[""犬胰腺炎恢复期饮食"",""犬胰腺炎恢复期饮食怎么办"",""狗狗胰腺炎恢复期吐了怎么办？"",""我家狗胰腺炎刚出院，能吃什么？"",""犬胰腺炎出院后怎么喂才不复发？"",""狗胰腺炎好了以后还能吃零食吗？"",""狗狗胰腺炎恢复期是不是一辈子只能吃处方粮？""]","[""食欲比生病时好转但挑食，需结合其他症状判断，若同时出现红旗体征应立即就医"",""吃少量食物后仍有打嗝或腹部紧绷表现，需结合其他症状判断，若同时出现红旗体征应立即就医"",""大便偏软、带油光或颜色变浅，需结合其他症状判断，若同时出现红旗体征应立即就医"",""精神尚可但容易累、不愿跑跳，需结合其他症状判断，若同时出现红旗体征应立即就医"",""进食后出现恶心、舔嘴、流口水，需结合其他症状判断，若同时出现红旗体征应立即就医""]","[""胰腺炎恢复期饮食核心为低脂、易消化、少量多餐。"",""高脂肪食物是已知的胰腺炎复发诱因之一。"",""恢复期通常建议优先选择兽用低脂胃肠道处方粮或兽医推荐的低脂粮。"",""任何额外零食、肉汤、餐桌食物都应在兽医确认前避免。"",""恢复期饮食调整需要数周，过早恢复正常饮食可能增加复发风险。""]","[""出院时兽医建议的是哪种粮，目前每天喂几顿、每顿大约多少？"",""最近一次进食后有没有呕吐、弓背或躲藏表现？"",""目前大便成形吗，颜色和气味与生病前有什么变化？""]",按兽医出院指导继续喂低脂粮，固定少量多餐，不添加任何额外食物或零食，并记录每顿食量、饮水、呕吐与大便情况供复诊参考。若出现一次软便或轻微恶心但精神尚可，可先暂停下一顿并联系兽医，不要自行长期禁食或随意更换粮。若出现任一红旗表现，应立即前往兽医急诊。,"[""反复呕吐或呕吐物带血"",""持续腹痛、祈祷姿势或拒绝趴下"",""呕吐频繁或完全无法进食"",""腹痛明显加重或出现祈祷姿势"",""精神明显变差、反应迟钝、无法站立或牙龈苍白"",""腹部明显胀大或腹围增加"",""眼白、牙龈或皮肤发黄"",""发热或体温升高"",""呼吸急促或异常"",""出现脱水征象如皮肤弹性差、眼窝凹陷""]",犬胰腺炎恢复期饮食；犬胰腺炎恢复期饮食怎么办；狗狗胰腺炎恢复期吐了怎么办？；我家狗胰腺炎刚出院，能吃什么？；犬胰腺炎出院后怎么喂才不复发？；狗胰腺炎好了以后还能吃零食吗？；狗狗胰腺炎恢复期是不是一辈子只能吃处方粮？；食欲比生病时好转但挑食，需结合其他症状判断，若同时出现红旗体征应立即就医；吃少量食物后仍有打嗝或腹部紧绷表现，需结合其他症状判断，若同时出现红旗体征应立即就医；大便偏软、带油光或颜色变浅，需结合其他症状判断，若同时出现红旗体征应立即就医；精神尚可但容易累、不愿跑跳，需结合其他症状判断，若同时出现红旗体征应立即就医；进食后出现恶心、舔嘴、流口水，需结合其他症状判断，若同时出现红旗体征应立即就医；胰腺炎恢复期饮食核心为低脂、易消化、少量多餐。；高脂肪食物是已知的胰腺炎复发诱因之一。；恢复期通常建议优先选择兽用低脂胃肠道处方粮或兽医推荐的低脂粮。；任何额外零食、肉汤、餐桌食物都应在兽医确认前避免。；恢复期饮食调整需要数周，过早恢复正常饮食可能增加复发风险。；反复呕吐或呕吐物带血；持续腹痛、祈祷姿势或拒绝趴下；呕吐频繁或完全无法进食；腹痛明显加重或出现祈祷姿势；精神明显变差、反应迟钝、无法站立或牙龈苍白；腹部明显胀大或腹围增加；眼白、牙龈或皮肤发黄；发热或体温升高；呼吸急促或异常；出现脱水征象如皮肤弹性差、眼窝凹陷。,"[{""source_id"":""DOI-10.3390-ani12121581"",""title"":""Risk Factors and Clinical Presentation in Dogs with Increased Pancreatic Lipase Immunoreactivity Concentrations"",""url"":""https://www.mdpi.com/2076-2615/12/12/1581"",""license"":""CC BY 4.0"",""page_or_section"":""Abstract"",""verification_status"":""source_identity_license_and_locator_verified_2026-08-12; veterinary_claim_review_pending"",""support_note"":""中文内容为保守概括；来源用于支持主题、物种和风险边界，不代表个体诊断。"",""change_note"":""来源身份、商业许可、题名和定位已核对；未逐字复制。""}]",Only verified CC BY/CC0 evidence is retained; attribution and change notices are mandatory.,true,phrase_expansion_and_new_cards_applied_v1_7,blocked_pending_mainland_China_licensed_veterinarian_review,true,test,false,2cc9f816aa6582e95c99ff407f27020f58931da1ea1c2cf5bf78cd4ea4dab5e3
V17-DOG-MSK-001,1.8.0-open-mvp-retrieval-and-safety-repair-draft,zh-CN,犬后腿无力与爬楼困难,"[""dog""]",musculoskeletal,common_disease_health_education_and_triage,适用于慢性或短期出现的犬后腿无力、跛行和爬楼困难的初步居家管理与就医决策参考，不替代兽医诊疗。,"[""犬后腿无力与爬楼困难"",""犬后腿无力与爬楼困难怎么办"",""我家狗后腿突然没劲，爬楼梯特别费劲是怎么了？"",""老狗后腿站不稳，起来的时候很吃力，是缺钙吗？"",""狗狗最近不愿意爬楼了，后腿有点拖着走，要紧吗？"",""狗走路一瘸一拐的，后腿好像使不上力，要怎么办？""]","[""爬楼梯犹豫或拒绝，需要用前腿把自己拽上去"",""起身或躺下时显得僵硬、缓慢"",""行走时后腿一瘸一拐或步态不协调"",""后腿肌肉看起来比前腿明显变薄"",""在光滑地面容易打滑或不敢走""]","[""退行性关节病是老年犬后腿无力和跛行的常见原因之一，属于慢性进展性问题。"",""体重过重会增加髋、膝等后肢关节的负荷，可能加重跛行和活动困难。"",""光滑的地面会降低犬只后肢的抓地力，可能让原本就无力的后腿更不敢用力。"",""后腿长期少用可导致肌肉萎缩，使无力表现更加明显。"",""突发的双后腿无力或站立不能也可能提示脊髓或神经问题，需要尽快评估。""]","[""它走路时是一条后腿明显不敢用力或跛行，还是两条后腿都显得无力、站不稳？"",""这种情况是最近几天突然出现，还是已经持续了好几周或几个月？"",""它最近有没有受过伤，或者有没有其他异常，比如不吃饭、发烧或大小便困难？""]",先做好地面防滑和减少爬楼，控制体重。若出现下方任一红旗表现，请立即就医或前往急诊；尤其是后腿突然完全不能站立或拖行并伴随痛觉减弱或消失，可能提示脊髓或神经急症，应立即联系急诊。若无红旗，可预约兽医进行后肢关节和神经评估。,"[""后腿突然完全不能站立或拖行（尤其伴随痛觉减弱或消失）"",""突然无法排尿或排尿困难"",""明显疼痛、发抖或不愿被触碰后腿"",""伴随精神变差、发烧或呼吸急促""]",犬后腿无力与爬楼困难；犬后腿无力与爬楼困难怎么办；我家狗后腿突然没劲，爬楼梯特别费劲是怎么了？；老狗后腿站不稳，起来的时候很吃力，是缺钙吗？；狗狗最近不愿意爬楼了，后腿有点拖着走，要紧吗？；狗走路一瘸一拐的，后腿好像使不上力，要怎么办？；爬楼梯犹豫或拒绝，需要用前腿把自己拽上去；起身或躺下时显得僵硬、缓慢；行走时后腿一瘸一拐或步态不协调；后腿肌肉看起来比前腿明显变薄；在光滑地面容易打滑或不敢走；退行性关节病是老年犬后腿无力和跛行的常见原因之一，属于慢性进展性问题。；体重过重会增加髋、膝等后肢关节的负荷，可能加重跛行和活动困难。；光滑的地面会降低犬只后肢的抓地力，可能让原本就无力的后腿更不敢用力。；后腿长期少用可导致肌肉萎缩，使无力表现更加明显。；突发的双后腿无力或站立不能也可能提示脊髓或神经问题，需要尽快评估。；后腿突然完全不能站立或拖行（尤其伴随痛觉减弱或消失）；突然无法排尿或排尿困难；明显疼痛、发抖或不愿被触碰后腿；伴随精神变差、发烧或呼吸急促。,"[{""source_id"":""PMC9499673"",""title"":""A 2022 Systematic Review and Meta-Analysis of Enriched Therapeutic Diets and Nutraceuticals in Canine and Feline Osteoarthritis"",""url"":""https://pmc.ncbi.nlm.nih.gov/articles/PMC9499673/"",""license"":""CC BY 4.0"",""page_or_section"":""Abstract"",""verification_status"":""source_identity_license_and_locator_verified_2026-08-12; veterinary_claim_review_pending"",""support_note"":""中文内容为保守概括；来源用于支持主题、物种和风险边界，不代表个体诊断。"",""change_note"":""来源身份、商业许可、题名和定位已核对；未逐字复制。""},{""source_id"":""PMC7071134"",""title"":""Pain and Problem Behavior in Cats and Dogs"",""url"":""https://pmc.ncbi.nlm.nih.gov/articles/PMC7071134/"",""license"":""CC BY"",""page_or_section"":""Abstract"",""verification_status"":""source_identity_license_and_locator_verified_2026-08-12; veterinary_claim_review_pending"",""support_note"":""中文内容为保守概括；来源用于支持主题、物种和风险边界，不代表个体诊断。"",""change_note"":""来源身份、商业许可、题名和定位已核对；未逐字复制。""}]",Only verified CC BY/CC0 evidence is retained; attribution and change notices are mandatory.,true,phrase_expansion_and_new_cards_applied_v1_7,blocked_pending_mainland_China_licensed_veterinarian_review,true,test,false,fb42bc20cf6e178fb717526bd6531f9ebbf1965c36d93e1e5901dc0a02906497
V17-DOG-VAX-001,1.8.0-open-mvp-retrieval-and-safety-repair-draft,zh-CN,犬疫苗接种后不良反应观察,"[""dog""]",preventive_care,common_disease_health_education_and_triage,适用于健康犬接种常规疫苗后的家庭观察与初步判断，不替代兽医诊断，不涉及具体疫苗品牌、剂量或用药处理。,"[""狗狗打完疫苗有点蔫正常吗"",""小狗打完疫苗当天不吃饭了"",""狗疫苗后注射部位起包怎么办"",""狗打完疫苗后呕吐要不要去医院"",""狗狗打疫苗后脸肿了是怎么回事""]","[""精神比平时稍差、爱睡觉"",""食欲暂时下降"",""注射部位轻度肿胀或有小硬结"",""注射部位轻微触痛"",""偶见一次软便"",""注射部位发红或摸起来比周围皮肤热""]","[""疫苗接种后24-48小时内出现轻度嗜睡、食欲减退属于常见反应。"",""注射部位局部肿胀通常较软、范围小，多数在数天至数周内自行消退。"",""急性过敏反应多在接种后数分钟至数小时内出现，主要表现为面部肿胀、荨麻疹、呕吐、腹泻或塌陷。"",""既往对疫苗有过敏反应的犬，再次接种同类疫苗时发生反应的风险会升高。"",""持续超过48小时不缓解的萎靡或反复呕吐不属于普通轻度反应。""]","[""狗狗打完疫苗后最早出现异常是在接种后多久？"",""除了精神食欲变化，有没有注意到脸、眼睛周围或皮肤有什么不一样？"",""狗狗上一次接种同类疫苗时有无异常反应？""]",如仅有轻度精神变差、食欲稍减或注射部位小硬结，可在家中安静观察24-48小时，不剧烈运动，保证饮水。如出现任一红旗表现，应立即就医或前往急诊。,"[""面部、眼睑或喉部明显肿胀"",""呼吸困难、喘息或频繁咳嗽"",""反复呕吐或严重腹泻"",""突然虚脱、瘫软或意识异常"",""全身性荨麻疹或皮肤严重发红瘙痒"",""注射部位红肿热痛加剧、脓肿形成或硬结快速增大"",""超过48小时的持续萎靡、反复呕吐或腹泻加重""]",犬疫苗接种后不良反应观察；狗狗打完疫苗有点蔫正常吗；小狗打完疫苗当天不吃饭了；狗疫苗后注射部位起包怎么办；狗打完疫苗后呕吐要不要去医院；狗狗打疫苗后脸肿了是怎么回事；精神比平时稍差、爱睡觉；食欲暂时下降；注射部位轻度肿胀或有小硬结；注射部位轻微触痛；偶见一次软便；注射部位发红或摸起来比周围皮肤热；疫苗接种后24-48小时内出现轻度嗜睡、食欲减退属于常见反应。；注射部位局部肿胀通常较软、范围小，多数在数天至数周内自行消退。；急性过敏反应多在接种后数分钟至数小时内出现，主要表现为面部肿胀、荨麻疹、呕吐、腹泻或塌陷。；既往对疫苗有过敏反应的犬，再次接种同类疫苗时发生反应的风险会升高。；持续超过48小时不缓解的萎靡或反复呕吐不属于普通轻度反应。；面部、眼睑或喉部明显肿胀；呼吸困难、喘息或频繁咳嗽；反复呕吐或严重腹泻；突然虚脱、瘫软或意识异常；全身性荨麻疹或皮肤严重发红瘙痒；注射部位红肿热痛加剧、脓肿形成或硬结快速增大；超过48小时的持续萎靡、反复呕吐或腹泻加重。,"[{""source_id"":""PMC7910975"",""title"":""Early Life Vaccination of Companion Animal Pets"",""url"":""https://pmc.ncbi.nlm.nih.gov/articles/PMC7910975/"",""license"":""CC BY 4.0"",""page_or_section"":""Abstract"",""verification_status"":""source_identity_license_and_locator_verified_2026-08-12; veterinary_claim_review_pending"",""support_note"":""中文内容为保守概括；来源用于支持主题、物种和风险边界，不代表个体诊断。"",""change_note"":""来源身份、商业许可、题名和定位已核对；未逐字复制。""}]",Only verified CC BY/CC0 evidence is retained; attribution and change notices are mandatory.,true,phrase_expansion_and_new_cards_applied_v1_7,blocked_pending_mainland_China_licensed_veterinarian_review,true,test,false,6a289a0b8993af6091540b5ef16976a99beb621d2ece54dce36191774c33d843
V17-DOG-PED-001,1.8.0-open-mvp-retrieval-and-safety-repair-draft,zh-CN,幼犬社会化与早期行为,"[""dog""]",pediatrics,common_disease_health_education_and_triage,适用于16周龄以内幼犬的早期社会化与基础行为观察。不替代兽医师对异常行为、疼痛或神经系统问题的诊断，也不涉及具体训练处方或药物剂量。,"[""幼犬社会化与早期行为"",""幼犬社会化与早期行为怎么办"",""疫苗没打完能带幼犬出门吗？"",""幼犬看见陌生人就躲怎么办？"",""小狗多大开始社会化比较好？"",""在家怎么给幼犬做社会化训练？"",""怎么判断小狗是害怕还是累了？""]","[""幼犬遇到新的人、声音或环境时身体压低、尾巴夹紧"",""出现舔唇、打哈欠、撇头、露眼白等应激或恐惧信号"",""玩一会儿后突然躺下、不再回应呼唤、躲到角落"",""对陌生事物短暂退缩但能被食物引导回来，或持续躲避、低吼"",""每天短时间接触不同地面、声音和物品后逐渐放松""]","[""幼犬社会化窗口期大致在3到14周龄，部分个体可能延续至16周龄，此阶段的经历对后续行为有长期影响。"",""疫苗未完成前，可选择低风险方式进行社会化，如怀抱外出、推车外出、在清洁环境中短时接触。"",""循序渐进、由低强度到高强度地引入新刺激，更有利于幼犬形成稳定的情绪反应。"",""恐惧信号包括舔唇、打哈欠、撇头、身体僵硬、夹尾、露出眼白等，出现时应降低刺激强度。"",""社会化不仅限于接触其他狗，也包括不同地面、声音、人员着装、日常物品和短暂独处等。""]","[""幼犬现在多大，疫苗接种到哪一针了？"",""面对新刺激时，它是短暂退缩但能恢复，还是持续躲避、发抖或攻击？"",""近期是否有过被大狗扑、被巨响吓到或被强行抱起等经历？""]",在家用食物引导进行低强度脱敏，每次2到5分钟，以幼犬主动探索并保持放松为准；疫苗完成前仅选择怀抱、推车或清洁地面等低风险外出方式。出现任一红旗表现，应立即停止互动并尽快联系兽医师评估；若幼犬出现意识丧失、抽搐或无法站立，应立即急诊。,"[""对轻微刺激也持续哀叫、攻击，或精神萎靡并伴有其他全身症状（如食欲下降、呕吐、腹泻）或无法安抚"",""出现食欲明显下降、呕吐、腹泻或呼吸急促"",""突然的行为改变，如原本亲人变得躲藏或攻击"",""幼犬在互动中丧失意识、抽搐或无法站立""]",幼犬社会化与早期行为；幼犬社会化与早期行为怎么办；疫苗没打完能带幼犬出门吗？；幼犬看见陌生人就躲怎么办？；小狗多大开始社会化比较好？；在家怎么给幼犬做社会化训练？；怎么判断小狗是害怕还是累了？；幼犬遇到新的人、声音或环境时身体压低、尾巴夹紧；出现舔唇、打哈欠、撇头、露眼白等应激或恐惧信号；玩一会儿后突然躺下、不再回应呼唤、躲到角落；对陌生事物短暂退缩但能被食物引导回来，或持续躲避、低吼；每天短时间接触不同地面、声音和物品后逐渐放松；幼犬社会化窗口期大致在3到14周龄，部分个体可能延续至16周龄，此阶段的经历对后续行为有长期影响。；疫苗未完成前，可选择低风险方式进行社会化，如怀抱外出、推车外出、在清洁环境中短时接触。；循序渐进、由低强度到高强度地引入新刺激，更有利于幼犬形成稳定的情绪反应。；恐惧信号包括舔唇、打哈欠、撇头、身体僵硬、夹尾、露出眼白等，出现时应降低刺激强度。；社会化不仅限于接触其他狗，也包括不同地面、声音、人员着装、日常物品和短暂独处等。；对轻微刺激也持续哀叫、攻击，或精神萎靡并伴有其他全身症状（如食欲下降、呕吐、腹泻）或无法安抚；出现食欲明显下降、呕吐、腹泻或呼吸急促；突然的行为改变，如原本亲人变得躲藏或攻击；幼犬在互动中丧失意识、抽搐或无法站立。,"[{""source_id"":""PMC7826566"",""title"":""A Review on Mitigating Fear and Aggression in Dogs and Cats in a Veterinary Setting"",""url"":""https://pmc.ncbi.nlm.nih.gov/articles/PMC7826566/"",""license"":""CC BY 4.0"",""page_or_section"":""Abstract"",""verification_status"":""source_identity_license_and_locator_verified_2026-08-12; veterinary_claim_review_pending"",""support_note"":""中文内容为保守概括；来源用于支持主题、物种和风险边界，不代表个体诊断。"",""change_note"":""来源身份、商业许可、题名和定位已核对；未逐字复制。""},{""source_id"":""PMC9951692"",""title"":""Factors Affecting Gut Microbiota of Puppies from Birth to Weaning"",""url"":""https://pmc.ncbi.nlm.nih.gov/articles/PMC9951692/"",""license"":""CC BY 4.0"",""page_or_section"":""Abstract"",""verification_status"":""source_identity_license_and_locator_verified_2026-08-12; veterinary_claim_review_pending"",""support_note"":""中文内容为保守概括；来源用于支持主题、物种和风险边界，不代表个体诊断。"",""change_note"":""来源身份、商业许可、题名和定位已核对；未逐字复制。""}]",Only verified CC BY/CC0 evidence is retained; attribution and change notices are mandatory.,true,phrase_expansion_and_new_cards_applied_v1_7,blocked_pending_mainland_China_licensed_veterinarian_review,true,test,false,c6220e63d85bb8a9934fb9b0c9c6505df1b4a9912a13eb0e282ac783750faac6
V17-DOG-GDV-001,1.8.0-open-mvp-retrieval-and-safety-repair-draft,zh-CN,犬急性胃胀扭转警示,"[""dog""]",gastrointestinal,common_disease_health_education_and_triage,适用于犬疑似胃扩张扭转的早期警示与急诊判断，不包含诊断操作、药物或手术细节，不可替代兽医急诊处理。,"[""犬急性胃胀扭转警示"",""犬急性胃胀扭转警示怎么办"",""深胸的狗吃完饭跑跳后肚子变硬变鼓"",""狗狗想吐吐不出，坐立不安，一直流口水"",""我家狗一直干呕但吐不出来，肚子还鼓起来了"",""大狗吃完饭突然肚子胀得很大，是不是胃胀气？""]","[""反复干呕或作呕但吐不出内容物"",""腹部明显膨大、鼓胀，叩击有空鼓感"",""坐立不安、来回踱步、无法安卧"",""大量流口水、呼吸急促"",""精神迅速变差、牙龈苍白""]","[""犬胃扩张扭转是胃内容物（气体、液体或食糜）积聚并发生旋转，属于致命性急症"",""胃发生扭转后血供中断，可在短时间内出现胃壁坏死和全身中毒""]","[""从发现异常到现在大概多久了？"",""狗最近一次进食和饮水是什么时候，吃了什么？"",""有没有在进食后剧烈跑动、跳跃或大量饮水？""]",立即停止喂食喂水，不要试图自行催吐或按压腹部，立即带狗前往最近的宠物急诊。若主人观察到任何一条红旗表现，应视为紧急情况，立即就医或急诊，不要在家继续观察。,"[""反复干呕但无法吐出任何东西"",""腹部快速鼓胀或变硬"",""腹部明显鼓胀或叩击有空鼓感"",""精神萎靡、无法站立或虚脱"",""牙龈苍白、呼吸极度困难""]",犬急性胃胀扭转警示；犬急性胃胀扭转警示怎么办；深胸的狗吃完饭跑跳后肚子变硬变鼓；狗狗想吐吐不出，坐立不安，一直流口水；我家狗一直干呕但吐不出来，肚子还鼓起来了；大狗吃完饭突然肚子胀得很大，是不是胃胀气？；反复干呕或作呕但吐不出内容物；腹部明显膨大、鼓胀，叩击有空鼓感；坐立不安、来回踱步、无法安卧；大量流口水、呼吸急促；精神迅速变差、牙龈苍白；犬胃扩张扭转是胃内容物（气体、液体或食糜）积聚并发生旋转，属于致命性急症；胃发生扭转后血供中断，可在短时间内出现胃壁坏死和全身中毒；反复干呕但无法吐出任何东西；腹部快速鼓胀或变硬；腹部明显鼓胀或叩击有空鼓感；精神萎靡、无法站立或虚脱；牙龈苍白、呼吸极度困难。,"[{""source_id"":""PMC11851494"",""title"":""Gastric Dilatation-Volvulus in Dogs: Analysis of 130 Cases in a Single Institution"",""url"":""https://pmc.ncbi.nlm.nih.gov/articles/PMC11851494/"",""license"":""CC BY 4.0"",""page_or_section"":""Abstract"",""verification_status"":""source_identity_license_and_locator_verified_2026-08-12; veterinary_claim_review_pending"",""support_note"":""中文内容为保守概括；来源用于支持主题、物种和风险边界，不代表个体诊断。"",""change_note"":""来源身份、商业许可、题名和定位已核对；未逐字复制。""}]",Only verified CC BY/CC0 evidence is retained; attribution and change notices are mandatory.,true,phrase_expansion_and_new_cards_applied_v1_7,blocked_pending_mainland_China_licensed_veterinarian_review,true,test,false,4565ac7df640e6ba9c23052e519e4123a2314938b44957bcff59e419b6191469
V17-DOG-REP-001,1.8.0-open-mvp-retrieval-and-safety-repair-draft,zh-CN,母犬产后乳腺炎,"[""dog""]",reproductive,common_disease_health_education_and_triage,适用于产后哺乳期母犬乳腺局部的红肿热痛、乳汁异常、拒绝哺乳及相关全身症状的初步识别与家庭应对决策。不涉及具体药物剂量、穿刺排脓等兽医操作，也不取代临床检查与诊断。,"[""母犬产后乳腺炎"",""母犬产后乳腺炎怎么办"",""小狗吃完奶后母犬的乳房还是胀得厉害"",""母狗乳头周围摸起来很烫，精神也不太好"",""狗狗喂奶时好像很痛，不爱让小狗吃奶了"",""产后母犬的奶水颜色不对，还发烧了怎么办"",""母狗生完小狗后乳房又红又硬，是不是发炎了""]","[""一侧或多个乳腺明显肿胀、发红、触摸时感觉发热"",""母犬因疼痛拒绝给幼犬喂奶或频繁起身躲开"",""乳汁呈黄色、绿色、带血丝或有脓性分泌物"",""精神沉郁、食欲下降、不愿活动"",""患部乳腺出现红肿、热痛、硬结，严重时可形成脓肿"",""可能伴有体温升高，耳根、腹部摸起来发烫仅为个人主观感受，建议使用体温计测量确认""]","[""产后乳腺炎是母犬哺乳期常见的细菌感染性疾病，主要源于细菌经乳头或皮肤破损处侵入乳腺。"",""乳汁淤积、乳房外伤、幼犬抓伤咬伤、环境不洁等因素会增加发病风险。"",""患病母犬可能因疼痛中断哺乳，导致乳汁进一步蓄积，加重炎症。"",""全身性症状如发热、精神差提示感染可能已扩散，需要及时就医。""]","[""目前母犬体温是多少（如已测量），精神状态和食欲如何？"",""异常乳汁是什么颜色或性状，是从单个还是多个乳腺发现？"",""幼犬现在出生多少天了？""]",暂停让幼犬吸吮已明显红肿、有异常分泌物的乳腺，可尝试用温毛巾湿敷（以不烫手为宜）帮助缓解局部不适，同时注意保持犬舍及乳头区域清洁干燥。暂停患侧乳腺哺乳的同时，应确保幼犬可从其他健康乳腺获得足够奶水；若母犬无法正常哺乳，需及时向兽医咨询幼犬代乳方案。若母犬出现任一红旗症状，应立即就医或急诊；若乳腺异常持续超过24小时未见缓解，也应尽快到兽医处检查。暂勿自行挤压或按摩硬块，以免加重感染扩散。,"[""乳腺迅速增大、局部呈紫黑色或出现坏死、破溃"",""流出大量脓性、血性或恶臭分泌物"",""持续发热（如体温≥39.7℃且持续不退）或发热同时伴有精神萎靡、呼吸急促或呕吐"",""乳腺内有明显波动感，提示可能形成脓肿"",""母犬完全拒食、虚弱无力或出现抽搐""]",母犬产后乳腺炎；母犬产后乳腺炎怎么办；小狗吃完奶后母犬的乳房还是胀得厉害；母狗乳头周围摸起来很烫，精神也不太好；狗狗喂奶时好像很痛，不爱让小狗吃奶了；产后母犬的奶水颜色不对，还发烧了怎么办；母狗生完小狗后乳房又红又硬，是不是发炎了；一侧或多个乳腺明显肿胀、发红、触摸时感觉发热；母犬因疼痛拒绝给幼犬喂奶或频繁起身躲开；乳汁呈黄色、绿色、带血丝或有脓性分泌物；精神沉郁、食欲下降、不愿活动；患部乳腺出现红肿、热痛、硬结，严重时可形成脓肿；可能伴有体温升高，耳根、腹部摸起来发烫仅为个人主观感受，建议使用体温计测量确认；产后乳腺炎是母犬哺乳期常见的细菌感染性疾病，主要源于细菌经乳头或皮肤破损处侵入乳腺。；乳汁淤积、乳房外伤、幼犬抓伤咬伤、环境不洁等因素会增加发病风险。；患病母犬可能因疼痛中断哺乳，导致乳汁进一步蓄积，加重炎症。；全身性症状如发热、精神差提示感染可能已扩散，需要及时就医。；乳腺迅速增大、局部呈紫黑色或出现坏死、破溃；流出大量脓性、血性或恶臭分泌物；持续发热（如体温≥39.7℃且持续不退）或发热同时伴有精神萎靡、呼吸急促或呕吐；乳腺内有明显波动感，提示可能形成脓肿；母犬完全拒食、虚弱无力或出现抽搐。,"[{""source_id"":""PMC10266749"",""title"":""Lactation in domestic carnivores"",""url"":""https://pmc.ncbi.nlm.nih.gov/articles/PMC10266749/"",""license"":""CC BY 4.0"",""page_or_section"":""Abstract"",""verification_status"":""source_identity_license_and_locator_verified_2026-08-12; veterinary_claim_review_pending"",""support_note"":""中文内容为保守概括；来源用于支持主题、物种和风险边界，不代表个体诊断。"",""change_note"":""来源身份、商业许可、题名和定位已核对；未逐字复制。""}]",Only verified CC BY/CC0 evidence is retained; attribution and change notices are mandatory.,true,phrase_expansion_and_new_cards_applied_v1_7,blocked_pending_mainland_China_licensed_veterinarian_review,true,test,false,4ff50e20623968de4261d38817fd801408a5c3b6aae6edcf7cdd11604275118a
V17-DOG-SEN-001,1.8.0-open-mvp-retrieval-and-safety-repair-draft,zh-CN,犬认知障碍（脑老化）,"[""dog""]",senior_cognitive,common_disease_health_education_and_triage,适用于10岁以上出现认知或行为变化的老龄犬，重点涵盖夜间不安、定向力下降及相关行为表现与非药物管理方向，不替代兽医诊断，不提供具体药物或剂量。,"[""犬认知障碍"",""犬认知障碍怎么办"",""老狗半夜对着墙发呆正常吗"",""狗狗年纪大了好像不认识我了"",""老年犬白天睡晚上闹是痴呆了吗"",""十几岁的狗突然在家里乱拉乱尿"",""我家老狗晚上不睡觉一直转圈叫怎么办""]","[""夜间或凌晨频繁醒来、踱步、吠叫或哀鸣"",""在家中迷失方向，卡在角落或家具后面出不来"",""对熟悉的人、指令或环境反应减弱，像不认识一样"",""原本定点大小便的习惯退化，出现室内排泄"",""白天睡眠增多，昼夜节律颠倒""]","[""犬认知障碍是一种与年龄相关的进行性神经退行性问题，常见于10岁以上犬只。"",""核心表现包括定向力下降、社交互动改变、睡眠-觉醒周期紊乱、室内排泄习惯退化及活动水平变化。"",""夜间不安和认知障碍的表现可能与疼痛有关，关节痛、牙痛等慢性疼痛也会导致夜间踱步和叫。"",""诊断需先排除疼痛、感染、代谢病、视听障碍等其他可治疗原因，不能仅凭行为表现直接断定。"",""夜间保持环境安静、昏暗但可辨认，避免频繁开关灯或大幅度移动物品，必要时保留夜灯或熟悉的睡眠区域，可能有助于部分改善睡眠节律。""]","[""最近是否由兽医评估过疼痛问题，比如关节、牙齿或脊柱？"",""夜间不安发作时，是否伴随某个特定动作？"",""这些症状是从什么时候开始明显加重的？进展速度如何？""]",若出现任何红旗表现，应立即就医或急诊。若暂无红旗但症状持续不减或明显影响犬只休息，应尽快（24-48小时内）安排兽医评估，而非等到常规体检时间；重点排查疼痛（关节、口腔、脊柱等）和基础疾病。同时开始记录夜间不安发作时间、持续时长、触发情境及大小便情况，便于后续评估。日常可保持固定作息，白天给予适度活动和短时互动，夜间尽量减少不必要的打扰。,"[""突然无法站立或跌倒"",""持续嚎叫且无法安抚，疑似剧烈疼痛"",""出现抽搐、意识丧失或呼吸异常"",""超过24小时不进食或明显精神沉郁""]",犬认知障碍（脑老化）；犬认知障碍；犬认知障碍怎么办；老狗半夜对着墙发呆正常吗；狗狗年纪大了好像不认识我了；老年犬白天睡晚上闹是痴呆了吗；十几岁的狗突然在家里乱拉乱尿；我家老狗晚上不睡觉一直转圈叫怎么办；夜间或凌晨频繁醒来、踱步、吠叫或哀鸣；在家中迷失方向，卡在角落或家具后面出不来；对熟悉的人、指令或环境反应减弱，像不认识一样；原本定点大小便的习惯退化，出现室内排泄；白天睡眠增多，昼夜节律颠倒；犬认知障碍是一种与年龄相关的进行性神经退行性问题，常见于10岁以上犬只。；核心表现包括定向力下降、社交互动改变、睡眠-觉醒周期紊乱、室内排泄习惯退化及活动水平变化。；夜间不安和认知障碍的表现可能与疼痛有关，关节痛、牙痛等慢性疼痛也会导致夜间踱步和叫。；诊断需先排除疼痛、感染、代谢病、视听障碍等其他可治疗原因，不能仅凭行为表现直接断定。；夜间保持环境安静、昏暗但可辨认，避免频繁开关灯或大幅度移动物品，必要时保留夜灯或熟悉的睡眠区域，可能有助于部分改善睡眠节律。；突然无法站立或跌倒；持续嚎叫且无法安抚，疑似剧烈疼痛；出现抽搐、意识丧失或呼吸异常；超过24小时不进食或明显精神沉郁。,"[{""source_id"":""PMC12390195"",""title"":""Diagnosis of Canine Cognitive Dysfunction Syndrome: A Narrative Review"",""url"":""https://pmc.ncbi.nlm.nih.gov/articles/PMC12390195/"",""license"":""CC BY 4.0"",""page_or_section"":""Abstract"",""verification_status"":""source_identity_license_and_locator_verified_2026-08-12; veterinary_claim_review_pending"",""support_note"":""中文内容为保守概括；来源用于支持主题、物种和风险边界，不代表个体诊断。"",""change_note"":""来源身份、商业许可、题名和定位已核对；未逐字复制。""}]",Only verified CC BY/CC0 evidence is retained; attribution and change notices are mandatory.,true,phrase_expansion_and_new_cards_applied_v1_7,blocked_pending_mainland_China_licensed_veterinarian_review,true,test,false,f16d07e5b078859857719663d30441f1645382186d8605fa8bb02e0c51487ac1
V17-CAT-INF-001,1.8.0-open-mvp-retrieval-and-safety-repair-draft,zh-CN,猫鼻支（猫疱疹病毒感染）,"[""cat""]",infectious,common_disease_health_education_and_triage,适用于怀疑或已确诊猫疱疹病毒感染的居家观察、安全护理和就医判断，不替代兽医诊断，不提供具体用药或剂量。,"[""猫鼻支"",""猫鼻支怎么办"",""猫鼻支会传染给其他猫吗"",""小猫鼻支反反复复怎么护理"",""猫眼睛红肿有眼屎是不是猫鼻支"",""家里猫应激后开始打喷嚏怎么办"",""猫一直打喷嚏流鼻涕是感冒还是鼻支""]","[""频繁打喷嚏，有时连打多个"",""眼睛发红、流泪，眼周有黏性或脓性分泌物"",""鼻孔周围有清亮或黄绿色鼻涕，可能有鼻塞呼吸声"",""精神变差、食欲下降，小猫尤其明显"",""症状时好时坏，在搬家、来客、换粮等应激后复发或加重""]","[""猫鼻支通常由猫疱疹病毒1型（FHV-1）引起，是猫常见的上呼吸道感染之一"",""该病毒可长期潜伏在猫体内，在应激、抵抗力下降时再次活跃，因此症状可能反复出现"",""病毒主要通过猫之间的眼鼻分泌物和唾液直接接触传播，不会传染给人"",""幼猫、多猫环境中的猫、免疫不全的猫感染后症状往往更明显"",""多数预后良好，但重症或继发细菌感染时需要兽医介入治疗""]","[""眼睛或鼻子分泌物是什么颜色？"",""分泌物是偏稀还是偏稠？""]",保持猫处于安静、温暖、无强应激的环境，用温热湿软布轻轻清理眼鼻周围分泌物，可尝试温热食物或提供猫原本爱吃的湿粮以改善适口性，并保证饮水。若出现任一红旗表现，应立即就医或前往急诊。,"[""张口呼吸、呼吸费力或呼吸声音异常"",""完全不吃不喝超过24小时"",""眼睛表面出现白斑、浑浊或猫频繁抓蹭眼睛"",""猫频繁眯眼、畏光、眼睑痉挛"",""黄绿色脓性鼻涕持续加重或单侧鼻孔流脓"",""持续高热、精神萎靡、反应迟钝""]",猫鼻支（猫疱疹病毒感染）；猫鼻支；猫鼻支怎么办；猫鼻支会传染给其他猫吗；小猫鼻支反反复复怎么护理；猫眼睛红肿有眼屎是不是猫鼻支；家里猫应激后开始打喷嚏怎么办；猫一直打喷嚏流鼻涕是感冒还是鼻支；频繁打喷嚏，有时连打多个；眼睛发红、流泪，眼周有黏性或脓性分泌物；鼻孔周围有清亮或黄绿色鼻涕，可能有鼻塞呼吸声；精神变差、食欲下降，小猫尤其明显；症状时好时坏，在搬家、来客、换粮等应激后复发或加重；猫鼻支通常由猫疱疹病毒1型（FHV-1）引起，是猫常见的上呼吸道感染之一；该病毒可长期潜伏在猫体内，在应激、抵抗力下降时再次活跃，因此症状可能反复出现；病毒主要通过猫之间的眼鼻分泌物和唾液直接接触传播，不会传染给人；幼猫、多猫环境中的猫、免疫不全的猫感染后症状往往更明显；多数预后良好，但重症或继发细菌感染时需要兽医介入治疗；张口呼吸、呼吸费力或呼吸声音异常；完全不吃不喝超过24小时；眼睛表面出现白斑、浑浊或猫频繁抓蹭眼睛；猫频繁眯眼、畏光、眼睑痉挛；黄绿色脓性鼻涕持续加重或单侧鼻孔流脓；持续高热、精神萎靡、反应迟钝。,"[{""source_id"":""PMC11405337"",""title"":""Feline respiratory disease complex: insights into the role of viral and bacterial co-infections"",""url"":""https://pmc.ncbi.nlm.nih.gov/articles/PMC11405337/"",""license"":""CC BY 4.0"",""page_or_section"":""Abstract"",""verification_status"":""source_identity_license_and_locator_verified_2026-08-12; veterinary_claim_review_pending"",""support_note"":""中文内容为保守概括；来源用于支持主题、物种和风险边界，不代表个体诊断。"",""change_note"":""来源身份、商业许可、题名和定位已核对；未逐字复制。""}]",Only verified CC BY/CC0 evidence is retained; attribution and change notices are mandatory.,true,phrase_expansion_and_new_cards_applied_v1_7,blocked_pending_mainland_China_licensed_veterinarian_review,true,test,false,696e36faab3ffc5e12db266ff7fdd2f1d1dd54b631c27b90ab42af566aad2409
V17-CAT-INF-002,1.8.0-open-mvp-retrieval-and-safety-repair-draft,zh-CN,猫瘟家庭隔离与消毒,"[""cat""]",infectious,common_disease_health_education_and_triage,适用于疑似或确诊猫瘟患猫家庭的环境隔离、消毒参考及风险提示；不替代兽医诊断与治疗。,"[""猫瘟家庭隔离与消毒"",""猫瘟病毒在屋里能活多久？"",""猫瘟后多久能接新猫回家？"",""猫瘟家庭隔离与消毒怎么办"",""猫瘟好了以后家里怎么消毒？"",""家里一只猫得了猫瘟，其他猫怎么办？"",""没打疫苗的小猫接触了猫瘟病毒要紧吗？""]","[""病猫出现频繁呕吐、腹泻，粪便可能带血或有特殊腥臭味"",""精神萎靡、嗜睡、对食物和玩具失去兴趣"",""体温升高，耳朵和爪垫摸起来发烫"",""明显流口水或长时间趴在饮水盆旁但不喝水"",""家中其他猫（尤其是幼猫）出现类似消化道症状""]","[""在适宜环境条件下可存活数月甚至超过一年""]","[""病猫是否接种过猫三联疫苗，接种过几次，最近一次是什么时候？""]",如无条件立即就医：将病猫单独隔离在易清洁的房间（如卫生间），避免与其他猫接触；照护病猫时穿戴一次性手套和罩衣；出隔离区后，鞋底可用含氯消毒液浸泡或擦拭，双手应使用肥皂或洗手液规范洗手，不建议用含氯消毒液直接接触皮肤；未免疫猫应尽快联系兽医评估暴露风险；环境消毒可选用对猫瘟病毒有效的含氯消毒剂，按产品说明稀释后拖地、擦拭物体表面并保持接触时间。,"[""幼猫体温低于37.5℃（低体温）且精神萎靡""]",猫瘟家庭隔离与消毒；猫瘟病毒在屋里能活多久？；猫瘟后多久能接新猫回家？；猫瘟家庭隔离与消毒怎么办；猫瘟好了以后家里怎么消毒？；家里一只猫得了猫瘟，其他猫怎么办？；没打疫苗的小猫接触了猫瘟病毒要紧吗？；病猫出现频繁呕吐、腹泻，粪便可能带血或有特殊腥臭味；精神萎靡、嗜睡、对食物和玩具失去兴趣；体温升高，耳朵和爪垫摸起来发烫；明显流口水或长时间趴在饮水盆旁但不喝水；家中其他猫（尤其是幼猫）出现类似消化道症状；在适宜环境条件下可存活数月甚至超过一年；幼猫体温低于37.5℃（低体温）且精神萎靡。,"[{""source_id"":""PMC9227120"",""title"":""Feline Panleukopenia Outbreaks and Risk Factors in Cats in Animal Shelters"",""url"":""https://pmc.ncbi.nlm.nih.gov/articles/PMC9227120/"",""license"":""CC BY 4.0"",""page_or_section"":""Abstract"",""verification_status"":""source_identity_license_and_locator_verified_2026-08-12; veterinary_claim_review_pending"",""support_note"":""中文内容为保守概括；来源用于支持主题、物种和风险边界，不代表个体诊断。"",""change_note"":""来源身份、商业许可、题名和定位已核对；未逐字复制。""}]",Only verified CC BY/CC0 evidence is retained; attribution and change notices are mandatory.,true,phrase_expansion_and_new_cards_applied_v1_7,blocked_pending_mainland_China_licensed_veterinarian_review,true,test,false,60c3b1caf40266082cbcd1959fd31a3656147065449beb4f928b09e2c29ab5a9
V17-CAT-UR-001,1.8.0-open-mvp-retrieval-and-safety-repair-draft,zh-CN,猫应激性膀胱炎（FIC）,"[""cat""]",urinary,common_disease_health_education_and_triage,本卡片适用于怀疑或已初步诊断为猫应激性膀胱炎的家庭观察、风险识别与环境管理参考，不替代兽医诊断与治疗，不提供用药剂量或处方。,"[""猫应激性膀胱炎"",""猫应激性膀胱炎怎么办"",""猫尿里有点血但精神还行，需要马上去医院吗？"",""猫反复去猫砂盆但尿得很少，是应激引起的吗？"",""我家猫尿尿滴滴答答，还带点血，是不是发炎了？"",""多猫家庭，有只猫一紧张就乱尿，该怎么判断是不是膀胱炎？""]","[""频繁进出猫砂盆但每次只尿几滴或没有尿"",""尿液中带血（粉红到鲜红色）"",""在猫砂盆以外的地方排尿（如地板、浴缸、床上）"",""排尿时发出叫声或表现出疼痛"",""过度舔舐生殖器区域""]","[""多数研究认为 FIC 是青年至中年猫下泌尿道疾病最常见的原因之一，不同地区数据可能略有差异"",""该病可发生在任何年龄、任何性别的猫，但绝育公猫出现尿闭的风险更高"",""环境压力因素包括：多猫竞争资源、搬家、主人作息改变、噪音、缺乏藏身和攀爬空间等"",""疼痛和膀胱壁炎症可导致血尿和排尿困难，但早期不一定存在细菌感染"",""公猫尿道狭窄，一旦堵塞会发展为尿闭，属于危及生命的急症""]","[""这只猫是公猫还是母猫，是否已绝育？"",""今天是否还能尿出成团的尿，还是完全尿不出来？"",""家里有几只猫？猫砂盆、食盆和水盆是否分散放置，有没有高处或可躲藏的空间？""]",若猫还能正常尿出成团尿液，可先减少环境压力：确保每只猫至少一个猫砂盆再加一个，分散放置，增加高处和藏身处，保持饮水新鲜。如果尿团明显变小、次数异常频繁或尿中带血持续超过 24 小时，即使仍能排尿也应联系兽医。若出现任何红旗表现，立即就医或前往急诊。,"[""反复排尿姿势但完全无尿、只能滴尿，或无法确认是否正常排尿且精神变差（无需等待固定时长）"",""反复蹲猫砂盆但无尿排出、腹部膨大或触摸腹部抗拒明显"",""呕吐、精神萎靡、趴着不动或呼吸急促"",""公猫出现上述任一表现，必须在数小时内急诊处理""]",猫应激性膀胱炎（FIC）；猫应激性膀胱炎；猫应激性膀胱炎怎么办；猫尿里有点血但精神还行，需要马上去医院吗？；猫反复去猫砂盆但尿得很少，是应激引起的吗？；我家猫尿尿滴滴答答，还带点血，是不是发炎了？；多猫家庭，有只猫一紧张就乱尿，该怎么判断是不是膀胱炎？；频繁进出猫砂盆但每次只尿几滴或没有尿；尿液中带血（粉红到鲜红色）；在猫砂盆以外的地方排尿（如地板、浴缸、床上）；排尿时发出叫声或表现出疼痛；过度舔舐生殖器区域；多数研究认为 FIC 是青年至中年猫下泌尿道疾病最常见的原因之一，不同地区数据可能略有差异；该病可发生在任何年龄、任何性别的猫，但绝育公猫出现尿闭的风险更高；环境压力因素包括：多猫竞争资源、搬家、主人作息改变、噪音、缺乏藏身和攀爬空间等；疼痛和膀胱壁炎症可导致血尿和排尿困难，但早期不一定存在细菌感染；公猫尿道狭窄，一旦堵塞会发展为尿闭，属于危及生命的急症；反复排尿姿势但完全无尿、只能滴尿，或无法确认是否正常排尿且精神变差（无需等待固定时长）；反复蹲猫砂盆但无尿排出、腹部膨大或触摸腹部抗拒明显；呕吐、精神萎靡、趴着不动或呼吸急促；公猫出现上述任一表现，必须在数小时内急诊处理。,"[{""source_id"":""PMC6957472"",""title"":""Prevalence and risk factors of feline lower urinary tract disease in Chiang Mai, Thailand"",""url"":""https://pmc.ncbi.nlm.nih.gov/articles/PMC6957472/"",""license"":""CC BY 4.0"",""page_or_section"":""Abstract"",""verification_status"":""source_identity_license_and_locator_verified_2026-08-12; veterinary_claim_review_pending"",""support_note"":""中文内容为保守概括；来源用于支持主题、物种和风险边界，不代表个体诊断。"",""change_note"":""来源身份、商业许可、题名和定位已核对；未逐字复制。""},{""source_id"":""PMC9334771"",""title"":""Dealing With Stress in Cats: What Is New About the Olfactory Strategy?"",""url"":""https://pmc.ncbi.nlm.nih.gov/articles/PMC9334771/"",""license"":""CC BY"",""page_or_section"":""Abstract"",""verification_status"":""source_identity_license_and_locator_verified_2026-08-12; veterinary_claim_review_pending"",""support_note"":""中文内容为保守概括；来源用于支持主题、物种和风险边界，不代表个体诊断。"",""change_note"":""来源身份、商业许可、题名和定位已核对；未逐字复制。""}]",Only verified CC BY/CC0 evidence is retained; attribution and change notices are mandatory.,true,urgent_triage_threshold_repaired_v1_8,blocked_pending_mainland_China_licensed_veterinarian_review,true,test,false,1ead27f163578099c7108db29ca09c671bde5704676302b9f4fe88a23bacf2c5
V17-CAT-UR-002,1.8.0-open-mvp-retrieval-and-safety-repair-draft,zh-CN,猫尿结石,"[""cat""]",urinary,common_disease_health_education_and_triage,本卡片适用于怀疑或已确诊猫尿结石的家庭初步识别与护理参考，不替代兽医诊断与治疗，不涉及任何具体药物剂量或处方选择。,"[""猫尿结石"",""猫尿结石怎么办"",""猫尿结石应该多喂水吗？"",""处方粮要吃多久才能化掉结石？"",""猫尿结晶和尿结石是一回事吗？"",""我家猫尿里有点血，是不是长结石了？"",""猫总是往猫砂盆跑但只尿一点点，这是尿结石吗？""]","[""频繁进出猫砂盆，但每次尿量很少或没有尿"",""尿液中带血丝或呈粉红色"",""在猫砂盆以外的地方排尿，如地板、沙发、浴缸"",""排尿时发出痛苦叫声或频繁舔舐生殖器"",""精神萎靡、食欲下降，或腹部触摸时表现抗拒""]","[""猫尿结石常见类型包括鸟粪石和草酸钙结石，不同类型成因和处理方向不同。"",""增加饮水量有助于稀释尿液，降低晶体析出和结石形成的风险。"",""湿粮、流动饮水器、多处放置水碗是常见的家庭补水方式。"",""针对特定结石类型的处方粮可以调整尿液pH或减少成石物质，但通常应在兽医根据检查结果判断结石类型或高度怀疑某类型后使用。"",""并非所有尿结石都能通过饮食溶解，部分类型需要手术或微创方式取出。""]","[""猫咪目前是否能正常排出尿液，还是完全尿不出来？"",""最近是否做过尿液检查？"",""是否做过X光或B超等影像检查？""]",在家中提供多个清洁水碗和湿粮以鼓励饮水，保持猫砂盆清洁、避免环境突然改变、提供安静隐蔽区域以减少应激，并在24小时内安排兽医进行尿液和影像检查以明确是否存在结石及结石类型。若观察到任何红旗表现，应立即前往急诊就医。,"[""完全无法排尿或多次蹲猫砂盆无尿排出"",""明显腹胀、呕吐或精神极度萎靡"",""尿液中大量鲜血或排出血块"",""触摸后腹部时猫咪剧烈疼痛、嚎叫"",""公猫频繁舔舐生殖器且阴茎头充血外露或会阴部明显疼痛"",""突然虚脱、体温降低或心率减慢""]",猫尿结石；猫尿结石怎么办；猫尿结石应该多喂水吗？；处方粮要吃多久才能化掉结石？；猫尿结晶和尿结石是一回事吗？；我家猫尿里有点血，是不是长结石了？；猫总是往猫砂盆跑但只尿一点点，这是尿结石吗？；频繁进出猫砂盆，但每次尿量很少或没有尿；尿液中带血丝或呈粉红色；在猫砂盆以外的地方排尿，如地板、沙发、浴缸；排尿时发出痛苦叫声或频繁舔舐生殖器；精神萎靡、食欲下降，或腹部触摸时表现抗拒；猫尿结石常见类型包括鸟粪石和草酸钙结石，不同类型成因和处理方向不同。；增加饮水量有助于稀释尿液，降低晶体析出和结石形成的风险。；湿粮、流动饮水器、多处放置水碗是常见的家庭补水方式。；针对特定结石类型的处方粮可以调整尿液pH或减少成石物质，但通常应在兽医根据检查结果判断结石类型或高度怀疑某类型后使用。；并非所有尿结石都能通过饮食溶解，部分类型需要手术或微创方式取出。；完全无法排尿或多次蹲猫砂盆无尿排出；明显腹胀、呕吐或精神极度萎靡；尿液中大量鲜血或排出血块；触摸后腹部时猫咪剧烈疼痛、嚎叫；公猫频繁舔舐生殖器且阴茎头充血外露或会阴部明显疼痛；突然虚脱、体温降低或心率减慢。,"[{""source_id"":""PMC11912946"",""title"":""Retrospective study of 353 confirmed cases of urolithiasis in dogs and cats treated at veterinary clinics in the northern region of Pará, Brazil"",""url"":""https://pmc.ncbi.nlm.nih.gov/articles/PMC11912946/"",""license"":""CC BY 4.0"",""page_or_section"":""Abstract"",""verification_status"":""source_identity_license_and_locator_verified_2026-08-12; veterinary_claim_review_pending"",""support_note"":""中文内容为保守概括；来源用于支持主题、物种和风险边界，不代表个体诊断。"",""change_note"":""来源身份、商业许可、题名和定位已核对；未逐字复制。""}]",Only verified CC BY/CC0 evidence is retained; attribution and change notices are mandatory.,true,phrase_expansion_and_new_cards_applied_v1_7,blocked_pending_mainland_China_licensed_veterinarian_review,true,test,false,07744bc06410a6405f84ec71a270abee2121cec28f7f22e026d114dffcaa9963
V17-CAT-GI-001,1.8.0-open-mvp-retrieval-and-safety-repair-draft,zh-CN,猫便秘,"[""cat""]",gastrointestinal,common_disease_health_education_and_triage,适用于猫咪排便次数减少或粪便干硬的初步排查与家庭观察，不替代兽医诊断。涉及药物、灌肠、慢性病管理和巨结肠治疗方案时，应遵从兽医指导。,"[""猫便秘"",""猫便秘怎么办"",""猫便秘在家能怎么帮忙"",""猫拉屎费劲还叫唤是怎么了"",""我家猫两三天没拉屎了正常吗"",""猫咪蹲猫砂盆很久只拉出一点点硬球""]","[""排便次数明显减少，且粪便干硬或排便困难"",""反复进出猫砂盆、蹲很久但只排出少量干硬粪球"",""排便时发出叫声或表现出用力、疼痛"",""粪便又小又干又硬，表面可能带少量血丝或黏液"",""食欲下降、精神变差或出现呕吐""]","[""排便频率下降、粪便干硬是猫便秘的常见表现"",""长期饮水不足、膳食纤维不均衡、肥胖和缺乏运动是常见诱因"",""巨结肠是反复或长期便秘可能导致的结肠扩张和动力下降"",""部分疾病如慢性肾病、骨盆旧伤或神经问题也可引起便秘"",""老年猫和中长毛猫的便秘风险相对更高""]","[""最近一次正常排便是什么时候？"",""这次排便异常已经持续了几天？"",""猫咪目前精神和食欲怎么样？""]",先确认饮水和猫砂盆情况，可鼓励饮水、增加湿粮比例并观察排便频率与粪便形态。如出现任一红旗表现，应立即就医或前往急诊，不要自行使用人用泻药或灌肠。,"[""超过72小时完全无排便，且反复用力仍排不出"",""反复呕吐、明显腹胀或腹部触感变硬"",""精神沉郁、虚弱、不愿走动或体温异常"",""粪便中带较多鲜血，或肛门有异常突出物"",""公猫频繁进出猫砂盆、摆出排尿姿势但无尿或仅滴尿、腹部疼痛""]",猫便秘；猫便秘怎么办；猫便秘在家能怎么帮忙；猫拉屎费劲还叫唤是怎么了；我家猫两三天没拉屎了正常吗；猫咪蹲猫砂盆很久只拉出一点点硬球；排便次数明显减少，且粪便干硬或排便困难；反复进出猫砂盆、蹲很久但只排出少量干硬粪球；排便时发出叫声或表现出用力、疼痛；粪便又小又干又硬，表面可能带少量血丝或黏液；食欲下降、精神变差或出现呕吐；排便频率下降、粪便干硬是猫便秘的常见表现；长期饮水不足、膳食纤维不均衡、肥胖和缺乏运动是常见诱因；巨结肠是反复或长期便秘可能导致的结肠扩张和动力下降；部分疾病如慢性肾病、骨盆旧伤或神经问题也可引起便秘；老年猫和中长毛猫的便秘风险相对更高；超过72小时完全无排便，且反复用力仍排不出；反复呕吐、明显腹胀或腹部触感变硬；精神沉郁、虚弱、不愿走动或体温异常；粪便中带较多鲜血，或肛门有异常突出物；公猫频繁进出猫砂盆、摆出排尿姿势但无尿或仅滴尿、腹部疼痛。,"[{""source_id"":""PMC11205573"",""title"":""Probiotics and Cat Health: A Review of Progress and Prospects"",""url"":""https://pmc.ncbi.nlm.nih.gov/articles/PMC11205573/"",""license"":""CC BY 4.0"",""page_or_section"":""Constipation and megacolon sections"",""verification_status"":""source_identity_license_and_locator_verified_2026-08-17; veterinary_claim_review_pending"",""support_note"":""中文内容为保守概括；仅用于健康教育和分诊边界，不代表个体诊断。"",""change_note"":""已核对来源身份、商业许可和主题相关性；未逐字复制。""}]",Only verified CC BY/CC0 evidence is retained; attribution and change notices are mandatory.,true,topic_source_mismatch_repaired_v1_8,blocked_pending_mainland_China_licensed_veterinarian_review,true,test,false,d0bf705848904943d1e66dd1fcbd023421228a7071a443f5d457f622e484cfdf
V17-CAT-RES-001,1.8.0-open-mvp-retrieval-and-safety-repair-draft,zh-CN,猫哮喘,"[""cat""]",respiratory,common_disease_health_education_and_triage,适用于疑似或已确诊猫哮喘的家庭观察与护理指导，不替代兽医诊断与处方治疗。,"[""猫哮喘"",""猫哮喘怎么办"",""猫哮喘在家怎么护理"",""猫喘气有声音，是不是哮喘"",""猫趴着脖子伸长喘，肚子用力"",""猫一直咳咳咳像卡毛但吐不出来"",""猫咪咳嗽一阵一阵的，过后又正常""]","[""阵发性干咳，常被误认为“吐毛球”但无毛吐出"",""咳嗽时颈部伸长、贴近地面，发出类似干呕或喘息声"",""呼吸频率加快或呼气费力，腹部用力起伏"",""活动不耐受，玩耍后咳嗽或张口呼吸加重"",""安静时呼气相可听到哨音样呼吸声（喘息）""]","[""猫哮喘是一种下呼吸道炎症性疾病，常见诱因包括灰尘、粉尘猫砂、香烟烟雾、香薰和空气清新剂等。"",""典型表现是阵发性干咳和呼气性呼吸困难，咳嗽间歇期猫常表现正常，但发作期间可能出现呼吸费力、活动减少。"",""吐毛球通常以呕吐动作结束并排出毛团，而哮喘咳嗽多为干咳，且很少真正吐出东西。"",""过敏性哮喘可能与呼吸道菌群失调有关，菌群变化可能影响气道炎症反应。"",""诊断通常需要结合胸片、病史排除异物、心丝虫、呼吸道感染等，单凭咳嗽不能确诊哮喘。"",""减少环境粉尘与刺激性气味是长期管理的基础，药物治疗需由兽医评估后制定。""]","[""咳嗽或喘息时，猫有没有张口呼吸、牙龈发紫或呼吸非常费力的情况？"",""最近是否更换过猫砂、使用香薰、喷空气清新剂或有人吸烟？"",""猫安静休息时有没有张口呼吸或牙龈发紫？""]",排查并减少环境诱因：改用低尘猫砂，暂停香薰、空气清新剂和室内吸烟，避免扬尘打扫时猫在场。记录咳嗽发作频率、持续时间和诱因视频，预约兽医进行听诊和胸片检查；若出现上述任一红旗表现，请立即就医或急诊。,"[""张口呼吸或喘息持续不缓解"",""安静状态下呼吸频率明显加快、腹部用力或鼻翼扇动"",""舌头、牙龈颜色发紫或苍白"",""突然瘫软、精神沉郁或意识异常"",""咳嗽后无法恢复平静呼吸""]",猫哮喘；猫哮喘怎么办；猫哮喘在家怎么护理；猫喘气有声音，是不是哮喘；猫趴着脖子伸长喘，肚子用力；猫一直咳咳咳像卡毛但吐不出来；猫咪咳嗽一阵一阵的，过后又正常；阵发性干咳，常被误认为“吐毛球”但无毛吐出；咳嗽时颈部伸长、贴近地面，发出类似干呕或喘息声；呼吸频率加快或呼气费力，腹部用力起伏；活动不耐受，玩耍后咳嗽或张口呼吸加重；安静时呼气相可听到哨音样呼吸声（喘息）；猫哮喘是一种下呼吸道炎症性疾病，常见诱因包括灰尘、粉尘猫砂、香烟烟雾、香薰和空气清新剂等。；典型表现是阵发性干咳和呼气性呼吸困难，咳嗽间歇期猫常表现正常，但发作期间可能出现呼吸费力、活动减少。；吐毛球通常以呕吐动作结束并排出毛团，而哮喘咳嗽多为干咳，且很少真正吐出东西。；过敏性哮喘可能与呼吸道菌群失调有关，菌群变化可能影响气道炎症反应。；诊断通常需要结合胸片、病史排除异物、心丝虫、呼吸道感染等，单凭咳嗽不能确诊哮喘。；减少环境粉尘与刺激性气味是长期管理的基础，药物治疗需由兽医评估后制定。；张口呼吸或喘息持续不缓解；安静状态下呼吸频率明显加快、腹部用力或鼻翼扇动；舌头、牙龈颜色发紫或苍白；突然瘫软、精神沉郁或意识异常；咳嗽后无法恢复平静呼吸。,"[{""source_id"":""PMC9492960"",""title"":""Respiratory dysbiosis in cats with spontaneous allergic asthma"",""url"":""https://pmc.ncbi.nlm.nih.gov/articles/PMC9492960/"",""license"":""CC BY 4.0"",""page_or_section"":""Abstract"",""verification_status"":""source_identity_license_and_locator_verified_2026-08-12; veterinary_claim_review_pending"",""support_note"":""中文内容为保守概括；来源用于支持主题、物种和风险边界，不代表个体诊断。"",""change_note"":""来源身份、商业许可、题名和定位已核对；未逐字复制。""}]",Only verified CC BY/CC0 evidence is retained; attribution and change notices are mandatory.,true,phrase_expansion_and_new_cards_applied_v1_7,blocked_pending_mainland_China_licensed_veterinarian_review,true,test,false,06d0a2f477ef82fab2045c8951ee15dddb20c7300373d2bcef79c56eed282044
V17-CAT-CAR-001,1.8.0-open-mvp-retrieval-and-safety-repair-draft,zh-CN,猫肥厚性心肌病,"[""cat""]",cardiac,common_disease_health_education_and_triage,本卡片用于猫肥厚性心肌病的家庭观察与就医决策辅助，不替代兽医诊断、心脏超声评估和处方治疗，不提供任何药物剂量。,"[""猫肥厚性心肌病"",""猫肥厚性心肌病怎么办"",""HCM 猫在家要注意什么"",""猫咪突然后腿不能动了是为什么"",""无症状的肥厚性心肌病需要治疗吗"",""猫咪最近呼吸快，是不是心脏有问题"",""HCM 猫确诊后在家里最需要监测哪些方面"",""我家猫体检医生说心脏壁厚，这是肥厚性心肌病吗""]","[""安静或睡眠时呼吸频率持续偏快（如每分钟超过30次）"",""活动耐力下降，玩一会就喘或张嘴呼吸"",""食欲下降、精神变差、躲藏"",""突然后肢瘫痪、跛行，或突发单侧/双侧脚垫明显变凉、发紫（尤其与后肢无力同时出现）"",""无明显原因晕厥或瘫软""]","[""肥厚性心肌病是猫最常见的心脏病，以左心室壁增厚为特征，部分猫可长期不表现症状"",""该病可在任何年龄被发现，中老年猫更常见，部分品种（如缅因猫、布偶猫）有家族倾向"",""并发症主要包括充血性心力衰竭和动脉血栓栓塞"",""诊断通常依赖心脏超声，X线、心电图和血液标志物可作为辅助"",""少数猫在无症状期也可能发生血栓或猝死，且部分猫的首发表现可能是血栓或猝死，因此定期复查很重要""]","[""猫咪安静休息时呼吸频率大概每分钟多少次？"",""最近有没有突然出现一条或两条后腿不能动、拖行的情况？"",""最近有没有出现脚垫明显发凉或发紫的情况？""]",如果猫咪当前呼吸平稳、能吃能喝、精神状态尚可，可先保持安静环境，避免应激和剧烈运动，并尽快预约心内科或心脏超声检查。注意每天在猫完全安静或睡觉时计数呼吸频率。若出现任何红旗表现，应立即前往有急诊条件的动物医院，不要在家观察等待。,"[""安静状态下呼吸持续急促或张口呼吸、舌色发紫"",""静息呼吸频率持续超过 30 次/分（尤其超过 40 次/分），且无明确应激原因"",""突然无法行走、后肢拖行、脚垫冰凉或发紫、惨叫"",""晕厥、瘫软或意识不清"",""腹部明显膨大同时呼吸费力""]",猫肥厚性心肌病；猫肥厚性心肌病怎么办；HCM 猫在家要注意什么；猫咪突然后腿不能动了是为什么；无症状的肥厚性心肌病需要治疗吗；猫咪最近呼吸快，是不是心脏有问题；HCM 猫确诊后在家里最需要监测哪些方面；我家猫体检医生说心脏壁厚，这是肥厚性心肌病吗；安静或睡眠时呼吸频率持续偏快（如每分钟超过30次）；活动耐力下降，玩一会就喘或张嘴呼吸；食欲下降、精神变差、躲藏；突然后肢瘫痪、跛行，或突发单侧/双侧脚垫明显变凉、发紫（尤其与后肢无力同时出现）；无明显原因晕厥或瘫软；肥厚性心肌病是猫最常见的心脏病，以左心室壁增厚为特征，部分猫可长期不表现症状；该病可在任何年龄被发现，中老年猫更常见，部分品种（如缅因猫、布偶猫）有家族倾向；并发症主要包括充血性心力衰竭和动脉血栓栓塞；诊断通常依赖心脏超声，X线、心电图和血液标志物可作为辅助；少数猫在无症状期也可能发生血栓或猝死，且部分猫的首发表现可能是血栓或猝死，因此定期复查很重要；安静状态下呼吸持续急促或张口呼吸、舌色发紫；静息呼吸频率持续超过 30 次/分（尤其超过 40 次/分），且无明确应激原因；突然无法行走、后肢拖行、脚垫冰凉或发紫、惨叫；晕厥、瘫软或意识不清；腹部明显膨大同时呼吸费力。,"[{""source_id"":""DOI-10.3390-vetsci12030289"",""title"":""Clinical-Diagnostic and Therapeutic Advances in Feline Hypertrophic Cardiomyopathy"",""url"":""https://www.mdpi.com/2306-7381/12/3/289"",""license"":""CC BY 4.0"",""page_or_section"":""Abstract"",""verification_status"":""source_identity_license_and_locator_verified_2026-08-12; veterinary_claim_review_pending"",""support_note"":""中文内容为保守概括；来源用于支持主题、物种和风险边界，不代表个体诊断。"",""change_note"":""来源身份、商业许可、题名和定位已核对；未逐字复制。""}]",Only verified CC BY/CC0 evidence is retained; attribution and change notices are mandatory.,true,phrase_expansion_and_new_cards_applied_v1_7,blocked_pending_mainland_China_licensed_veterinarian_review,true,test,false,2f11d01995fb542a4a61d0ef7ffdae761684f876d36911671b5f68e42bb66b61
V17-CAT-PAR-001,1.8.0-open-mvp-retrieval-and-safety-repair-draft,zh-CN,猫绦虫与蛔虫识别,"[""cat""]",parasites,common_disease_health_education_and_triage,适用于对猫绦虫和蛔虫的家庭初步识别与驱虫前咨询。不替代粪便检查和兽医诊断，不涉及具体药物剂量、疗程及处方驱虫方案，不适用于已出现肠梗阻、严重贫血等并发症的患猫。,"[""猫绦虫与蛔虫识别"",""猫绦虫与蛔虫识别怎么办"",""猫砂盆里发现像芝麻粒的东西"",""猫咪肚子大但很瘦，是不是有虫"",""猫咪拉出长条的白色虫子怎么办"",""猫屁股上粘着像米粒一样会动的东西"",""新捡的幼猫需要先做什么检查再驱虫""]","[""肛门周围或粪便中可见米粒状、芝麻大小的黄白色节片，干燥后变硬"",""猫常舔舐肛门或在地上蹭屁股"",""粪便中或呕吐物中可见长条、圆形、像白色橡皮筋的蛔虫成虫"",""幼猫腹部膨大，但脊背消瘦，毛发干枯无光泽"",""绦虫感染时精神食欲通常无明显变化；蛔虫感染幼猫可能表现精神变差、食欲下降、间歇性软便或腹泻""]","[""猫绦虫通过吞食感染的跳蚤或鼠类传播，即使家养猫也可能感染"",""绦虫成熟节片呈米粒状，常附着在肛周毛发或粪便表面，会缓慢蠕动"",""猫蛔虫成虫呈长条状、乳白色或黄白色，不分节，比绦虫节片长得多"",""猫蛔虫可通过母乳传给幼猫，幼猫感染率普遍高于成年猫"",""不同驱虫药成分覆盖的寄生虫种类不同，部分常见驱虫药对绦虫无效；务必由兽医根据粪便检查和体重确认后选用适合猫的驱虫药，切勿使用犬用驱虫产品或含菊酯类成分的产品""]","[""猫咪年龄多大？"",""猫咪目前体重多少公斤？"",""最近一次驱虫是什么时候，用的是哪种驱虫药？""]",先拍照记录粪便或肛周虫体形态，确认猫咪生活环境是否有跳蚤。可预约兽医做粪便检查以明确虫种，再选择合适的驱虫产品。若出现任何红旗表现，应立即就医或急诊。,"[""频繁呕吐且呕吐物中含有大量成团蛔虫"",""粪便带血或呈黑色柏油状"",""幼猫腹部异常膨大并伴随精神萎靡、拒绝进食"",""突发虚弱、牙龈苍白或呼吸急促"",""反复呕吐且不排便或仅排少量稀便，腹部明显胀痛或抗拒触碰"",""幼猫持续精神差、瘫软、体温低或站不稳""]",猫绦虫与蛔虫识别；猫绦虫与蛔虫识别怎么办；猫砂盆里发现像芝麻粒的东西；猫咪肚子大但很瘦，是不是有虫；猫咪拉出长条的白色虫子怎么办；猫屁股上粘着像米粒一样会动的东西；新捡的幼猫需要先做什么检查再驱虫；肛门周围或粪便中可见米粒状、芝麻大小的黄白色节片，干燥后变硬；猫常舔舐肛门或在地上蹭屁股；粪便中或呕吐物中可见长条、圆形、像白色橡皮筋的蛔虫成虫；幼猫腹部膨大，但脊背消瘦，毛发干枯无光泽；绦虫感染时精神食欲通常无明显变化；蛔虫感染幼猫可能表现精神变差、食欲下降、间歇性软便或腹泻；猫绦虫通过吞食感染的跳蚤或鼠类传播，即使家养猫也可能感染；绦虫成熟节片呈米粒状，常附着在肛周毛发或粪便表面，会缓慢蠕动；猫蛔虫成虫呈长条状、乳白色或黄白色，不分节，比绦虫节片长得多；猫蛔虫可通过母乳传给幼猫，幼猫感染率普遍高于成年猫；不同驱虫药成分覆盖的寄生虫种类不同，部分常见驱虫药对绦虫无效；务必由兽医根据粪便检查和体重确认后选用适合猫的驱虫药，切勿使用犬用驱虫产品或含菊酯类成分的产品；频繁呕吐且呕吐物中含有大量成团蛔虫；粪便带血或呈黑色柏油状；幼猫腹部异常膨大并伴随精神萎靡、拒绝进食；突发虚弱、牙龈苍白或呼吸急促；反复呕吐且不排便或仅排少量稀便，腹部明显胀痛或抗拒触碰；幼猫持续精神差、瘫软、体温低或站不稳。,"[{""source_id"":""PMC8404700"",""title"":""Canine and Feline Parasitology: Analogies, Differences, and Relevance for Human Health"",""url"":""https://pmc.ncbi.nlm.nih.gov/articles/PMC8404700/"",""license"":""CC BY"",""page_or_section"":""Abstract"",""verification_status"":""source_identity_license_and_locator_verified_2026-08-12; veterinary_claim_review_pending"",""support_note"":""中文内容为保守概括；来源用于支持主题、物种和风险边界，不代表个体诊断。"",""change_note"":""来源身份、商业许可、题名和定位已核对；未逐字复制。""}]",Only verified CC BY/CC0 evidence is retained; attribution and change notices are mandatory.,true,phrase_expansion_and_new_cards_applied_v1_7,blocked_pending_mainland_China_licensed_veterinarian_review,true,test,false,13e2b4f0d7f701b063e6042cd5ddf098008e235f8b8980f150dc5fabd6935f54
V17-CAT-DERM-001,1.8.0-open-mvp-retrieval-and-safety-repair-draft,zh-CN,猫跳蚤过敏性皮炎,"[""cat""]",dermatology,common_disease_health_education_and_triage,适用于疑似或已确诊跳蚤过敏性皮炎的猫的初步识别、家庭观察与环境处理参考，不替代兽医诊断与处方治疗，不提供具体药物剂量。,"[""猫跳蚤过敏性皮炎"",""猫跳蚤过敏性皮炎怎么办"",""家里有跳蚤猫会不会过敏"",""猫一直舔毛抓痒是不是有跳蚤"",""猫腰那里摸起来一粒一粒的还掉毛"",""猫背上好多小疙瘩还结痂了是怎么回事""]","[""梳毛时可见黑色小颗粒（跳蚤粪便），遇水浸润后呈红棕色""]","[""跳蚤过敏性皮炎是猫对跳蚤唾液过敏引起的皮肤反应，即使少量跳蚤叮咬也可能诱发"",""病变常见于腰背部、尾根、大腿后侧和腹部"",""跳蚤成虫只占环境中跳蚤数量的一小部分，卵、幼虫和蛹存在于地毯、缝隙、猫窝等环境中"",""跳蚤生命周期可受温度和湿度影响，温暖潮湿环境发育更快"",""确诊需结合跳蚤或跳蚤粪便发现、临床症状及排除其他瘙痒性皮肤病""]","[""腰背部或尾根的丘疹、结痂是否有扩大或出现渗液、异味？""]",若猫出现任何红旗表现，请立即就医或前往急诊。若暂无红旗表现，可先为猫隔离安静环境、防止过度抓挠，并联系兽医安排皮肤检查；同时记录猫的抓挠频率、患处变化及是否发现跳蚤或黑色颗粒，就诊时告知兽医。环境处理可咨询兽医后同步进行，不自行使用人用杀虫剂。,"[""皮肤大面积破溃、流脓、出血或明显肿胀"",""精神萎靡、食欲废绝或体温异常"",""频繁抓挠导致自伤且无法安抚"",""局部红肿热痛迅速扩散伴发热或精神变差""]",猫跳蚤过敏性皮炎；猫跳蚤过敏性皮炎怎么办；家里有跳蚤猫会不会过敏；猫一直舔毛抓痒是不是有跳蚤；猫腰那里摸起来一粒一粒的还掉毛；猫背上好多小疙瘩还结痂了是怎么回事；梳毛时可见黑色小颗粒（跳蚤粪便），遇水浸润后呈红棕色；跳蚤过敏性皮炎是猫对跳蚤唾液过敏引起的皮肤反应，即使少量跳蚤叮咬也可能诱发；病变常见于腰背部、尾根、大腿后侧和腹部；跳蚤成虫只占环境中跳蚤数量的一小部分，卵、幼虫和蛹存在于地毯、缝隙、猫窝等环境中；跳蚤生命周期可受温度和湿度影响，温暖潮湿环境发育更快；确诊需结合跳蚤或跳蚤粪便发现、临床症状及排除其他瘙痒性皮肤病；皮肤大面积破溃、流脓、出血或明显肿胀；精神萎靡、食欲废绝或体温异常；频繁抓挠导致自伤且无法安抚；局部红肿热痛迅速扩散伴发热或精神变差。,"[{""source_id"":""PMC5746801"",""title"":""The Biology and Ecology of Cat Fleas and Advancements in Their Pest Management: A Review"",""url"":""https://pmc.ncbi.nlm.nih.gov/articles/PMC5746801/"",""license"":""CC BY"",""page_or_section"":""Abstract"",""verification_status"":""source_identity_license_and_locator_verified_2026-08-12; veterinary_claim_review_pending"",""support_note"":""中文内容为保守概括；来源用于支持主题、物种和风险边界，不代表个体诊断。"",""change_note"":""来源身份、商业许可、题名和定位已核对；未逐字复制。""}]",Only verified CC BY/CC0 evidence is retained; attribution and change notices are mandatory.,true,phrase_expansion_and_new_cards_applied_v1_7,blocked_pending_mainland_China_licensed_veterinarian_review,true,test,false,32474eda4b3773c6cfe1167dc4611bfe855466aa4f2f55f2b751212572de93b0
V17-CAT-ORAL-001,1.8.0-open-mvp-retrieval-and-safety-repair-draft,zh-CN,猫慢性口炎,"[""cat""]",oral,common_disease_health_education_and_triage,适用于疑似或已确诊猫慢性口炎的家庭观察与就医决策参考，不替代兽医诊断，不提供具体药物与剂量建议。,"[""猫慢性口炎"",""猫慢性口炎怎么办"",""猫慢性口炎能根治吗？要治多久？"",""猫嘴里红肿，胃口变差，是不是需要去看医生？"",""我家猫一直流口水，嘴巴还很臭，是不是口炎？"",""猫吃饭的时候突然惨叫，不敢咬东西，这是怎么回事？""]","[""进食后或触碰口腔后流涎明显加重，可能带血丝"",""口腔有明显异味或腐臭味"",""进食时突然甩头、惨叫或不敢咀嚼，食量下降"",""牙龈、舌下或喉咙周围可见红肿、溃烂或增生的肉芽组织"",""精神变差、躲藏、理毛减少，体重逐渐下降""]","[""猫慢性口炎是一种免疫介导相关的口腔炎症，病程通常持续时间长、易反复。"",""临床上常表现为广泛的牙龈炎、口炎或尾口炎，单纯洗牙通常无法解决根本问题。"",""该病治疗以长期控制炎症和疼痛为目标，而非一次性治愈。"",""部分猫对单纯药物治疗反应有限，可能需要拔牙（部分或全口拔牙）来改善症状。"",""每只猫对治疗的反应差异较大，需要长期随访和方案调整。""]","[""猫是否愿意自主进食？"",""每次进食量大约减少了多少？"",""口腔内可见的红肿或溃烂主要在哪个位置？""]",可先改喂软食或湿粮，避免干硬食物刺激口腔；保持饮水清洁。尽快预约兽医进行口腔检查，明确炎症范围和疼痛程度。若出现任何红旗表现，应立即就医或前往急诊。,"[""完全拒食或拒水超过24小时"",""口腔大量出血或持续带血"",""呼吸困难、张口呼吸或明显吞咽困难"",""精神沉郁、虚弱、体温异常升高"",""抽搐、行走不稳等神经异常"",""体温低于37.5℃""]",猫慢性口炎；猫慢性口炎怎么办；猫慢性口炎能根治吗？要治多久？；猫嘴里红肿，胃口变差，是不是需要去看医生？；我家猫一直流口水，嘴巴还很臭，是不是口炎？；猫吃饭的时候突然惨叫，不敢咬东西，这是怎么回事？；进食后或触碰口腔后流涎明显加重，可能带血丝；口腔有明显异味或腐臭味；进食时突然甩头、惨叫或不敢咀嚼，食量下降；牙龈、舌下或喉咙周围可见红肿、溃烂或增生的肉芽组织；精神变差、躲藏、理毛减少，体重逐渐下降；猫慢性口炎是一种免疫介导相关的口腔炎症，病程通常持续时间长、易反复。；临床上常表现为广泛的牙龈炎、口炎或尾口炎，单纯洗牙通常无法解决根本问题。；该病治疗以长期控制炎症和疼痛为目标，而非一次性治愈。；部分猫对单纯药物治疗反应有限，可能需要拔牙（部分或全口拔牙）来改善症状。；每只猫对治疗的反应差异较大，需要长期随访和方案调整。；完全拒食或拒水超过24小时；口腔大量出血或持续带血；呼吸困难、张口呼吸或明显吞咽困难；精神沉郁、虚弱、体温异常升高；抽搐、行走不稳等神经异常；体温低于37.5℃。,"[{""source_id"":""PMC10668797"",""title"":""The Oral Microbiome across Oral Sites in Cats with Chronic Gingivostomatitis, Periodontal Disease, and Tooth Resorption Compared with Healthy Cats"",""url"":""https://pmc.ncbi.nlm.nih.gov/articles/PMC10668797/"",""license"":""CC BY 4.0"",""page_or_section"":""Abstract"",""verification_status"":""source_identity_license_and_locator_verified_2026-08-12; veterinary_claim_review_pending"",""support_note"":""中文内容为保守概括；来源用于支持主题、物种和风险边界，不代表个体诊断。"",""change_note"":""来源身份、商业许可、题名和定位已核对；未逐字复制。""}]",Only verified CC BY/CC0 evidence is retained; attribution and change notices are mandatory.,true,phrase_expansion_and_new_cards_applied_v1_7,blocked_pending_mainland_China_licensed_veterinarian_review,true,test,false,276dd53b36fe49df0ffb599e780bd7f2a37a6ea60231b24dce170a73e6f7b0a7
V17-CAT-REN-001,1.8.0-open-mvp-retrieval-and-safety-repair-draft,zh-CN,猫慢性肾病家庭护理,"[""cat""]",renal,common_disease_health_education_and_triage,适用于已由兽医诊断为慢性肾病、病情稳定的猫的家庭日常护理参考，不替代诊断与治疗决策；急性加重或未确诊情况应及时就医。,"[""猫肾衰吃什么粮好"",""猫慢性肾病家庭护理"",""肾病猫不肯喝水怎么办"",""老猫肾不好有哪些表现"",""猫皮下补液在家能自己打吗"",""猫慢性肾病家庭护理怎么办"",""猫咪得了慢性肾病在家怎么照顾""]","[""饮水量比平时明显增加"",""排尿量增多、尿色变淡"",""食欲下降、体重逐渐减轻"",""精神变差、打理毛发的频率减少"",""偶有呕吐或口臭加重""]","[""慢性肾病是老年猫常见进行性疾病，无法治愈但可通过管理延缓进程"",""持续提供新鲜饮水并鼓励摄入有助于维持水合状态，但饮水无法替代肾功能，不应强行灌水"",""优先选择湿粮或加水提高总水分摄入，具体处方粮及蛋白、磷目标需遵兽医个体化建议"",""肾病专用处方粮通常控制磷和优质蛋白含量，需逐步换粮以提高接受度"",""皮下补液仅应在兽医明确诊断并指导操作后开始，部位、频率和剂量由兽医制定"",""维持稳定体重和食欲是家庭护理的重要观察目标""]","[""最近一周每天的饮水量和排尿量有没有明显变化？"",""目前吃的是什么粮，换过处方粮吗？最近体重变化具体有多少？"",""兽医是否已经指导过皮下补液的操作和频率？最近一次肾功能、血压或尿检结果如何？""]",优先选择湿粮或在食物中加水提高总水分摄入，具体处方粮及蛋白、磷目标需遵兽医个体化建议。在兽医指导下逐步调整饮食，提供多个清洁饮水点，每日记录饮水、食欲和尿团大小，每周在相同条件下称重。若与皮下补液操作无关却出现皮肤肿胀/渗液，或出现任一红旗表现，应立即就医或前往急诊。,"[""完全不吃不喝超过24小时"",""频繁呕吐或无法进水"",""精神极差、无法站立或反应迟钝"",""呼吸急促或张口呼吸"",""皮下补液部位出现明显肿胀、渗液或感染"",""新发抽搐、震颤或异常出血/瘀斑"",""后肢无力或拖行"",""口腔大量流涎、舌或牙龈溃疡"",""腹围明显增大或排尿困难""]",猫慢性肾病家庭护理；猫肾衰吃什么粮好；肾病猫不肯喝水怎么办；老猫肾不好有哪些表现；猫皮下补液在家能自己打吗；猫慢性肾病家庭护理怎么办；猫咪得了慢性肾病在家怎么照顾；饮水量比平时明显增加；排尿量增多、尿色变淡；食欲下降、体重逐渐减轻；精神变差、打理毛发的频率减少；偶有呕吐或口臭加重；慢性肾病是老年猫常见进行性疾病，无法治愈但可通过管理延缓进程；持续提供新鲜饮水并鼓励摄入有助于维持水合状态，但饮水无法替代肾功能，不应强行灌水；优先选择湿粮或加水提高总水分摄入，具体处方粮及蛋白、磷目标需遵兽医个体化建议；肾病专用处方粮通常控制磷和优质蛋白含量，需逐步换粮以提高接受度；皮下补液仅应在兽医明确诊断并指导操作后开始，部位、频率和剂量由兽医制定；维持稳定体重和食欲是家庭护理的重要观察目标；完全不吃不喝超过24小时；频繁呕吐或无法进水；精神极差、无法站立或反应迟钝；呼吸急促或张口呼吸；皮下补液部位出现明显肿胀、渗液或感染；新发抽搐、震颤或异常出血/瘀斑；后肢无力或拖行；口腔大量流涎、舌或牙龈溃疡；腹围明显增大或排尿困难。,"[{""source_id"":""PMC8093391"",""title"":""Effects of IV Fluids in Dogs and Cats With Kidney Failure"",""url"":""https://pmc.ncbi.nlm.nih.gov/articles/PMC8093391/"",""license"":""CC BY 4.0"",""page_or_section"":""Abstract"",""verification_status"":""source_identity_license_and_locator_verified_2026-08-12; veterinary_claim_review_pending"",""support_note"":""中文内容为保守概括；来源用于支持主题、物种和风险边界，不代表个体诊断。"",""change_note"":""来源身份、商业许可、题名和定位已核对；未逐字复制。""},{""source_id"":""DOI-10.3390-life15121856"",""title"":""Epidemiology of Chronic Kidney Disease (CKD) in Cats"",""url"":""https://www.mdpi.com/2075-1729/15/12/1856"",""license"":""CC BY 4.0"",""page_or_section"":""Abstract"",""verification_status"":""source_identity_license_and_locator_verified_2026-08-12; veterinary_claim_review_pending"",""support_note"":""中文内容为保守概括；来源用于支持主题、物种和风险边界，不代表个体诊断。"",""change_note"":""来源身份、商业许可、题名和定位已核对；未逐字复制。""}]",Only verified CC BY/CC0 evidence is retained; attribution and change notices are mandatory.,true,phrase_expansion_and_new_cards_applied_v1_7,blocked_pending_mainland_China_licensed_veterinarian_review,true,test,false,7b2ce4395f62abeb9cd57a33463d1a835c380a994090aabf301600f7d158ce64
V17-CAT-REP-002,1.8.0-open-mvp-retrieval-and-safety-repair-draft,zh-CN,猫乳腺肿块,"[""cat""]",reproductive,common_disease_health_education_and_triage,适用于疑似或已发现猫乳腺肿块的家庭初步观察与就医决策参考，不替代兽医临床检查、细胞学或组织病理诊断，不提供手术、化疗或药物剂量建议。,"[""猫乳腺肿块"",""猫乳腺肿块怎么办"",""猫乳腺瘤良性恶性怎么区分"",""猫咪乳腺肿块要不要马上手术"",""猫乳腺肿块怎么在家自己判断"",""没绝育的母猫乳腺有硬块严重吗"",""猫咪肚子上摸到小疙瘩是乳腺肿块吗""]","[""腹部乳腺区可摸到单个或多个硬结、肿块"",""肿块表面皮肤可能发红、脱毛或破溃"",""乳头可能肿胀、发硬或有分泌物"",""猫咪频繁舔舐乳腺区域"",""肿块可能逐渐增大或数量增多""]","[""未绝育或晚绝育的母猫发生乳腺肿瘤的风险相对更高"",""猫乳腺肿块中恶性比例较高，但不能仅靠触摸判断性质"",""细针穿刺或组织活检是区分良恶性的主要手段"",""早期绝育可明显降低乳腺肿瘤发生率，具体时机需结合个体情况评估"",""肿块的质地、活动度、生长速度可作为初步观察线索，但不能替代病理诊断""]","[""猫咪是否绝育过，如果绝育大约在多大年龄？"",""肿块发现多久了，大小或数量有没有变化？"",""猫咪最近食欲、精神状态和体重有无异常？""]",可以在猫咪放松时用指腹轻柔触摸乳腺，记录肿块位置、大小和数量，并拍照留档以便对比。尽快预约兽医做体格检查和细针穿刺或活检评估。出现任一红旗表现应立即就医或急诊，不要在家等待观察。,"[""肿块表面破溃、出血或流脓"",""猫咪出现呼吸困难、张口呼吸或明显虚弱"",""肿块在短期内迅速增大或扩散到多个乳腺"",""食欲废绝、精神极差或无法站立"",""乳腺区域明显疼痛、发热或疑似败血性乳腺炎""]",猫乳腺肿块；猫乳腺肿块怎么办；猫乳腺瘤良性恶性怎么区分；猫咪乳腺肿块要不要马上手术；猫乳腺肿块怎么在家自己判断；没绝育的母猫乳腺有硬块严重吗；猫咪肚子上摸到小疙瘩是乳腺肿块吗；腹部乳腺区可摸到单个或多个硬结、肿块；肿块表面皮肤可能发红、脱毛或破溃；乳头可能肿胀、发硬或有分泌物；猫咪频繁舔舐乳腺区域；肿块可能逐渐增大或数量增多；未绝育或晚绝育的母猫发生乳腺肿瘤的风险相对更高；猫乳腺肿块中恶性比例较高，但不能仅靠触摸判断性质；细针穿刺或组织活检是区分良恶性的主要手段；早期绝育可明显降低乳腺肿瘤发生率，具体时机需结合个体情况评估；肿块的质地、活动度、生长速度可作为初步观察线索，但不能替代病理诊断；肿块表面破溃、出血或流脓；猫咪出现呼吸困难、张口呼吸或明显虚弱；肿块在短期内迅速增大或扩散到多个乳腺；食欲废绝、精神极差或无法站立；乳腺区域明显疼痛、发热或疑似败血性乳腺炎。,"[{""source_id"":""PMC12390100"",""title"":""Feline Mammary Tumors: A Comprehensive Review of Histological Classification Schemes, Grading Systems, and Prognostic Factors"",""url"":""https://pmc.ncbi.nlm.nih.gov/articles/PMC12390100/"",""license"":""CC BY 4.0"",""page_or_section"":""Abstract and relevant results/discussion"",""verification_status"":""source_identity_license_and_locator_verified_2026-08-17; veterinary_claim_review_pending"",""support_note"":""中文内容为保守概括；仅用于健康教育和分诊边界，不代表个体诊断。"",""change_note"":""已核对来源身份、商业许可和主题相关性；未逐字复制。""}]",Only verified CC BY/CC0 evidence is retained; attribution and change notices are mandatory.,true,topic_source_mismatch_repaired_v1_8,blocked_pending_mainland_China_licensed_veterinarian_review,true,test,false,0fd473cd71f576761a1b41f6c8a46ab688559cb41f997a5844fd332be21561d6
V17-CAT-VAX-001,1.8.0-open-mvp-retrieval-and-safety-repair-draft,zh-CN,猫疫苗后不良反应与注射部位肉瘤警示,"[""cat""]",preventive_care,common_disease_health_education_and_triage,适用于健康家猫接种核心或非核心疫苗后短期观察。不替代兽医触诊、穿刺或影像学检查，不用于诊断注射部位肉瘤，不适用于猫瘟、猫鼻支等已有疾病的治疗判断。,"[""猫打完疫苗有点蔫正常吗"",""猫疫苗后不爱吃饭要不要紧"",""猫打完疫苗呕吐需要去医院吗"",""疫苗后猫注射部位肿块多久会消"",""猫打疫苗后肿块变硬变大了怎么办"",""猫咪打针的地方有个小鼓包怎么办"",""猫打针后有肿块几周了还没消要不要紧""]","[""精神稍差、比平时爱睡"",""食欲暂时下降"",""注射部位可摸到小硬块或软包"",""注射部位轻度压痛"",""偶见一次轻微呕吐或软便"",""反复抓脸、流口水、不安"",""皮肤发红或出现风团""]","[""猫接种疫苗后1-2天内出现轻度嗜睡、食欲下降属于常见短暂反应。"",""注射部位小肿块多数为局部炎症反应，通常可在数天至数周内逐渐缩小。"",""疫苗相关注射部位肉瘤发生率极低，但猫比狗更易出现局部持续肿块。"",""任何注射后持续存在超过3周的肿块、直径大于2厘米的肿块，或接种后1个月仍在增大的肿块，应尽快进行评估。"",""严重过敏反应通常在接种后数分钟至数小时内出现，而非数天后。""]","[""肿块是打针后多久发现的，有没有变大或变硬？"",""猫的精神和食欲跟平时比差别大吗？"",""猫的大小便跟平时比差别大吗？""]",在家静养观察，提供安静环境与饮水，不要揉捏注射部位。每天在同一位置轻触记录肿块大小和软硬变化。轻微嗜睡和食欲下降通常在48小时内改善。若肿块已超过3周未缩小、直径超过2厘米，或出现任一红旗表现，不要继续等待观察，应立即就医或急诊。,"[""面部或眼睑肿胀、皮肤出现荨麻疹"",""呼吸费力、张口呼吸或频繁呕吐"",""突然虚脱、步态不稳或抽搐"",""注射部位肿块在任何时间快速增大、直径大于2厘米或出现破溃、流脓"",""突然频繁抓脸、流涎、尖叫、焦虑不安""]",猫疫苗后不良反应与注射部位肉瘤警示；猫打完疫苗有点蔫正常吗；猫疫苗后不爱吃饭要不要紧；猫打完疫苗呕吐需要去医院吗；疫苗后猫注射部位肿块多久会消；猫打疫苗后肿块变硬变大了怎么办；猫咪打针的地方有个小鼓包怎么办；猫打针后有肿块几周了还没消要不要紧；精神稍差、比平时爱睡；食欲暂时下降；注射部位可摸到小硬块或软包；注射部位轻度压痛；偶见一次轻微呕吐或软便；反复抓脸、流口水、不安；皮肤发红或出现风团；猫接种疫苗后1-2天内出现轻度嗜睡、食欲下降属于常见短暂反应。；注射部位小肿块多数为局部炎症反应，通常可在数天至数周内逐渐缩小。；疫苗相关注射部位肉瘤发生率极低，但猫比狗更易出现局部持续肿块。；任何注射后持续存在超过3周的肿块、直径大于2厘米的肿块，或接种后1个月仍在增大的肿块，应尽快进行评估。；严重过敏反应通常在接种后数分钟至数小时内出现，而非数天后。；面部或眼睑肿胀、皮肤出现荨麻疹；呼吸费力、张口呼吸或频繁呕吐；突然虚脱、步态不稳或抽搐；注射部位肿块在任何时间快速增大、直径大于2厘米或出现破溃、流脓；突然频繁抓脸、流涎、尖叫、焦虑不安。,"[{""source_id"":""PMC10459272"",""title"":""Feline Injection-Site Sarcoma and Other Adverse Reactions to Vaccination in Cats"",""url"":""https://pmc.ncbi.nlm.nih.gov/articles/PMC10459272/"",""license"":""CC BY 4.0"",""page_or_section"":""Abstract"",""verification_status"":""source_identity_license_and_locator_verified_2026-08-12; veterinary_claim_review_pending"",""support_note"":""中文内容为保守概括；来源用于支持主题、物种和风险边界，不代表个体诊断。"",""change_note"":""来源身份、商业许可、题名和定位已核对；未逐字复制。""}]",Only verified CC BY/CC0 evidence is retained; attribution and change notices are mandatory.,true,phrase_expansion_and_new_cards_applied_v1_7,blocked_pending_mainland_China_licensed_veterinarian_review,true,test,false,f1095e308201ae1db34c8db48abe90ade47909be7a7038ab04f471825347fb17
V17-CAT-PED-001,1.8.0-open-mvp-retrieval-and-safety-repair-draft,zh-CN,小猫疫苗与驱虫日程,"[""cat""]",pediatrics,common_disease_health_education_and_triage,适用于幼猫（约0-6月龄）的常规疫苗与驱虫日程框架，不替代个体化兽医评估，不提供具体疫苗品牌、剂量或处方驱虫药建议。,"[""小猫疫苗与驱虫日程"",""小猫疫苗要打几针？"",""小猫多大开始打疫苗？"",""幼猫驱虫多久做一次？"",""小猫疫苗与驱虫日程怎么办"",""小猫第一次驱虫什么时候做？"",""小猫有母源抗体还需要打疫苗吗？""]","[""小猫精神状态良好、食欲正常"",""排便可见虫体或米粒样节片"",""腹部膨大但体重偏轻"",""被毛粗乱、肛门周围有污渍或搔抓"",""幼猫日龄或月龄不明确，需记录体重变化"",""注射部位轻度触痛或短暂精神稍差多属常见，持续肿胀或疼痛需重视""]","[""幼猫母源抗体会干扰部分疫苗的免疫应答，通常需多次接种完成基础免疫"",""核心疫苗（如猫瘟、猫疱疹病毒、猫杯状病毒相关疫苗）通常以联合疫苗形式接种，一般从6-8周龄开始首免，每3-4周一次，直至16周龄左右"",""一般风险幼猫通常在16周龄左右完成基础免疫即可；仅在高风险情境下，部分指南才建议16-20周龄进行最后一次核心疫苗补强"",""在高风险环境中，兽医可能评估是否提前首免或调整间隔，不提供用户自行决策建议"",""幼猫驱虫通常从2-3周龄开始，每2周一次至断奶后，之后可按月龄和风险评估调整频率"",""母源抗体水平因母猫免疫状态和初乳摄入情况而异，无法仅凭外观判断保护力""]","[""小猫现在的确切日龄或估算月龄是多少？"",""母猫在怀孕前或怀孕期间是否做过疫苗和驱虫？"",""小猫最近一次排便中是否看到过虫体或异常物质？""]",记录小猫准确日龄、体重和母猫免疫驱虫史，联系兽医制定个体化疫苗与驱虫时间表；在完成基础免疫前避免与健康状况不明的猫接触。如出现任何红旗表现，应立即就医或前往急诊。,"[""持续呕吐、腹泻或血便"",""精神萎靡、不吃奶或拒食超过数小时"",""呼吸急促、张口呼吸或黏膜苍白"",""抽搐、共济失调或无法站立"",""疫苗接种或驱虫后数小时内出现面部肿胀、皮肤荨麻疹或反复呕吐""]",小猫疫苗与驱虫日程；小猫疫苗要打几针？；小猫多大开始打疫苗？；幼猫驱虫多久做一次？；小猫疫苗与驱虫日程怎么办；小猫第一次驱虫什么时候做？；小猫有母源抗体还需要打疫苗吗？；小猫精神状态良好、食欲正常；排便可见虫体或米粒样节片；腹部膨大但体重偏轻；被毛粗乱、肛门周围有污渍或搔抓；幼猫日龄或月龄不明确，需记录体重变化；注射部位轻度触痛或短暂精神稍差多属常见，持续肿胀或疼痛需重视；幼猫母源抗体会干扰部分疫苗的免疫应答，通常需多次接种完成基础免疫；核心疫苗（如猫瘟、猫疱疹病毒、猫杯状病毒相关疫苗）通常以联合疫苗形式接种，一般从6-8周龄开始首免，每3-4周一次，直至16周龄左右；一般风险幼猫通常在16周龄左右完成基础免疫即可；仅在高风险情境下，部分指南才建议16-20周龄进行最后一次核心疫苗补强；在高风险环境中，兽医可能评估是否提前首免或调整间隔，不提供用户自行决策建议；幼猫驱虫通常从2-3周龄开始，每2周一次至断奶后，之后可按月龄和风险评估调整频率；母源抗体水平因母猫免疫状态和初乳摄入情况而异，无法仅凭外观判断保护力；持续呕吐、腹泻或血便；精神萎靡、不吃奶或拒食超过数小时；呼吸急促、张口呼吸或黏膜苍白；抽搐、共济失调或无法站立；疫苗接种或驱虫后数小时内出现面部肿胀、皮肤荨麻疹或反复呕吐。,"[{""source_id"":""PMC7910975"",""title"":""Early Life Vaccination of Companion Animal Pets"",""url"":""https://pmc.ncbi.nlm.nih.gov/articles/PMC7910975/"",""license"":""CC BY 4.0"",""page_or_section"":""Abstract"",""verification_status"":""source_identity_license_and_locator_verified_2026-08-12; veterinary_claim_review_pending"",""support_note"":""中文内容为保守概括；来源用于支持主题、物种和风险边界，不代表个体诊断。"",""change_note"":""来源身份、商业许可、题名和定位已核对；未逐字复制。""}]",Only verified CC BY/CC0 evidence is retained; attribution and change notices are mandatory.,true,phrase_expansion_and_new_cards_applied_v1_7,blocked_pending_mainland_China_licensed_veterinarian_review,true,test,false,6d2655fb2a429f514f057819adc67b743a57c76a7480a326753d365d7a2b8b14
V17-CAT-BEH-001,1.8.0-open-mvp-retrieval-and-safety-repair-draft,zh-CN,猫应激与躲藏,"[""cat""]",behavior,common_disease_health_education_and_triage,适用于猫因环境变化、访客、运输等常见压力源引起的急性躲藏与轻度应激表现。不替代兽医诊断；如伴随拒食、排泄异常、呼吸困难或明显疼痛表现，需及时就医。,"[""猫应激与躲藏"",""猫应激与躲藏怎么办"",""怎么判断猫是应激还是生病了"",""搬家后猫不吃不拉还躲着，怎么办"",""带猫去医院前怎么让它不那么害怕"",""家里来了客人后猫躲进床底，怎么哄"",""猫换环境后一直躲着不出来，正常吗""]","[""躲在床底、柜顶、沙发后等隐蔽处，长时间不出来"",""身体蜷缩、尾巴紧贴身体、耳朵向后或平贴"",""呼吸急促、瞳孔放大、胡须向后收紧"",""对平时喜欢的食物、玩具或呼唤反应减弱"",""出现过度梳理、不吃不喝、不排尿排便或躲藏时发出低吼""]","[""猫在环境改变、陌生人来访、运输或巨大声响后，常会先躲藏以降低威胁感"",""躲藏是猫面对压力时的常见自我保护行为，多数猫会在环境恢复平静后逐渐放松，但若躲藏持续超过1-2天或伴随进食/排泄异常，应进一步评估是否已超出一般应激"",""给猫提供安静、可自由进出的隐蔽空间，有助于缩短躲藏时间"",""突然的环境或作息改变是常见的猫应激来源，可能伴随食欲下降或排泄行为改变"",""在就医前使用遮盖的航空箱、减少晃动和噪音，可降低运输过程中的恐惧反应""]","[""猫从什么时候开始躲藏？"",""当时发生了什么变化？"",""除了躲藏，它最近24小时的进食、喝水和排尿排便情况如何？""]",先给猫保留安静、可自由进出的躲藏空间，不强行抱出；暂时减少访客、噪音和不必要的环境变动。继续观察是否自主进食饮水及使用猫砂盆。如出现任一红旗表现，应立即就医或前往急诊。,"[""超过24小时不进食；或出现反复用力但无尿、只能滴尿（排尿异常无需等待24小时）"",""躲藏同时出现呼吸费力、张口呼吸或黏膜发紫"",""反复呕吐、腹泻或腹部明显胀大"",""尝试移动时惨叫、跛行或无法站立"",""精神极差、对强烈刺激无反应或抽搐"",""频繁进出猫砂盆、蹲着用力但无尿排出，或腹部触碰时明显疼痛/抗拒""]",猫应激与躲藏；猫应激与躲藏怎么办；怎么判断猫是应激还是生病了；搬家后猫不吃不拉还躲着，怎么办；带猫去医院前怎么让它不那么害怕；家里来了客人后猫躲进床底，怎么哄；猫换环境后一直躲着不出来，正常吗；躲在床底、柜顶、沙发后等隐蔽处，长时间不出来；身体蜷缩、尾巴紧贴身体、耳朵向后或平贴；呼吸急促、瞳孔放大、胡须向后收紧；对平时喜欢的食物、玩具或呼唤反应减弱；出现过度梳理、不吃不喝、不排尿排便或躲藏时发出低吼；猫在环境改变、陌生人来访、运输或巨大声响后，常会先躲藏以降低威胁感；躲藏是猫面对压力时的常见自我保护行为，多数猫会在环境恢复平静后逐渐放松，但若躲藏持续超过1-2天或伴随进食/排泄异常，应进一步评估是否已超出一般应激；给猫提供安静、可自由进出的隐蔽空间，有助于缩短躲藏时间；突然的环境或作息改变是常见的猫应激来源，可能伴随食欲下降或排泄行为改变；在就医前使用遮盖的航空箱、减少晃动和噪音，可降低运输过程中的恐惧反应；超过24小时不进食；或出现反复用力但无尿、只能滴尿（排尿异常无需等待24小时）；躲藏同时出现呼吸费力、张口呼吸或黏膜发紫；反复呕吐、腹泻或腹部明显胀大；尝试移动时惨叫、跛行或无法站立；精神极差、对强烈刺激无反应或抽搐；频繁进出猫砂盆、蹲着用力但无尿排出，或腹部触碰时明显疼痛/抗拒。,"[{""source_id"":""PMC9334771"",""title"":""Dealing With Stress in Cats: What Is New About the Olfactory Strategy?"",""url"":""https://pmc.ncbi.nlm.nih.gov/articles/PMC9334771/"",""license"":""CC BY"",""page_or_section"":""Abstract"",""verification_status"":""source_identity_license_and_locator_verified_2026-08-12; veterinary_claim_review_pending"",""support_note"":""中文内容为保守概括；来源用于支持主题、物种和风险边界，不代表个体诊断。"",""change_note"":""来源身份、商业许可、题名和定位已核对；未逐字复制。""}]",Only verified CC BY/CC0 evidence is retained; attribution and change notices are mandatory.,true,urgent_triage_threshold_repaired_v1_8,blocked_pending_mainland_China_licensed_veterinarian_review,true,test,false,6face2acc35c539e3a3349bbdcf5a9395fdd3933e09d2c7ced78a6af8e67fa17
V17-CAT-ORAL-002,1.8.0-open-mvp-retrieval-and-safety-repair-draft,zh-CN,猫牙吸收与口腔疼痛,"[""cat""]",oral,common_disease_health_education_and_triage,适用于疑似猫牙吸收或口腔疼痛的家庭观察与初步应对，不替代口腔检查和牙科X线等兽医诊断。,"[""猫牙吸收与口腔疼痛"",""猫不让人碰嘴还流口水"",""猫牙吸收与口腔疼痛怎么办"",""猫牙齿上有个小洞是不是烂牙"",""猫只舔罐头不嚼猫粮是牙疼吗"",""猫吃饭突然甩头或惨叫怎么回事""]","[""靠近牙龈的牙颈部出现缺损或凹陷"",""进食时甩头、突然叫、吃一半躲开"",""流口水或口水带血丝"",""拒绝硬食，只舔软食或吃得很慢"",""不让触碰口鼻区域，触碰时躲避或攻击""]","[""牙吸收是猫常见的口腔问题，牙齿被自身细胞逐渐破坏"",""病变常发生在牙齿靠近牙龈的位置，肉眼可能看到凹陷或红肿"",""牙吸收会引起明显疼痛，但猫常通过改变进食方式表现而非明显惨叫"",""牙吸收的确诊需要口腔检查和牙科X线来判断破坏范围"",""牙吸收无法自行愈合，疼痛管理和处理需由兽医完成""]","[""猫咪吃饭时是咀嚼后吐出来还是完全不碰食物？"",""口水中有没有血丝？"",""宠物张嘴或呼吸时有没有明显异味？""]",在猫咪还愿意进食的前提下，可先改喂软质食物，避免触碰口腔和牙齿，这只是就诊前的临时缓解措施，不应因猫咪还在吃软食就推迟预约。尽快预约兽医进行口腔检查和牙科X线。若出现任何红旗表现，应立即就医或前往急诊。,"[""完全拒食超过24小时"",""持续流涎且明显带血"",""精神萎靡、发烧、面部或下颌明显肿胀或波动性肿胀"",""张口困难或眼球突出"",""疼痛剧烈、无法安静或抗拒到无法靠近""]",猫牙吸收与口腔疼痛；猫不让人碰嘴还流口水；猫牙吸收与口腔疼痛怎么办；猫牙齿上有个小洞是不是烂牙；猫只舔罐头不嚼猫粮是牙疼吗；猫吃饭突然甩头或惨叫怎么回事；靠近牙龈的牙颈部出现缺损或凹陷；进食时甩头、突然叫、吃一半躲开；流口水或口水带血丝；拒绝硬食，只舔软食或吃得很慢；不让触碰口鼻区域，触碰时躲避或攻击；牙吸收是猫常见的口腔问题，牙齿被自身细胞逐渐破坏；病变常发生在牙齿靠近牙龈的位置，肉眼可能看到凹陷或红肿；牙吸收会引起明显疼痛，但猫常通过改变进食方式表现而非明显惨叫；牙吸收的确诊需要口腔检查和牙科X线来判断破坏范围；牙吸收无法自行愈合，疼痛管理和处理需由兽医完成；完全拒食超过24小时；持续流涎且明显带血；精神萎靡、发烧、面部或下颌明显肿胀或波动性肿胀；张口困难或眼球突出；疼痛剧烈、无法安静或抗拒到无法靠近。,"[{""source_id"":""PMC10417119"",""title"":""Feline Tooth Resorption: A Description of the Severity of the Disease in Regard to Animal’s Age, Sex, Breed and Clinical Presentation"",""url"":""https://pmc.ncbi.nlm.nih.gov/articles/PMC10417119/"",""license"":""CC BY 4.0"",""page_or_section"":""Abstract"",""verification_status"":""source_identity_license_and_locator_verified_2026-08-12; veterinary_claim_review_pending"",""support_note"":""中文内容为保守概括；来源用于支持主题、物种和风险边界，不代表个体诊断。"",""change_note"":""来源身份、商业许可、题名和定位已核对；未逐字复制。""}]",Only verified CC BY/CC0 evidence is retained; attribution and change notices are mandatory.,true,phrase_expansion_and_new_cards_applied_v1_7,blocked_pending_mainland_China_licensed_veterinarian_review,true,test,false,d363be271dd0942d86bd778d631e8447b887db16b0979b2bcac45c6132957f26
V17-CAT-DX-001,1.8.0-open-mvp-retrieval-and-safety-repair-draft,zh-CN,猫多饮多尿排查,"[""cat""]",diagnostics,common_disease_health_education_and_triage,适用于猫出现多饮多尿时的家庭观察与就诊前准备，不替代兽医诊断。不含具体饮水量医学阈值判断、药物剂量和任何治疗方案。,"[""猫多饮多尿排查"",""猫多饮多尿排查怎么办"",""猫一天应该喝多少水算正常"",""我家猫吃得多喝得多但还瘦了"",""猫总跑猫砂盆尿尿，需要做哪些检查？"",""猫最近喝水量突然变多，尿团也大，正常吗""]","[""水碗水位下降速度明显比以前快"",""猫砂盆尿团数量变多、体积变大、更沉"",""频繁进出猫砂盆，有时尿团巨大"",""食欲可能增加但体重反而下降"",""精神变差、被毛变差或呕吐""]","[""猫正常饮水量通常按体重估算，明显持续超标可作为多饮的参考信号"",""多饮多尿常提示慢性肾病、糖尿病、甲状腺功能亢进等，但也可见于其他代谢或内分泌疾病"",""单看饮水量不能确诊任何疾病，需要结合尿检和血检综合判断"",""记录每天饮水量和尿团数量，能为后续就诊提供重要信息""]","[""多饮多尿大概出现了几天，是突然加重还是慢慢变化？"",""和之前相比，最近食量是增加、减少还是没变？"",""目前精神如何？是否正常活动或比平时嗜睡？""]",保持饮水充足，不要限制喝水。先在家连续记录2到3天饮水量、尿团数量和大小，同时观察食欲、体重、精神状态。如果出现任何红旗表现，应立即就医或急诊。,"[""完全不排尿、反复进出猫砂盆却尿不出或只滴几滴"",""尿中带血、排尿时惨叫或明显疼痛"",""精神极差、嗜睡、站不稳或瘫软"",""频繁呕吐或呼吸急促"",""体温高伴精神极差，提示感染或败血症风险"",""腹部短期内明显胀大，提示液体积聚或严重器官病变""]",猫多饮多尿排查；猫多饮多尿排查怎么办；猫一天应该喝多少水算正常；我家猫吃得多喝得多但还瘦了；猫总跑猫砂盆尿尿，需要做哪些检查？；猫最近喝水量突然变多，尿团也大，正常吗；水碗水位下降速度明显比以前快；猫砂盆尿团数量变多、体积变大、更沉；频繁进出猫砂盆，有时尿团巨大；食欲可能增加但体重反而下降；精神变差、被毛变差或呕吐；猫正常饮水量通常按体重估算，明显持续超标可作为多饮的参考信号；多饮多尿常提示慢性肾病、糖尿病、甲状腺功能亢进等，但也可见于其他代谢或内分泌疾病；单看饮水量不能确诊任何疾病，需要结合尿检和血检综合判断；记录每天饮水量和尿团数量，能为后续就诊提供重要信息；完全不排尿、反复进出猫砂盆却尿不出或只滴几滴；尿中带血、排尿时惨叫或明显疼痛；精神极差、嗜睡、站不稳或瘫软；频繁呕吐或呼吸急促；体温高伴精神极差，提示感染或败血症风险；腹部短期内明显胀大，提示液体积聚或严重器官病变。,"[{""source_id"":""PMC7704312"",""title"":""Urinalysis in dog and cat: A review"",""url"":""https://pmc.ncbi.nlm.nih.gov/articles/PMC7704312/"",""license"":""CC BY 4.0"",""page_or_section"":""Abstract"",""verification_status"":""source_identity_license_and_locator_verified_2026-08-12; veterinary_claim_review_pending"",""support_note"":""中文内容为保守概括；来源用于支持主题、物种和风险边界，不代表个体诊断。"",""change_note"":""来源身份、商业许可、题名和定位已核对；未逐字复制。""}]",Only verified CC BY/CC0 evidence is retained; attribution and change notices are mandatory.,true,phrase_expansion_and_new_cards_applied_v1_7,blocked_pending_mainland_China_licensed_veterinarian_review,true,test,false,a90c070251b496668986e6d8a10783b19734cdfcdd4f785ddbbb7bb90512a9e2
V17-CAT-END-001,1.8.0-open-mvp-retrieval-and-safety-repair-draft,zh-CN,猫体重下降排查,"[""cat""]",endocrine,common_disease_health_education_and_triage,本卡片仅用于帮助主人观察和准备就诊信息，不能替代兽医师诊断。涉及检查项目、诊断结论、具体药物或治疗剂量均需由执业兽医师根据个体情况决定。,"[""猫体重下降排查"",""猫咪最近变瘦了正常吗"",""猫体重下降排查怎么办"",""猫突然瘦了要做什么检查"",""猫咪喝水变多尿也多还瘦了"",""老猫体重掉了不少但精神还行"",""我家猫吃得挺多但一直瘦是怎么回事""]","[""食欲很好甚至明显增加，但体重持续下降"",""食欲明显下降或挑食，体重逐渐减轻"",""饮水量和排尿量比平时明显增多"",""被毛变得粗糙、凌乱或出现脱毛"",""活动量减少、精神变差或出现呕吐"",""脊柱、骨盆处肌肉明显流失，肋部可见消瘦"",""眼窝凹陷或皮肤回弹变差""]","[""糖尿病猫常见多饮、多尿和体重下降，但并非所有猫都表现全部症状；确诊需结合血糖、果糖胺或尿检，单凭症状不能诊断"",""甲亢常伴心率增快或心脏异常，需由兽医在全身体检中评估""]","[""猫的年龄是多大，是否已经绝育？"",""最近有没有使用过任何药物（包括驱虫药或外用药）？"",""进食时有没有表现出疼痛、流口水、掉食物或吞咽困难？""]",记录2-3天的食欲、饮水和排尿情况，并预约兽医进行基础检查（称重、血常规、生化、尿液检查，必要时加查甲状腺素）。若出现任一红旗表现，请立即就医或前往急诊。,"[""完全不吃超过24小时"",""明显虚弱、无法站立或反应迟钝"",""频繁呕吐或无法进水"",""呼吸急促、张口呼吸或明显痛苦"",""体重短时间内快速下降且精神极差"",""呼吸带有烂苹果味或酮味"",""极多饮多尿后突然不进食并明显沉郁"",""虚脱、体温异常或触感发凉"",""严重腹泻或呕吐伴体重快速下降""]",猫体重下降排查；猫咪最近变瘦了正常吗；猫体重下降排查怎么办；猫突然瘦了要做什么检查；猫咪喝水变多尿也多还瘦了；老猫体重掉了不少但精神还行；我家猫吃得挺多但一直瘦是怎么回事；食欲很好甚至明显增加，但体重持续下降；食欲明显下降或挑食，体重逐渐减轻；饮水量和排尿量比平时明显增多；被毛变得粗糙、凌乱或出现脱毛；活动量减少、精神变差或出现呕吐；脊柱、骨盆处肌肉明显流失，肋部可见消瘦；眼窝凹陷或皮肤回弹变差；糖尿病猫常见多饮、多尿和体重下降，但并非所有猫都表现全部症状；确诊需结合血糖、果糖胺或尿检，单凭症状不能诊断；甲亢常伴心率增快或心脏异常，需由兽医在全身体检中评估；完全不吃超过24小时；明显虚弱、无法站立或反应迟钝；频繁呕吐或无法进水；呼吸急促、张口呼吸或明显痛苦；体重短时间内快速下降且精神极差；呼吸带有烂苹果味或酮味；极多饮多尿后突然不进食并明显沉郁；虚脱、体温异常或触感发凉；严重腹泻或呕吐伴体重快速下降。,"[{""source_id"":""DOI-10.3390-antiox10091496"",""title"":""Management of Feline Hyperthyroidism and the Need to Prevent Oxidative Stress: What Can We Learn from Human Research?"",""url"":""https://www.mdpi.com/2076-3921/10/9/1496"",""license"":""CC BY 4.0"",""page_or_section"":""Abstract"",""verification_status"":""source_identity_license_and_locator_verified_2026-08-12; veterinary_claim_review_pending"",""support_note"":""中文内容为保守概括；来源用于支持主题、物种和风险边界，不代表个体诊断。"",""change_note"":""来源身份、商业许可、题名和定位已核对；未逐字复制。""}]",Only verified CC BY/CC0 evidence is retained; attribution and change notices are mandatory.,true,phrase_expansion_and_new_cards_applied_v1_7,blocked_pending_mainland_China_licensed_veterinarian_review,true,test,false,1a99caaae9070d4aacb755e5e0194aadd39b3a68b6d80eb6d2bf392cec5940b6
V17-CAT-SEN-001,1.8.0-open-mvp-retrieval-and-safety-repair-draft,zh-CN,猫认知障碍（老年猫夜叫）,"[""cat""]",senior_cognitive,common_disease_health_education_and_triage,适用于11岁以上老年猫出现夜间嚎叫或疑似认知功能障碍的家庭初步识别与护理参考，不替代兽医诊断，不提供药物剂量与处方，不建议主人自行用药。,"[""猫认知障碍"",""猫认知障碍怎么办"",""老猫半夜一直叫怎么回事"",""猫咪老了好像不认识我了还总叫"",""我家十几岁的猫晚上不睡觉乱嚎"",""老年猫在家里转圈叫唤是什么问题""]","[""夜间或凌晨发出响亮、持续的嚎叫，白天较少"",""在熟悉环境中徘徊、转圈或盯着墙角发呆"",""似乎不认识家人或对呼唤反应变差"",""猫砂盆外排尿或排便"",""睡眠节律改变，白天多睡、夜间活动增多""]","[""猫认知障碍常见于11岁以上老年猫，发病率随年龄增加而上升"",""夜间嚎叫是猫认知障碍的常见表现之一，可能与睡眠-觉醒节律改变有关"",""疼痛（如关节炎、牙痛）、甲状腺功能亢进、高血压、慢性肾病等也会引起老年猫夜间叫唤，需先排查；高血压可能引发视网膜剥离和突然失明"",""认知障碍的猫常同时出现定向力下降、社交互动改变和排泄行为异常"",""原发性猫认知障碍目前无法彻底逆转，但若夜间叫唤由甲亢、疼痛、高血压等躯体疾病引起，针对病因治疗可显著改善症状；同时环境管理可改善生活质量""]","[""最近是否做过全身体检、血压、甲状腺和关节疼痛评估？"",""夜间叫唤是从什么时候开始的，频率和持续时长大约是多少？"",""夜间叫唤时是否伴随无目的徘徊或对主人的呼唤反应明显下降？""]",先带猫做一次老年猫基础体检（含血压、甲状腺功能和疼痛评估），排除可治疗的躯体疾病。若无明显异常，可通过夜间留一盏小夜灯、保持环境安静稳定、睡前提供舒适保暖的休息区、增加白天的温和互动来减轻夜间叫唤。出现任一红旗表现应立即就医或急诊。,"[""猫出现呼吸困难、张口呼吸或舌头发紫"",""突然无法站立、后肢拖行或抽搐"",""超过24小时不进食；或反复排尿姿势但无尿、只能滴尿（排尿异常无需等待固定时长）"",""叫唤伴随瞳孔异常、眼球震颤或意识状态改变"",""突然失明或频繁进入猫砂盆但无法排出尿液并惨叫（尤其公猫）""]",猫认知障碍（老年猫夜叫）；猫认知障碍；猫认知障碍怎么办；老猫半夜一直叫怎么回事；猫咪老了好像不认识我了还总叫；我家十几岁的猫晚上不睡觉乱嚎；老年猫在家里转圈叫唤是什么问题；夜间或凌晨发出响亮、持续的嚎叫，白天较少；在熟悉环境中徘徊、转圈或盯着墙角发呆；似乎不认识家人或对呼唤反应变差；猫砂盆外排尿或排便；睡眠节律改变，白天多睡、夜间活动增多；猫认知障碍常见于11岁以上老年猫，发病率随年龄增加而上升；夜间嚎叫是猫认知障碍的常见表现之一，可能与睡眠-觉醒节律改变有关；疼痛（如关节炎、牙痛）、甲状腺功能亢进、高血压、慢性肾病等也会引起老年猫夜间叫唤，需先排查；高血压可能引发视网膜剥离和突然失明；认知障碍的猫常同时出现定向力下降、社交互动改变和排泄行为异常；原发性猫认知障碍目前无法彻底逆转，但若夜间叫唤由甲亢、疼痛、高血压等躯体疾病引起，针对病因治疗可显著改善症状；同时环境管理可改善生活质量；猫出现呼吸困难、张口呼吸或舌头发紫；突然无法站立、后肢拖行或抽搐；超过24小时不进食；或反复排尿姿势但无尿、只能滴尿（排尿异常无需等待固定时长）；叫唤伴随瞳孔异常、眼球震颤或意识状态改变；突然失明或频繁进入猫砂盆但无法排出尿液并惨叫（尤其公猫）。,"[{""source_id"":""PMC7819322"",""title"":""Feline cognitive dysfunction as a model for Alzheimer’s disease in the research of CBD as a potential treatment—a narrative review"",""url"":""https://pmc.ncbi.nlm.nih.gov/articles/PMC7819322/"",""license"":""CC BY 4.0"",""page_or_section"":""Abstract"",""verification_status"":""source_identity_license_and_locator_verified_2026-08-12; veterinary_claim_review_pending"",""support_note"":""中文内容为保守概括；来源用于支持主题、物种和风险边界，不代表个体诊断。"",""change_note"":""来源身份、商业许可、题名和定位已核对；未逐字复制。""}]",Only verified CC BY/CC0 evidence is retained; attribution and change notices are mandatory.,true,urgent_triage_threshold_repaired_v1_8,blocked_pending_mainland_China_licensed_veterinarian_review,true,test,false,7fe34a39fbb2ddb487115e96072e9bb302fcc39d3b9901b2f803ddab60d9a7f9
V18-DOG-RESP-001,1.8.0-open-mvp-retrieval-and-safety-repair-draft,zh-CN,犬反向喷嚏怎么判断,"[""dog""]",respiratory,simple_owner_question,用于常见日常问题的家庭观察、风险识别和就医时机判断；不替代兽医诊断，不提供药物或剂量。,"[""狗突然倒吸气一样哼哧"",""狗像吸不上气但很快恢复"",""狗反向打喷嚏怎么办"",""狗一阵一阵用力吸鼻子""]","[""突然快速、用力地向内吸气并发出鼻咽部响声"",""多数发作持续时间较短，发作后可恢复正常""]","[""反向喷嚏是鼻咽部刺激引发的反射性动作"",""反复、持续或伴鼻分泌物的发作需要排查鼻腔或鼻咽部问题""]","[""每次发作大约持续多久、一天几次？"",""是否伴单侧鼻涕、鼻血、咳嗽或吞咽困难？"",""发作后精神、呼吸是否完全恢复？""]",保持环境安静并拍摄完整视频，不要堵住鼻孔、强行掰嘴或把手伸进咽部。偶发且很快完全恢复时可记录观察；频率增加、持续不缓解或伴其他症状时安排兽医检查。,"[""持续呼吸费力或张口呼吸"",""牙龈或舌头发蓝发灰"",""倒地或意识异常"",""鼻出血、单侧脓性鼻涕或发作越来越频繁""]",犬反向喷嚏怎么判断；狗突然倒吸气一样哼哧；狗像吸不上气但很快恢复；狗反向打喷嚏怎么办；狗一阵一阵用力吸鼻子；突然快速、用力地向内吸气并发出鼻咽部响声；多数发作持续时间较短，发作后可恢复正常；反向喷嚏是鼻咽部刺激引发的反射性动作；反复、持续或伴鼻分泌物的发作需要排查鼻腔或鼻咽部问题；持续呼吸费力或张口呼吸；牙龈或舌头发蓝发灰；倒地或意识异常；鼻出血、单侧脓性鼻涕或发作越来越频繁。,"[{""source_id"":""PMC9782110"",""title"":""Reverse Sneezing in Dogs: Observational Study in 30 Cases"",""url"":""https://pmc.ncbi.nlm.nih.gov/articles/PMC9782110/"",""license"":""CC BY 4.0"",""page_or_section"":""Abstract and relevant results/discussion"",""verification_status"":""source_identity_license_and_locator_verified_2026-08-17; veterinary_claim_review_pending"",""support_note"":""中文内容为保守概括；仅用于健康教育和分诊边界，不代表个体诊断。"",""change_note"":""已核对来源身份、商业许可和主题相关性；未逐字复制。""}]",Only verified CC BY/CC0 evidence is retained; attribution and change notices are mandatory.,true,new_daily_life_card_v1_8,blocked_pending_mainland_China_licensed_veterinarian_review,true,test,false,40753716661be5c6df930cb8a9e3be9282433e8a33436c247be27f77ab251147
V18-DOG-BEH-001,1.8.0-open-mvp-retrieval-and-safety-repair-draft,zh-CN,犬吃自己或其他动物的粪便,"[""dog""]",behavior,simple_owner_question,用于常见日常问题的家庭观察、风险识别和就医时机判断；不替代兽医诊断，不提供药物或剂量。,"[""狗为什么吃屎"",""狗总捡别的狗粪便吃"",""幼犬吃自己大便怎么办"",""狗食粪怎么纠正""]","[""主动寻找、嗅闻并吞食新鲜粪便"",""可能发生在散步、犬舍或排便后""]","[""食粪在部分犬中是反复出现的行为"",""单一添加剂或惩罚并没有可靠的一次性解决证据"",""突然出现并伴体重或粪便变化时需要排查健康和营养问题""]","[""是吃自己的、同住动物的还是户外不明粪便？"",""最近食欲、体重、排便和驱虫情况有无变化？"",""是否能通过牵引和及时清理阻止接触？""]",及时清理粪便，散步时使用牵引并用奖励引导离开，不追打或把狗按向粪便。若是突然出现、频率明显增加，或伴消瘦、腹泻、食欲异常，应进行粪便及基础健康检查。,"[""反复呕吐或严重腹泻"",""明显消瘦、多食仍掉体重"",""精神差、脱水或便血"",""吞食含药物、毒物或来源不明的人类粪便""]",犬吃自己或其他动物的粪便；狗为什么吃屎；狗总捡别的狗粪便吃；幼犬吃自己大便怎么办；狗食粪怎么纠正；主动寻找、嗅闻并吞食新鲜粪便；可能发生在散步、犬舍或排便后；食粪在部分犬中是反复出现的行为；单一添加剂或惩罚并没有可靠的一次性解决证据；突然出现并伴体重或粪便变化时需要排查健康和营养问题；反复呕吐或严重腹泻；明显消瘦、多食仍掉体重；精神差、脱水或便血；吞食含药物、毒物或来源不明的人类粪便。,"[{""source_id"":""PMC5980124"",""title"":""The paradox of canine conspecific coprophagy"",""url"":""https://pmc.ncbi.nlm.nih.gov/articles/PMC5980124/"",""license"":""CC BY 4.0"",""page_or_section"":""Abstract and relevant results/discussion"",""verification_status"":""source_identity_license_and_locator_verified_2026-08-17; veterinary_claim_review_pending"",""support_note"":""中文内容为保守概括；仅用于健康教育和分诊边界，不代表个体诊断。"",""change_note"":""已核对来源身份、商业许可和主题相关性；未逐字复制。""}]",Only verified CC BY/CC0 evidence is retained; attribution and change notices are mandatory.,true,new_daily_life_card_v1_8,blocked_pending_mainland_China_licensed_veterinarian_review,true,test,false,4a2b3eac988d6b3458809717e71e06dc0eed1e5380abbfd65c1ed94cf63d5299
V18-DOG-BEH-002,1.8.0-open-mvp-retrieval-and-safety-repair-draft,zh-CN,犬害怕雷声、烟花或爆竹,"[""dog""]",behavior,simple_owner_question,用于常见日常问题的家庭观察、风险识别和就医时机判断；不替代兽医诊断，不提供药物或剂量。,"[""狗怕打雷一直抖"",""放烟花狗躲起来不出来"",""狗听到爆竹就想逃跑"",""狗噪声恐惧怎么办""]","[""发抖、喘气、躲藏、流涎、踱步或试图逃跑"",""可能在声音出现前后持续紧张""]","[""烟花和雷声恐惧是犬常见的噪声相关行为问题"",""强行暴露或惩罚可能加重恐惧"",""严重个体需要兽医行为评估和提前制定计划""]","[""是否出现撞门、跳窗或破坏性逃跑？"",""恐惧只发生在烟花雷声还是其他声音也会触发？"",""平时是否有疼痛、老化或近期行为突然改变？""]",提前准备可自由进入的安静躲藏区，关闭门窗并确认身份牌和牵引安全，可用稳定背景声降低突发噪声。允许狗自行躲藏，不拖出、不训斥；在没有噪声时进行低强度、循序渐进的适应训练。严重情况提前咨询兽医。,"[""撞击、跳窗或其他自伤"",""逃脱后无法找回或冲向交通区域"",""持续呼吸困难、倒地或意识异常"",""因恐惧出现无法安全控制的攻击行为""]",犬害怕雷声、烟花或爆竹；狗怕打雷一直抖；放烟花狗躲起来不出来；狗听到爆竹就想逃跑；狗噪声恐惧怎么办；发抖、喘气、躲藏、流涎、踱步或试图逃跑；可能在声音出现前后持续紧张；烟花和雷声恐惧是犬常见的噪声相关行为问题；强行暴露或惩罚可能加重恐惧；严重个体需要兽医行为评估和提前制定计划；撞击、跳窗或其他自伤；逃脱后无法找回或冲向交通区域；持续呼吸困难、倒地或意识异常；因恐惧出现无法安全控制的攻击行为。,"[{""source_id"":""PMC6730926"",""title"":""Not a one-way road—Severity, progression and prevention of firework fears in dogs"",""url"":""https://pmc.ncbi.nlm.nih.gov/articles/PMC6730926/"",""license"":""CC BY 4.0"",""page_or_section"":""Abstract and relevant results/discussion"",""verification_status"":""source_identity_license_and_locator_verified_2026-08-17; veterinary_claim_review_pending"",""support_note"":""中文内容为保守概括；仅用于健康教育和分诊边界，不代表个体诊断。"",""change_note"":""已核对来源身份、商业许可和主题相关性；未逐字复制。""}]",Only verified CC BY/CC0 evidence is retained; attribution and change notices are mandatory.,true,new_daily_life_card_v1_8,blocked_pending_mainland_China_licensed_veterinarian_review,true,test,false,5c35350ed3bcc916855ba7dae08d4622e14a704af733c78757317e2162757525
V18-DOG-BEH-003,1.8.0-open-mvp-retrieval-and-safety-repair-draft,zh-CN,犬乘车时流口水、紧张或呕吐,"[""dog""]",behavior,simple_owner_question,用于常见日常问题的家庭观察、风险识别和就医时机判断；不替代兽医诊断，不提供药物或剂量。,"[""狗一坐车就吐"",""狗坐车一直流口水"",""狗坐车喘气发抖"",""怎么让狗适应坐车""]","[""乘车时流涎、喘气、发抖、哀鸣或呕吐"",""看到车辆或进入车内就回避""]","[""道路运输可引起犬的生理和行为应激"",""逐步适应比一次长途强行暴露更稳妥"",""反复呕吐既可能与运动刺激有关，也可能需要排除其他疾病""]","[""是在车辆启动后出现，还是看到车就紧张？"",""短途和长途是否一样，是否每次都呕吐？"",""是否伴平时也会出现的呕吐、食欲下降或腹痛？""]",先从停驶车辆内的短时奖励和放松开始，再逐步增加极短距离行程；使用合适的固定装置，保持通风，绝不把宠物单独留在封闭车辆内。频繁呕吐或严重恐惧应在出行前咨询兽医，不自行使用人用晕车药。,"[""反复呕吐且无法饮水"",""持续剧烈喘气、体温升高或步态不稳"",""呼吸困难、牙龈颜色异常"",""倒地、抽搐或意识异常""]",犬乘车时流口水、紧张或呕吐；狗一坐车就吐；狗坐车一直流口水；狗坐车喘气发抖；怎么让狗适应坐车；乘车时流涎、喘气、发抖、哀鸣或呕吐；看到车辆或进入车内就回避；道路运输可引起犬的生理和行为应激；逐步适应比一次长途强行暴露更稳妥；反复呕吐既可能与运动刺激有关，也可能需要排除其他疾病；反复呕吐且无法饮水；持续剧烈喘气、体温升高或步态不稳；呼吸困难、牙龈颜色异常；倒地、抽搐或意识异常。,"[{""source_id"":""PMC7696770"",""title"":""Stress Response of Beagle Dogs to Repeated Short-Distance Road Transport"",""url"":""https://pmc.ncbi.nlm.nih.gov/articles/PMC7696770/"",""license"":""CC BY 4.0"",""page_or_section"":""Abstract and relevant results/discussion"",""verification_status"":""source_identity_license_and_locator_verified_2026-08-17; veterinary_claim_review_pending"",""support_note"":""中文内容为保守概括；仅用于健康教育和分诊边界，不代表个体诊断。"",""change_note"":""已核对来源身份、商业许可和主题相关性；未逐字复制。""}]",Only verified CC BY/CC0 evidence is retained; attribution and change notices are mandatory.,true,new_daily_life_card_v1_8,blocked_pending_mainland_China_licensed_veterinarian_review,true,test,false,1915939ab77a65b8c1b0548c3494b575551d66addaf132aad8f87186a5a794f6
V18-DOG-RESP-002,1.8.0-open-mvp-retrieval-and-safety-repair-draft,zh-CN,短头犬打鼾和呼吸声很大,"[""dog""]",respiratory,simple_owner_question,用于常见日常问题的家庭观察、风险识别和就医时机判断；不替代兽医诊断，不提供药物或剂量。,"[""法斗睡觉打呼正常吗"",""巴哥醒着也呼吸很响"",""短鼻狗一运动就喘得厉害"",""狗鼻子短呼吸费劲""]","[""睡眠或清醒时打鼾、呼噜、喘鸣或鼻声很重"",""耐运动差、怕热、睡眠不安或进食时干呕""]","[""短头犬的明显呼吸噪声可能提示上气道阻塞，不应仅因品种而视为正常"",""肥胖、高温、兴奋和运动可使呼吸负担加重"",""BOAS还可能影响睡眠、体温调节和胃肠道""]","[""清醒安静时是否也有明显呼吸声？"",""是否不耐运动、睡眠憋醒、干呕或反流？"",""高温或兴奋后是否出现发紫、站不稳或倒地？""]",避免高温和剧烈运动，保持理想体重并尽快安排气道评估。记录安静、睡眠和活动后的呼吸视频；不要把长期明显打鼾简单当作品种特点。,"[""张口呼吸或明显用力呼吸"",""舌头或牙龈发蓝发灰"",""运动或高温后倒地"",""呼吸快速恶化或无法平卧""]",短头犬打鼾和呼吸声很大；法斗睡觉打呼正常吗；巴哥醒着也呼吸很响；短鼻狗一运动就喘得厉害；狗鼻子短呼吸费劲；睡眠或清醒时打鼾、呼噜、喘鸣或鼻声很重；耐运动差、怕热、睡眠不安或进食时干呕；短头犬的明显呼吸噪声可能提示上气道阻塞，不应仅因品种而视为正常；肥胖、高温、兴奋和运动可使呼吸负担加重；BOAS还可能影响睡眠、体温调节和胃肠道；张口呼吸或明显用力呼吸；舌头或牙龈发蓝发灰；运动或高温后倒地；呼吸快速恶化或无法平卧。,"[{""source_id"":""PMC9673814"",""title"":""Brachycephalic obstructive airway syndrome: much more than a surgical problem"",""url"":""https://pmc.ncbi.nlm.nih.gov/articles/PMC9673814/"",""license"":""CC BY 4.0"",""page_or_section"":""Abstract and relevant results/discussion"",""verification_status"":""source_identity_license_and_locator_verified_2026-08-17; veterinary_claim_review_pending"",""support_note"":""中文内容为保守概括；仅用于健康教育和分诊边界，不代表个体诊断。"",""change_note"":""已核对来源身份、商业许可和主题相关性；未逐字复制。""}]",Only verified CC BY/CC0 evidence is retained; attribution and change notices are mandatory.,true,new_daily_life_card_v1_8,blocked_pending_mainland_China_licensed_veterinarian_review,true,test,false,3cc21eb33b6dfdba03730ad3a6bb69a60958b786eda5162b16272c4c217ff842
V18-DOG-BEH-004,1.8.0-open-mvp-retrieval-and-safety-repair-draft,zh-CN,犬护食或守护玩具,"[""dog""]",behavior,simple_owner_question,用于常见日常问题的家庭观察、风险识别和就医时机判断；不替代兽医诊断，不提供药物或剂量。,"[""狗吃饭时不让人靠近"",""狗护食低吼怎么办"",""拿狗玩具时它要咬人"",""狗守着骨头不让碰""]","[""接近食物或物品时身体僵硬、盯视、低吼、龇牙、扑咬"",""可能只守护特定物品，也可能逐渐扩大范围""]","[""资源守护包括回避、威胁或攻击行为"",""一次评估不能稳定预测所有家庭场景"",""突然出现的守护行为还需要排查疼痛或疾病""]","[""目前是否已经咬伤人或其他动物？"",""守护哪些物品，儿童是否可能接近？"",""行为是长期存在还是近期突然出现？""]",不要徒手抢夺、追赶或惩罚。先用门栏和分区避免儿童或其他宠物接近进食区域，停止提供会引发严重冲突的高价值物品，并联系采用奖励方法的专业行为人员；近期突然出现时先做健康检查。,"[""已经造成穿透性咬伤"",""儿童或老人无法与其安全隔离"",""守护范围快速扩大或无法安全喂食"",""伴疼痛、意识改变或其他突然行为变化""]",犬护食或守护玩具；狗吃饭时不让人靠近；狗护食低吼怎么办；拿狗玩具时它要咬人；狗守着骨头不让碰；接近食物或物品时身体僵硬、盯视、低吼、龇牙、扑咬；可能只守护特定物品，也可能逐渐扩大范围；资源守护包括回避、威胁或攻击行为；一次评估不能稳定预测所有家庭场景；突然出现的守护行为还需要排查疼痛或疾病；已经造成穿透性咬伤；儿童或老人无法与其安全隔离；守护范围快速扩大或无法安全喂食；伴疼痛、意识改变或其他突然行为变化。,"[{""source_id"":""PMC7552731"",""title"":""Abilities of Canine Shelter Behavioral Evaluations and Owner Surrender Profiles to Predict Resource Guarding in Adoptive Homes"",""url"":""https://pmc.ncbi.nlm.nih.gov/articles/PMC7552731/"",""license"":""CC BY 4.0"",""page_or_section"":""Abstract and relevant results/discussion"",""verification_status"":""source_identity_license_and_locator_verified_2026-08-17; veterinary_claim_review_pending"",""support_note"":""中文内容为保守概括；仅用于健康教育和分诊边界，不代表个体诊断。"",""change_note"":""已核对来源身份、商业许可和主题相关性；未逐字复制。""}]",Only verified CC BY/CC0 evidence is retained; attribution and change notices are mandatory.,true,new_daily_life_card_v1_8,blocked_pending_mainland_China_licensed_veterinarian_review,true,test,false,ebb4058a8c501b1ec8395199aaf7b890e3daf4b1d2ae56a7ac2ca2de233634fb
V18-DOG-PED-001,1.8.0-open-mvp-retrieval-and-safety-repair-draft,zh-CN,幼犬换牙期啃咬家具和人的手,"[""dog""]",pediatrics,simple_owner_question,用于常见日常问题的家庭观察、风险识别和就医时机判断；不替代兽医诊断，不提供药物或剂量。,"[""幼犬一直咬手怎么办"",""小狗换牙乱咬家具"",""幼犬磨牙要准备什么"",""小狗什么都啃会不会吞下去""]","[""用嘴探索环境、啃咬家具或人的手脚"",""换牙阶段啃咬需求可能增加""]","[""啃咬是犬的自然行为，幼犬期尤其常见"",""应通过环境管理和合适物品引导，而不是体罚"",""过硬、易碎或尺寸不合适的物品可能造成牙齿损伤、噎塞或异物""]","[""是否已经吞下布、塑料、线绳或玩具碎片？"",""口腔是否出血、牙齿断裂或明显疼痛？"",""每天是否有合适的互动、休息和安全啃咬物？""]",收好电线、药物、布料和小物件，在监督下提供尺寸合适、不易碎裂的犬用啃咬玩具；咬手时暂停互动并转向玩具，不打嘴或强行压制。发现吞咽物品或牙齿受伤时及时就医。,"[""吞食线绳、布料、塑料或玩具碎片"",""反复干呕、呕吐或腹部疼痛"",""口腔持续出血或牙齿断裂"",""无法吞咽、呼吸异常或突然虚弱""]",幼犬换牙期啃咬家具和人的手；幼犬一直咬手怎么办；小狗换牙乱咬家具；幼犬磨牙要准备什么；小狗什么都啃会不会吞下去；用嘴探索环境、啃咬家具或人的手脚；换牙阶段啃咬需求可能增加；啃咬是犬的自然行为，幼犬期尤其常见；应通过环境管理和合适物品引导，而不是体罚；过硬、易碎或尺寸不合适的物品可能造成牙齿损伤、噎塞或异物；吞食线绳、布料、塑料或玩具碎片；反复干呕、呕吐或腹部疼痛；口腔持续出血或牙齿断裂；无法吞咽、呼吸异常或突然虚弱。,"[{""source_id"":""PMC11980702"",""title"":""Functional significance and welfare implications of chewing in dogs (Canis familiaris)"",""url"":""https://pmc.ncbi.nlm.nih.gov/articles/PMC11980702/"",""license"":""CC BY 4.0"",""page_or_section"":""Review sections on chewing function and welfare risks"",""verification_status"":""source_identity_license_and_locator_verified_2026-08-17; veterinary_claim_review_pending"",""support_note"":""中文内容为保守概括；仅用于健康教育和分诊边界，不代表个体诊断。"",""change_note"":""已核对来源身份、商业许可和主题相关性；未逐字复制。""}]",Only verified CC BY/CC0 evidence is retained; attribution and change notices are mandatory.,true,new_daily_life_card_v1_8,blocked_pending_mainland_China_licensed_veterinarian_review,true,test,false,7242b0d221d9a50d56650de49e4a4d4cd9171615e5846ec7f1a1215734c4bdb0
V18-DOG-INJ-001,1.8.0-open-mvp-retrieval-and-safety-repair-draft,zh-CN,高温地面导致犬脚垫不适或烫伤,"[""dog""]",minor_injury,simple_owner_question,用于常见日常问题的家庭观察、风险识别和就医时机判断；不替代兽医诊断，不提供药物或剂量。,"[""夏天遛狗脚垫烫伤"",""狗走完热地面一直舔脚"",""狗脚垫起泡怎么办"",""柏油路太热狗不肯走""]","[""接触热地面后突然跛行、频繁舔脚或拒绝行走"",""脚垫可能发红、起泡、脱皮或出现破损""]","[""高温表面可造成犬脚垫不适、热损伤和全身热应激"",""人工草坪和硬质地面在炎热环境中可能达到较高表面温度"",""起泡、脱皮和无法负重提示需要尽快就医""]","[""是否同时剧烈喘气、呕吐、站不稳或意识异常？"",""脚垫是否起泡、破溃、出血或表皮脱落？"",""是否一只脚还是多只脚受影响？""]",立即离开热表面并进入阴凉处，避免继续行走；不要把冰块直接敷在脚垫，也不要涂抹人用烫伤膏。仅轻微不适且皮肤完整时可短暂休息观察；出现可见损伤或跛行持续时尽快就医。,"[""剧烈喘气、呕吐、步态不稳或意识异常"",""脚垫起泡、脱皮、破溃或出血"",""无法负重或疼痛明显"",""多只脚同时受伤或损伤范围扩大""]",高温地面导致犬脚垫不适或烫伤；夏天遛狗脚垫烫伤；狗走完热地面一直舔脚；狗脚垫起泡怎么办；柏油路太热狗不肯走；接触热地面后突然跛行、频繁舔脚或拒绝行走；脚垫可能发红、起泡、脱皮或出现破损；高温表面可造成犬脚垫不适、热损伤和全身热应激；人工草坪和硬质地面在炎热环境中可能达到较高表面温度；起泡、脱皮和无法负重提示需要尽快就医；剧烈喘气、呕吐、步态不稳或意识异常；脚垫起泡、脱皮、破溃或出血；无法负重或疼痛明显；多只脚同时受伤或损伤范围扩大。,"[{""source_id"":""PMC13360197"",""title"":""Evaluating Dog Preference Between Artificial and Natural Turf Grasses"",""url"":""https://pmc.ncbi.nlm.nih.gov/articles/PMC13360197/"",""license"":""CC BY 4.0"",""page_or_section"":""Abstract and relevant results/discussion"",""verification_status"":""source_identity_license_and_locator_verified_2026-08-17; veterinary_claim_review_pending"",""support_note"":""中文内容为保守概括；仅用于健康教育和分诊边界，不代表个体诊断。"",""change_note"":""已核对来源身份、商业许可和主题相关性；未逐字复制。""}]",Only verified CC BY/CC0 evidence is retained; attribution and change notices are mandatory.,true,new_daily_life_card_v1_8,blocked_pending_mainland_China_licensed_veterinarian_review,true,test,false,ab7b4b64549fc80d99f6393f20f56aa899d56e79a849f84afbb093a14053b84b
V18-CAT-BEH-001,1.8.0-open-mvp-retrieval-and-safety-repair-draft,zh-CN,猫啃咬或吞食塑料、布料和线绳,"[""cat""]",behavior,simple_owner_question,用于常见日常问题的家庭观察、风险识别和就医时机判断；不替代兽医诊断，不提供药物或剂量。,"[""猫为什么爱吃塑料袋"",""猫把布料咬下来吃了"",""猫总咬线绳怎么办"",""猫异食癖怎么处理""]","[""反复啃咬或吞食塑料、布料、鞋带、线绳等非食物"",""可能在幼猫或青年猫阶段开始""]","[""猫异食行为常涉及塑料、织物和线状物"",""异食可能与行为、环境或医学因素相关，不能只靠惩罚处理"",""线状异物可造成严重消化道损伤""]","[""猫是在咬还是确实吞下，吞下了什么和多少？"",""是否伴呕吐、食欲下降、腹痛或排便减少？"",""行为出现多久，近期环境或健康有无变化？""]",立即收好塑料袋、线绳、橡皮筋和容易撕下的布料，增加安全玩耍与觅食活动，不训斥或体罚。反复异食应安排健康和行为评估；若线从口腔或肛门露出，绝对不要拉扯。,"[""吞食线、绳、针或尖锐物"",""线从口腔或肛门露出"",""反复呕吐、腹痛、拒食或无排便"",""明显虚弱、脱水或腹部胀大""]",猫啃咬或吞食塑料、布料和线绳；猫为什么爱吃塑料袋；猫把布料咬下来吃了；猫总咬线绳怎么办；猫异食癖怎么处理；反复啃咬或吞食塑料、布料、鞋带、线绳等非食物；可能在幼猫或青年猫阶段开始；猫异食行为常涉及塑料、织物和线状物；异食可能与行为、环境或医学因素相关，不能只靠惩罚处理；线状异物可造成严重消化道损伤；吞食线、绳、针或尖锐物；线从口腔或肛门露出；反复呕吐、腹痛、拒食或无排便；明显虚弱、脱水或腹部胀大。,"[{""source_id"":""PMC8070519"",""title"":""Owner-Reported Pica in Domestic Cats Enrolled onto a Birth Cohort Study"",""url"":""https://pmc.ncbi.nlm.nih.gov/articles/PMC8070519/"",""license"":""CC BY 4.0"",""page_or_section"":""Abstract and relevant results/discussion"",""verification_status"":""source_identity_license_and_locator_verified_2026-08-17; veterinary_claim_review_pending"",""support_note"":""中文内容为保守概括；仅用于健康教育和分诊边界，不代表个体诊断。"",""change_note"":""已核对来源身份、商业许可和主题相关性；未逐字复制。""}]",Only verified CC BY/CC0 evidence is retained; attribution and change notices are mandatory.,true,new_daily_life_card_v1_8,blocked_pending_mainland_China_licensed_veterinarian_review,true,test,false,2184e9358a9fedca97ee80faacf8822cb3d2a5f2df74b6d34b9706672a60bb3a
V18-CAT-GI-001,1.8.0-open-mvp-retrieval-and-safety-repair-draft,zh-CN,猫吐毛球与频繁呕吐的区别,"[""cat""]",gastrointestinal,simple_owner_question,用于常见日常问题的家庭观察、风险识别和就医时机判断；不替代兽医诊断，不提供药物或剂量。,"[""猫多久吐一次毛球算正常"",""猫一直干呕却没有毛球"",""猫吐毛球后不吃东西"",""猫频繁吐毛是不是有问题""]","[""呕吐物中可见成团毛发"",""也可能只有干呕、咳样动作或反复吐液体""]","[""猫梳理时会吞入毛发，部分毛发可形成毛团"",""频繁呕吐或持续无产出的干呕不应一概当作正常毛球"",""较大的毛团可能导致消化道梗阻""]","[""最近一周呕吐或干呕几次，是否真的看到毛团？"",""是否同时拒食、便秘、腹痛或体重下降？"",""动作更像腹部用力呕吐还是咳嗽、呼吸异常？""]",记录频率并拍摄视频，规律梳毛以减少吞毛；不要自行长期使用化毛产品或人用泻药。偶发吐出毛团且状态完全正常时可观察；频率增加、没有毛团或伴全身症状时就医检查。,"[""反复干呕但吐不出并逐渐虚弱"",""持续呕吐、无法饮水或明显腹痛"",""超过24小时明显不吃"",""呼吸费力、张口呼吸或牙龈颜色异常""]",猫吐毛球与频繁呕吐的区别；猫多久吐一次毛球算正常；猫一直干呕却没有毛球；猫吐毛球后不吃东西；猫频繁吐毛是不是有问题；呕吐物中可见成团毛发；也可能只有干呕、咳样动作或反复吐液体；猫梳理时会吞入毛发，部分毛发可形成毛团；频繁呕吐或持续无产出的干呕不应一概当作正常毛球；较大的毛团可能导致消化道梗阻；反复干呕但吐不出并逐渐虚弱；持续呕吐、无法饮水或明显腹痛；超过24小时明显不吃；呼吸费力、张口呼吸或牙龈颜色异常。,"[{""source_id"":""PMC4473147"",""title"":""Sugarcane fibre may prevents hairball formation in cats"",""url"":""https://pmc.ncbi.nlm.nih.gov/articles/PMC4473147/"",""license"":""CC BY 3.0"",""page_or_section"":""Introduction and study results"",""verification_status"":""source_identity_license_and_locator_verified_2026-08-17; veterinary_claim_review_pending"",""support_note"":""中文内容为保守概括；仅用于健康教育和分诊边界，不代表个体诊断。"",""change_note"":""已核对来源身份、商业许可和主题相关性；未逐字复制。""}]",Only verified CC BY/CC0 evidence is retained; attribution and change notices are mandatory.,true,new_daily_life_card_v1_8,blocked_pending_mainland_China_licensed_veterinarian_review,true,test,false,948fd9086d85e947ef0b3316124a9cdbc4347d8f74236b249f8fc490edc634a9
V18-CAT-BEH-002,1.8.0-open-mvp-retrieval-and-safety-repair-draft,zh-CN,猫抓沙发和家具,"[""cat""]",behavior,simple_owner_question,用于常见日常问题的家庭观察、风险识别和就医时机判断；不替代兽医诊断，不提供药物或剂量。,"[""猫一直抓沙发怎么办"",""怎么让猫用猫抓板"",""猫抓家具是不是故意捣乱"",""猫抓柱应该放哪里""]","[""在家具、墙角或门边反复抓挠并留下抓痕"",""抓挠前后可能伸展身体或留下气味标记""]","[""抓挠是猫的正常行为，不代表报复"",""抓挠位置受抓挠物类型、位置和环境因素影响"",""惩罚可能增加压力，提供合适替代物更有利于管理""]","[""猫偏好竖直还是水平表面，常抓哪个位置？"",""现有抓板是否稳定、足够长并靠近常抓区域？"",""是否伴突然焦虑、过度舔毛或攻击行为？""]",在常抓位置旁放置稳定、足够长的竖直抓柱或水平抓板，并用奖励鼓励使用；暂时保护家具表面，不喷水、不打骂，也不以去爪作为解决方式。,"[""抓挠伴爪部出血、肿胀或无法负重"",""突然出现明显行为改变或无法安抚的攻击"",""抓挠同时持续舔咬身体造成破皮"",""疑似疼痛、发热或精神食欲下降""]",猫抓沙发和家具；猫一直抓沙发怎么办；怎么让猫用猫抓板；猫抓家具是不是故意捣乱；猫抓柱应该放哪里；在家具、墙角或门边反复抓挠并留下抓痕；抓挠前后可能伸展身体或留下气味标记；抓挠是猫的正常行为，不代表报复；抓挠位置受抓挠物类型、位置和环境因素影响；惩罚可能增加压力，提供合适替代物更有利于管理；抓挠伴爪部出血、肿胀或无法负重；突然出现明显行为改变或无法安抚的攻击；抓挠同时持续舔咬身体造成破皮；疑似疼痛、发热或精神食欲下降。,"[{""source_id"":""PMC11251885"",""title"":""Evaluating undesired scratching in domestic cats: a multifactorial approach to understand risk factors"",""url"":""https://pmc.ncbi.nlm.nih.gov/articles/PMC11251885/"",""license"":""CC BY 4.0"",""page_or_section"":""Abstract and relevant results/discussion"",""verification_status"":""source_identity_license_and_locator_verified_2026-08-17; veterinary_claim_review_pending"",""support_note"":""中文内容为保守概括；仅用于健康教育和分诊边界，不代表个体诊断。"",""change_note"":""已核对来源身份、商业许可和主题相关性；未逐字复制。""}]",Only verified CC BY/CC0 evidence is retained; attribution and change notices are mandatory.,true,new_daily_life_card_v1_8,blocked_pending_mainland_China_licensed_veterinarian_review,true,test,false,a4e668ca4e70422d21a88eee19c8ca0bcf6e48aaae1dfbeb0492407c795ec83f
V18-CAT-BEH-003,1.8.0-open-mvp-retrieval-and-safety-repair-draft,zh-CN,更换猫砂后拒绝使用猫砂盆,"[""cat""]",behavior,simple_owner_question,用于常见日常问题的家庭观察、风险识别和就医时机判断；不替代兽医诊断，不提供药物或剂量。,"[""换猫砂后猫乱尿"",""猫不喜欢新猫砂怎么办"",""猫突然不进猫砂盆"",""怎么给猫逐渐换猫砂""]","[""换砂或换盆后在盆外排尿排便"",""靠近猫砂盆但犹豫、快速离开或只使用旧砂""]","[""猫砂材质、猫砂盆位置和清洁管理会影响猫的使用"",""突然盆外排泄首先需要排除泌尿、胃肠道和疼痛问题"",""逐步过渡比一次全部更换更容易观察偏好""]","[""是排尿、排便还是两者都在盆外？"",""是否频繁蹲盆、只尿几滴、尿血或排尿叫喊？"",""最近是否更换猫砂、猫砂盆位置或家中成员？""]",保留一个原有猫砂盆，同时增加装有新砂的独立猫砂盆，让猫自行选择；保持猫砂盆安静、易到达和清洁，不把猫强行关在盆内。若突然出现或伴排尿异常，应先就医排查。,"[""反复蹲尿但无尿或只有几滴"",""尿血、排尿惨叫或频繁舔生殖区"",""呕吐、虚弱或腹部疼痛"",""超过24小时明显不吃或精神快速变差""]",更换猫砂后拒绝使用猫砂盆；换猫砂后猫乱尿；猫不喜欢新猫砂怎么办；猫突然不进猫砂盆；怎么给猫逐渐换猫砂；换砂或换盆后在盆外排尿排便；靠近猫砂盆但犹豫、快速离开或只使用旧砂；猫砂材质、猫砂盆位置和清洁管理会影响猫的使用；突然盆外排泄首先需要排除泌尿、胃肠道和疼痛问题；逐步过渡比一次全部更换更容易观察偏好；反复蹲尿但无尿或只有几滴；尿血、排尿惨叫或频繁舔生殖区；呕吐、虚弱或腹部疼痛；超过24小时明显不吃或精神快速变差。,"[{""source_id"":""PMC10376366"",""title"":""Litter Management Practices and House-Soiling in Italian Cats"",""url"":""https://pmc.ncbi.nlm.nih.gov/articles/PMC10376366/"",""license"":""CC BY 4.0"",""page_or_section"":""Abstract and relevant results/discussion"",""verification_status"":""source_identity_license_and_locator_verified_2026-08-17; veterinary_claim_review_pending"",""support_note"":""中文内容为保守概括；仅用于健康教育和分诊边界，不代表个体诊断。"",""change_note"":""已核对来源身份、商业许可和主题相关性；未逐字复制。""}]",Only verified CC BY/CC0 evidence is retained; attribution and change notices are mandatory.,true,new_daily_life_card_v1_8,blocked_pending_mainland_China_licensed_veterinarian_review,true,test,false,e9d1cdfe1a41df60ab33b5554c9f2e887e3572dec1037cc3d6270a6b589f82a8
V18-CAT-BEH-004,1.8.0-open-mvp-retrieval-and-safety-repair-draft,zh-CN,猫喷尿标记与正常排尿怎么区分,"[""cat""]",behavior,simple_owner_question,用于常见日常问题的家庭观察、风险识别和就医时机判断；不替代兽医诊断，不提供药物或剂量。,"[""猫对着墙喷尿"",""猫翘尾巴尿一点点"",""猫是在标记还是尿不出来"",""绝育猫也会喷尿吗""]","[""站立、尾巴抬高或抖动，在竖直表面留下少量尿液"",""也可能蹲下在水平表面排出较大尿团""]","[""喷尿标记和猫砂盆外排尿的姿势、尿量和位置往往不同"",""应激和环境变化可参与标记行为"",""疼痛和下泌尿道疾病也可表现为异常排尿，不能仅凭位置判断""]","[""排尿时是站立喷向墙面，还是蹲下形成尿团？"",""是否频繁进出猫砂盆、疼痛、尿血或只滴尿？"",""近期是否有新猫、搬家、访客或资源冲突？""]",先记录姿势、位置和尿量并拍视频，清洁气味但不要惩罚；增加分散的猫砂盆、水碗、躲藏处和高处资源。任何新发异常排尿都建议进行尿液和身体检查。,"[""反复用力但没有尿或只有几滴"",""尿血、排尿疼痛或腹部触碰疼痛"",""呕吐、虚弱或意识下降"",""公猫排尿明显减少或无法确认有正常尿团""]",猫喷尿标记与正常排尿怎么区分；猫对着墙喷尿；猫翘尾巴尿一点点；猫是在标记还是尿不出来；绝育猫也会喷尿吗；站立、尾巴抬高或抖动，在竖直表面留下少量尿液；也可能蹲下在水平表面排出较大尿团；喷尿标记和猫砂盆外排尿的姿势、尿量和位置往往不同；应激和环境变化可参与标记行为；疼痛和下泌尿道疾病也可表现为异常排尿，不能仅凭位置判断；反复用力但没有尿或只有几滴；尿血、排尿疼痛或腹部触碰疼痛；呕吐、虚弱或意识下降；公猫排尿明显减少或无法确认有正常尿团。,"[{""source_id"":""PMC10376366"",""title"":""Litter Management Practices and House-Soiling in Italian Cats"",""url"":""https://pmc.ncbi.nlm.nih.gov/articles/PMC10376366/"",""license"":""CC BY 4.0"",""page_or_section"":""Abstract and relevant results/discussion"",""verification_status"":""source_identity_license_and_locator_verified_2026-08-17; veterinary_claim_review_pending"",""support_note"":""中文内容为保守概括；仅用于健康教育和分诊边界，不代表个体诊断。"",""change_note"":""已核对来源身份、商业许可和主题相关性；未逐字复制。""}]",Only verified CC BY/CC0 evidence is retained; attribution and change notices are mandatory.,true,new_daily_life_card_v1_8,blocked_pending_mainland_China_licensed_veterinarian_review,true,test,false,2cec99a054c89f1e0ef948385f58cb346a5e0a5e8a88770ac4376d597cea8ade
V18-CAT-BEH-005,1.8.0-open-mvp-retrieval-and-safety-repair-draft,zh-CN,猫害怕航空箱和乘车,"[""cat""]",behavior,simple_owner_question,用于常见日常问题的家庭观察、风险识别和就医时机判断；不替代兽医诊断，不提供药物或剂量。,"[""猫一进航空箱就叫"",""猫坐车一直喘气"",""怎么让猫不怕猫包"",""带猫去医院怎么减少应激""]","[""看到航空箱就躲藏、挣扎、叫喊或攻击"",""运输途中流涎、喘气、排泄或持续撞箱""]","[""陌生环境、缺乏可预测性和强制抓取会增加猫的恐惧"",""在非出行时进行渐进式正向适应有助于减少压力"",""严重运输恐惧可能需要兽医制定个体方案""]","[""是看到航空箱就害怕，还是车辆启动后才出现？"",""是否张口呼吸、持续撞击或无法恢复？"",""航空箱能否长期放在家中并让猫自由进出？""]",平时把航空箱作为开放的休息处，放入熟悉垫布并在附近给予零食或玩耍，逐步练习短时关门和短距离移动；不要临出门才追抓。运输时固定航空箱、减少晃动和噪声。,"[""张口呼吸或持续呼吸费力"",""牙龈或舌头发蓝发灰"",""持续猛烈撞箱造成出血或外伤"",""倒地、抽搐或意识异常""]",猫害怕航空箱和乘车；猫一进航空箱就叫；猫坐车一直喘气；怎么让猫不怕猫包；带猫去医院怎么减少应激；看到航空箱就躲藏、挣扎、叫喊或攻击；运输途中流涎、喘气、排泄或持续撞箱；陌生环境、缺乏可预测性和强制抓取会增加猫的恐惧；在非出行时进行渐进式正向适应有助于减少压力；严重运输恐惧可能需要兽医制定个体方案；张口呼吸或持续呼吸费力；牙龈或舌头发蓝发灰；持续猛烈撞箱造成出血或外伤；倒地、抽搐或意识异常。,"[{""source_id"":""PMC7826566"",""title"":""A Review on Mitigating Fear and Aggression in Dogs and Cats in a Veterinary Setting"",""url"":""https://pmc.ncbi.nlm.nih.gov/articles/PMC7826566/"",""license"":""CC BY 4.0"",""page_or_section"":""Sections on preparation, transport and low-stress handling"",""verification_status"":""source_identity_license_and_locator_verified_2026-08-17; veterinary_claim_review_pending"",""support_note"":""中文内容为保守概括；仅用于健康教育和分诊边界，不代表个体诊断。"",""change_note"":""已核对来源身份、商业许可和主题相关性；未逐字复制。""}]",Only verified CC BY/CC0 evidence is retained; attribution and change notices are mandatory.,true,new_daily_life_card_v1_8,blocked_pending_mainland_China_licensed_veterinarian_review,true,test,false,21b0e462a215af69a913de69757c2a90a727f823eb2f76959217e83385319d71
V18-CAT-NUT-001,1.8.0-open-mvp-retrieval-and-safety-repair-draft,zh-CN,猫吃草或啃咬家中植物,"[""cat""]",nutrition,simple_owner_question,用于常见日常问题的家庭观察、风险识别和就医时机判断；不替代兽医诊断，不提供药物或剂量。,"[""猫为什么喜欢吃草"",""猫吃完草吐了正常吗"",""猫总咬家里绿植"",""猫吃植物是不是肚子不舒服""]","[""主动啃咬草叶或家中植物"",""部分猫吃植物后并不会出现呕吐""]","[""植物摄食在猫中并不少见，并不一定表示生病或为了催吐"",""不同植物的毒性差异很大，仅凭猫以前吃过没事不能判断安全"",""百合等特定植物暴露属于急症""]","[""吃的具体是什么植物，能否拍下全株和标签？"",""是否接触百合、花粉、花瓶水或喷洒过药剂的植物？"",""是否出现流涎、呕吐、虚弱或呼吸异常？""]",先确认植物种类并把未知或有毒植物移出接触范围，避免接触肥料和杀虫剂；不要主动催吐。明确百合暴露或植物不明且出现症状时立即联系宠物急诊。,"[""任何百合花、花粉或花瓶水暴露"",""反复呕吐、流涎、虚弱或震颤"",""呼吸困难、抽搐或意识异常"",""植物种类不明且摄入量较多""]",猫吃草或啃咬家中植物；猫为什么喜欢吃草；猫吃完草吐了正常吗；猫总咬家里绿植；猫吃植物是不是肚子不舒服；主动啃咬草叶或家中植物；部分猫吃植物后并不会出现呕吐；植物摄食在猫中并不少见，并不一定表示生病或为了催吐；不同植物的毒性差异很大，仅凭猫以前吃过没事不能判断安全；百合等特定植物暴露属于急症；任何百合花、花粉或花瓶水暴露；反复呕吐、流涎、虚弱或震颤；呼吸困难、抽搐或意识异常；植物种类不明且摄入量较多。,"[{""source_id"":""PMC8300339"",""title"":""Characteristics of Plant Eating in Domestic Cats"",""url"":""https://pmc.ncbi.nlm.nih.gov/articles/PMC8300339/"",""license"":""CC BY 4.0"",""page_or_section"":""Abstract and relevant results/discussion"",""verification_status"":""source_identity_license_and_locator_verified_2026-08-17; veterinary_claim_review_pending"",""support_note"":""中文内容为保守概括；仅用于健康教育和分诊边界，不代表个体诊断。"",""change_note"":""已核对来源身份、商业许可和主题相关性；未逐字复制。""}]",Only verified CC BY/CC0 evidence is retained; attribution and change notices are mandatory.,true,new_daily_life_card_v1_8,blocked_pending_mainland_China_licensed_veterinarian_review,true,test,false,170a51a2f7c40bf6689eabad705ee92c4789ad6e951d8cd3886c542c8ad296eb
V18-CAT-BEH-006,1.8.0-open-mvp-retrieval-and-safety-repair-draft,zh-CN,猫玩耍时扑咬人的手脚,"[""cat""]",behavior,simple_owner_question,用于常见日常问题的家庭观察、风险识别和就医时机判断；不替代兽医诊断，不提供药物或剂量。,"[""猫突然扑脚咬人"",""逗猫时猫越玩越凶"",""小猫把手当玩具"",""猫玩耍咬人怎么纠正""]","[""潜伏后扑向移动的手脚、抱住并后腿踢蹬"",""常在活动高峰或长时间缺少互动后出现""]","[""追逐、扑咬是猫玩耍和捕猎行为的一部分"",""规律、合适的互动玩耍与更好的猫福利和人猫关系相关"",""突然出现或触碰特定部位时攻击需要排查疼痛""]","[""扑咬只发生在玩耍时，还是触碰身体也会发生？"",""每天是否有使用玩具的互动和独立活动机会？"",""是否伴跛行、躲藏、食欲下降或其他行为突变？""]",不要用手脚直接逗猫，也不要打骂或喷水。使用有距离的逗猫棒等玩具进行短时、规律互动，在猫过度兴奋前结束并让其获得玩具；保护儿童并避免无监督接触。突然加重或伴疼痛表现时就医。,"[""造成深部咬伤或无法安全隔离儿童"",""突然出现无法解释的严重攻击"",""伴疼痛、跛行、精神食欲下降"",""攻击同时出现意识异常或神经症状""]",猫玩耍时扑咬人的手脚；猫突然扑脚咬人；逗猫时猫越玩越凶；小猫把手当玩具；猫玩耍咬人怎么纠正；潜伏后扑向移动的手脚、抱住并后腿踢蹬；常在活动高峰或长时间缺少互动后出现；追逐、扑咬是猫玩耍和捕猎行为的一部分；规律、合适的互动玩耍与更好的猫福利和人猫关系相关；突然出现或触碰特定部位时攻击需要排查疼痛；造成深部咬伤或无法安全隔离儿童；突然出现无法解释的严重攻击；伴疼痛、跛行、精神食欲下降；攻击同时出现意识异常或神经症状。,"[{""source_id"":""PMC10936385"",""title"":""Cats just want to have fun: Associations between play and welfare in domestic cats"",""url"":""https://pmc.ncbi.nlm.nih.gov/articles/PMC10936385/"",""license"":""CC BY 4.0"",""page_or_section"":""Abstract and welfare association results"",""verification_status"":""source_identity_license_and_locator_verified_2026-08-17; veterinary_claim_review_pending"",""support_note"":""中文内容为保守概括；仅用于健康教育和分诊边界，不代表个体诊断。"",""change_note"":""已核对来源身份、商业许可和主题相关性；未逐字复制。""}]",Only verified CC BY/CC0 evidence is retained; attribution and change notices are mandatory.,true,new_daily_life_card_v1_8,blocked_pending_mainland_China_licensed_veterinarian_review,true,test,false,eb807ba5f34564faae95a156f1a10c7fed08d6a4f48ce5dbb87d5996530d7670
